id,first_name,last_name,email,gender,Age,Number of Orders_1,Value of Orders_1,Weekend Orders_1,Number of Orders_2,Value of Orders_2,Weekend Orders_2,Number of Orders_3,Value of Orders_3,Weekend Orders_3,Offers Availed,Location,Location Importance
1,Ilse,Grimble,igrimble0@bigcartel.com,Female,18,46,6992,0.5,2,3819,0,37,3071,0.7,0.8,560007,2
2,Thadeus,Le land,tleland1@usnews.com,Male,59,10,4246,0.7,20,9293,1,26,4713,0.1,0,560002,2
3,Trstram,Lum,tlum2@soundcloud.com,Male,74,4,894,1,13,7965,0.4,9,7234,0.5,0.3,560006,1
4,Sayres,Beamont,sbeamont3@webmd.com,Male,40,48,2088,0.4,18,8688,0.5,34,1188,0.4,0.1,560000,1
5,Odessa,Maruska,omaruska4@technorati.com,Female,54,49,1201,0.5,2,6840,0.9,27,2788,0.5,0.2,560009,1
6,Karel,Marham,kmarham5@businessinsider.com,Female,70,45,1779,0.9,15,8147,0.7,8,9384,0.1,0,560010,1
7,Bartholomew,Claye,bclaye6@wordpress.org,Male,53,8,6255,0.8,34,6536,0.4,2,9281,0.3,0.4,560009,1
8,Zilvia,Branston,zbranston7@netlog.com,Female,30,5,4697,0.3,14,1081,0.1,30,233,0.2,0.3,560002,1
9,Marcello,Hearn,mhearn8@last.fm,Male,63,21,7132,0.6,48,981,0.7,33,8889,0.7,1,560002,2
10,Brigid,Cornall,bcornall9@printfriendly.com,Female,43,23,6639,0.8,27,9621,0.5,46,3066,0.9,0.2,560010,2
11,Georgy,Sarfat,gsarfata@bluehost.com,Male,94,1,4053,0.8,12,5939,1,9,7082,0.2,0.9,560006,1
12,Vincenty,Hedgeman,vhedgemanb@comcast.net,Male,55,0,2850,0.9,12,4208,0.6,43,3073,0.4,0.3,560001,1
13,Noelyn,Trudgion,ntrudgionc@4shared.com,Female,95,4,9172,0.9,15,6409,0.6,24,4442,0.1,0.3,560006,1
14,Ellwood,Alcide,ealcided@1und1.de,Male,66,32,7927,0.3,24,6459,0,33,1252,0.7,0,560004,2
15,Sallyanne,Farnill,sfarnille@is.gd,Female,70,4,2773,1,38,6325,0.8,50,1652,0.7,0.5,560002,2
16,Itch,Ottewell,iottewellf@thetimes.co.uk,Male,66,19,962,0.3,47,3134,0.2,18,4368,0.6,0.3,560005,1
17,Aristotle,Belson,abelsong@facebook.com,Male,33,43,8944,0.8,10,78,0.2,34,8067,0.2,0.2,560005,3
18,Michelle,Giorgio,mgiorgioh@amazonaws.com,Female,87,47,1985,0.9,14,3405,0.3,10,7469,0.2,0.5,560006,1
19,Joseph,Shea,jsheai@bloglines.com,Male,29,28,431,0.6,47,3454,0.8,8,2925,0.3,0.1,560008,1
20,Chrissie,Foort,cfoortj@studiopress.com,Male,52,33,1823,0.1,12,4377,0.2,4,3894,0.3,1,560001,1
21,Osborn,McDonell,omcdonellk@wordpress.com,Male,57,42,8176,0.8,28,4951,0.1,42,933,0.3,0.5,560002,2
22,Jock,Gutans,jgutansl@163.com,Male,70,31,5148,0.5,25,1469,0.1,21,9643,0.6,0.5,560002,2
23,Ashby,MacKall,amackallm@ox.ac.uk,Male,28,49,7649,1,36,1445,0.7,2,2109,0.4,0.1,560007,2
24,Tiffani,Satyford,tsatyfordn@creativecommons.org,Female,22,16,2637,0.5,45,1920,0.2,44,1738,0.5,0.4,560008,1
25,Germana,Kellogg,gkelloggo@networksolutions.com,Female,65,50,4018,0.4,47,8354,0.5,22,6848,0.9,0.6,560003,3
26,Giustina,Brownlow,gbrownlowp@sina.com.cn,Female,53,6,1290,0.7,5,391,0.3,26,8522,0.9,0.2,560008,1
27,Lawry,Clipsham,lclipshamq@baidu.com,Male,43,14,5391,0.8,18,8760,0.7,1,570,0.8,0.3,560000,1
28,Celestia,Ousby,cousbyr@123-reg.co.uk,Female,91,28,6751,0.4,41,1523,0.7,28,8954,0.6,0.2,560005,2
29,Natka,Schofield,nschofields@usgs.gov,Female,49,6,7604,0.7,26,9279,0.5,28,632,0.2,0.7,560010,1
30,Reynolds,Ranson,rransont@icio.us,Male,66,10,7533,0.4,18,52,0,48,3789,0.1,0.1,560007,1
31,Nichole,Tamsett,ntamsettu@goo.gl,Male,25,50,2039,0.8,32,9624,0.3,3,1811,0.2,0.7,560004,2
32,Sallyann,Dozdill,sdozdillv@washingtonpost.com,Female,87,42,3204,0.3,32,5280,0.1,27,7661,0.8,0.3,560008,2
33,Izaak,Scudders,iscuddersw@wordpress.org,Male,98,46,3376,0.4,36,5603,0.3,20,1405,0.2,1,560000,2
34,Charlean,Boath,cboathx@domainmarket.com,Female,67,43,406,0.1,34,4991,0.6,45,5673,0.9,0.9,560004,2
35,Carline,Whittlesey,cwhittleseyy@epa.gov,Female,82,21,3842,0.9,12,6430,0.7,45,8227,0.1,0.8,560005,2
36,Matthiew,Temlett,mtemlettz@plala.or.jp,Male,46,20,4640,0,28,8016,0,29,7323,0.5,1,560009,2
37,Tanner,Meekins,tmeekins10@apple.com,Male,78,2,4447,0.5,2,9649,0.5,17,4222,0.8,0.7,560002,1
38,Shandee,McGoogan,smcgoogan11@cloudflare.com,Female,79,50,6122,1,31,9345,0.6,7,7983,0.6,0.6,560004,3
39,Konrad,Hyde,khyde12@is.gd,Male,65,28,158,0.3,36,5546,0.7,38,2929,0.8,0.2,560002,1
40,Patton,Urch,purch13@berkeley.edu,Male,57,43,7364,0.1,37,8347,0.3,46,3159,0.1,0.3,560006,3
41,Rosalind,Goss,rgoss14@wp.com,Female,40,45,5693,0.6,14,9508,0.8,37,4692,0.9,1,560008,2
42,Evita,Mumford,emumford15@blinklist.com,Female,57,27,5209,0.9,38,6789,0.9,5,6771,0.8,0.6,560004,2
43,Mike,Gasquoine,mgasquoine16@sphinn.com,Male,66,30,8263,0.3,29,845,0.5,37,9780,0,0.8,560005,3
44,Lyell,Nelius,lnelius17@smh.com.au,Male,39,27,2554,0.9,40,8106,0.6,7,139,0.5,0.7,560004,2
45,Lamont,Kidgell,lkidgell18@vkontakte.ru,Male,27,36,2469,0.3,33,3228,0.9,29,6907,0.2,0.3,560000,2
46,Trumann,McGowing,tmcgowing19@pen.io,Male,80,5,9171,0.6,8,9824,0,3,6478,0.2,0.1,560009,1
47,Lottie,Colegrove,lcolegrove1a@godaddy.com,Female,62,29,4804,0.9,24,1077,0.9,48,1808,0.6,0.1,560004,1
48,Martina,Brayshaw,mbrayshaw1b@smh.com.au,Female,88,40,2406,0.2,44,6485,0.5,43,9674,0.8,0.6,560007,3
49,Codie,Robers,crobers1c@booking.com,Male,37,0,7055,0.5,39,4854,0.1,25,1619,0.1,0.8,560000,1
50,Sauncho,Jesteco,sjesteco1d@imdb.com,Male,51,18,8202,0.6,22,6241,0.1,43,4719,0.4,0.3,560006,2
51,Rozanne,Verrick,rverrick1e@baidu.com,Female,21,0,7212,0.3,20,8929,0.3,13,5231,0.5,0.7,560007,1
52,Miner,Labbe,mlabbe1f@skyrock.com,Male,56,44,1297,0.6,16,907,0.4,44,8932,0.4,0.7,560000,2
53,Ade,O'Clery,aoclery1g@apple.com,Male,93,37,3194,1,15,7388,0.6,13,7811,0.1,0.3,560001,2
54,Osborn,Portwaine,oportwaine1h@youtube.com,Male,35,44,692,0.2,13,1772,0.9,16,6132,0.8,0.3,560000,1
55,Lonee,McCorkindale,lmccorkindale1i@51.la,Female,77,4,2588,0.9,29,4382,0.9,12,4404,0.2,0.4,560010,1
56,Carlee,Cottrill,ccottrill1j@youtube.com,Female,42,44,8505,0.3,20,4952,0.8,49,5733,0.6,0.5,560010,3
57,Townsend,Ewles,tewles1k@sfgate.com,Male,35,35,6807,0.5,50,8222,0.3,34,6708,0.9,0.1,560002,3
58,Corbet,Doogue,cdoogue1l@java.com,Male,93,15,2105,0.5,24,8009,0.3,6,4605,0.2,0.2,560000,1
59,Eldridge,Chaize,echaize1m@nydailynews.com,Male,95,21,4802,0.6,18,9489,0.4,33,9922,0.3,0.3,560008,2
60,Odey,Grimoldby,ogrimoldby1n@facebook.com,Male,30,47,9542,0.7,32,5872,0.4,14,8715,0.9,0.5,560003,3
61,Enrica,Lammiman,elammiman1o@webmd.com,Female,34,40,6227,0.2,49,5483,0.9,25,1670,0.5,0.8,560000,2
62,Phoebe,Klulisek,pklulisek1p@senate.gov,Female,76,46,9182,0,18,4932,0.5,20,7701,0.5,0.1,560009,3
63,Trescha,Itter,titter1q@yahoo.co.jp,Female,35,34,5374,0.9,14,7228,0.6,22,5722,0.2,0.5,560007,2
64,Sallyann,McQuirk,smcquirk1r@nymag.com,Female,72,35,3394,0.3,24,359,0.1,13,5028,0.5,0.2,560009,1
65,Engracia,Leslie,eleslie1s@yahoo.com,Female,51,42,3482,0.5,3,2229,0.3,31,7299,0.1,0.7,560006,2
66,Traci,Merveille,tmerveille1t@si.edu,Female,64,38,1487,1,29,9637,0.1,37,1005,0.7,1,560000,2
67,Sterling,Warne,swarne1u@technorati.com,Male,18,44,2226,0.3,47,4681,0.6,9,8446,1,0.2,560003,2
68,Jonah,McEniry,jmceniry1v@illinois.edu,Male,20,19,3562,0.9,16,318,0.6,20,245,0.3,0.7,560002,1
69,Grissel,Standbrook,gstandbrook1w@ebay.co.uk,Female,36,25,8913,0.7,50,9123,0.8,22,9368,0.2,0.4,560010,3
70,Riordan,Gricks,rgricks1x@typepad.com,Male,64,31,8433,1,35,6385,0.5,22,1193,0.2,0.3,560005,2
71,Gregory,Darnbrough,gdarnbrough1y@uol.com.br,Male,23,19,7402,0,31,6261,0.1,20,3934,0.8,0.9,560007,2
72,Wallis,Frazer,wfrazer1z@fc2.com,Female,65,35,4698,0.1,40,232,1,15,3554,0.7,0.3,560005,1
73,Randal,Kann,rkann20@yandex.ru,Male,38,43,291,0.5,21,272,0.4,40,5653,0,0.4,560003,1
74,Nev,Barnish,nbarnish21@sogou.com,Male,66,35,3745,0.3,18,8454,0.5,33,7459,0.9,0.6,560006,2
75,Becky,Vasilchenko,bvasilchenko22@canalblog.com,Female,67,49,513,0.3,28,8458,0.7,19,1386,0.2,0.6,560002,1
76,Gearard,Seamen,gseamen23@samsung.com,Male,43,18,8679,0.6,40,7405,0.8,17,7761,0.2,0.8,560004,2
77,Harwell,Roper,hroper24@squarespace.com,Male,95,13,5767,0.7,26,2126,0.3,33,9158,0.1,1,560005,2
78,Morris,De Mattei,mdemattei25@toplist.cz,Male,73,23,4564,0,30,7331,0.6,13,1868,1,0.5,560002,2
79,Arlyn,Frewer,afrewer26@dailymotion.com,Female,53,30,4286,0.9,46,72,0.3,8,1028,0.8,0.3,560010,1
80,Chauncey,Thirlaway,cthirlaway27@photobucket.com,Male,95,1,1862,0.7,50,6497,0.3,11,5780,0.8,0.9,560001,2
81,Ewart,Hawksley,ehawksley28@mashable.com,Male,53,25,2461,0.6,4,2005,0.5,4,5742,0.5,0.1,560005,1
82,Tanitansy,Newborn,tnewborn29@aol.com,Female,94,26,2546,0.7,27,2167,0.6,46,9802,0.1,0.3,560002,2
83,Andi,Zorzi,azorzi2a@purevolume.com,Female,25,0,8928,0.5,36,9553,1,23,6565,0.7,0.9,560005,2
84,Tonia,Cherrington,tcherrington2b@geocities.jp,Female,51,3,8969,0.2,25,9656,0,24,8334,0.1,0.1,560005,2
85,Dolorita,Hanselmann,dhanselmann2c@jalbum.net,Female,96,5,3523,0.1,30,6980,0.6,13,6219,0.3,0.3,560004,1
86,Farlie,Gyves,fgyves2d@howstuffworks.com,Male,68,9,9304,0.2,15,240,0.7,49,4073,0.5,0.5,560009,1
87,Svend,Constantine,sconstantine2e@jigsy.com,Male,70,18,9807,1,6,4044,0.3,28,7531,0.5,0.1,560002,2
88,Carola,Stabbins,cstabbins2f@taobao.com,Female,52,21,4140,0.5,11,9946,0.7,41,5035,0.7,0,560009,2
89,Fabiano,Bonicelli,fbonicelli2g@dropbox.com,Male,74,16,3590,1,17,2500,0.4,41,5866,0.1,0.2,560002,2
90,Vidovik,Bridgeman,vbridgeman2h@bbc.co.uk,Male,53,46,3394,0.8,16,3475,0.1,36,2835,0,0.4,560004,2
91,Lowe,MacFadyen,lmacfadyen2i@rambler.ru,Male,40,12,5691,0.8,1,1183,0.2,3,8036,0.9,1,560005,1
92,Debra,Bloss,dbloss2j@liveinternet.ru,Female,68,47,5870,0.8,23,6057,0.8,24,1567,0.4,0.2,560003,2
93,Hobart,Sutherby,hsutherby2k@soup.io,Male,65,8,2097,0.1,37,6270,0.1,28,663,0.1,0.4,560009,1
94,Gerry,Sindall,gsindall2l@addthis.com,Male,20,8,5497,0.7,16,3672,0.6,35,7630,0.8,0.1,560006,2
95,Jeanne,Wilden,jwilden2m@uol.com.br,Female,48,9,9578,0.6,22,7994,0.5,6,2794,0.1,0.4,560004,1
96,Weider,Mahody,wmahody2n@simplemachines.org,Male,29,24,7592,0.9,40,166,1,46,8382,0.1,0.9,560008,2
97,Hyatt,Martindale,hmartindale2o@goo.gl,Male,57,47,2024,0.6,43,512,0.1,40,6772,0.8,0.8,560008,2
98,Lebbie,Shepherdson,lshepherdson2p@washingtonpost.com,Female,60,1,2229,0.1,11,4517,0,28,3485,0.8,0.6,560009,1
99,Konstanze,Pepineaux,kpepineaux2q@meetup.com,Female,87,19,7748,0.9,34,2656,0.6,15,6143,0.2,0.5,560007,2
100,Leroy,Babbage,lbabbage2r@xrea.com,Male,26,19,4805,0,4,114,0.6,23,2842,0.5,0.6,560001,1
101,Corine,Ellerbeck,cellerbeck2s@fda.gov,Female,55,2,7537,0.6,10,1189,0.3,6,9472,0.2,0.3,560008,1
102,Thomasa,Maroney,tmaroney2t@gnu.org,Female,36,43,649,0.8,0,5031,0.4,2,6974,1,0.3,560009,1
103,Lilah,Whaymand,lwhaymand2u@miibeian.gov.cn,Female,77,2,7305,0.8,31,1466,0.8,13,7776,0.1,0.9,560000,1
104,Valeria,Garley,vgarley2v@cloudflare.com,Female,88,28,6471,0.1,8,2938,0.7,11,5788,0.3,0.1,560003,1
105,Sarene,Nottram,snottram2w@theglobeandmail.com,Female,52,0,5179,0.1,28,1941,0.9,34,5574,0.8,0.2,560002,1
106,Jessalin,Lindbergh,jlindbergh2x@cisco.com,Female,26,15,6131,0.6,34,8616,0.6,45,8731,0.6,1,560003,3
107,Gerta,Baldinotti,gbaldinotti2y@soup.io,Female,28,40,846,1,37,5045,0.8,4,2026,0.5,0.3,560000,1
108,Ninetta,Joriot,njoriot2z@infoseek.co.jp,Female,21,23,865,0.6,49,8731,0.8,13,8406,0.3,0.1,560001,2
109,Lucina,Bartos,lbartos30@hugedomains.com,Female,38,37,587,0.6,44,4850,0.6,48,5870,0.1,0.7,560000,2
110,Umberto,Gullick,ugullick31@ycombinator.com,Male,87,16,6936,0.2,35,2180,0.6,15,6140,0.5,0,560001,1
111,Lydie,Sleaford,lsleaford32@webmd.com,Female,59,12,5269,0.7,5,9675,0.9,32,8253,0.6,0,560006,2
112,Chalmers,Merrywether,cmerrywether33@woothemes.com,Male,46,35,550,0.9,16,7695,0.8,24,5884,0.7,0.4,560008,1
113,Rik,Lepope,rlepope34@dailymail.co.uk,Male,51,40,3436,1,42,8153,0.3,47,3850,0.6,0.5,560003,3
114,Xymenes,Birt,xbirt35@nydailynews.com,Male,88,4,9752,0.5,44,6049,0.8,41,754,0.3,0.1,560010,2
115,Seana,Wordsley,swordsley36@dyndns.org,Female,64,50,4679,0.7,45,7463,0,38,9071,0.7,0,560006,3
116,Andi,Bayless,abayless37@oakley.com,Female,90,26,7506,0.7,45,247,0.8,32,6354,0.5,0.7,560006,2
117,Darcy,Yankeev,dyankeev38@upenn.edu,Female,52,20,4315,0.5,23,7405,0.4,19,3438,0.3,0.2,560005,2
118,Teresita,Jury,tjury39@java.com,Female,86,19,3267,0.8,22,5810,0.5,19,3459,0.3,0.6,560003,1
119,Leicester,Gilbride,lgilbride3a@sciencedirect.com,Male,74,48,3274,0.9,18,9234,0.9,0,510,0.5,0.7,560004,1
120,Tomkin,Tully,ttully3b@springer.com,Male,91,12,9111,0.4,14,2118,0.5,24,6837,0,0.2,560001,2
121,Lambert,Birkmyre,lbirkmyre3c@nhs.uk,Male,57,25,2307,0.9,23,6855,0.5,38,7537,1,0,560007,2
122,Guthry,Monget,gmonget3d@yale.edu,Male,32,20,9275,0.1,33,5367,1,17,7555,0.8,0.8,560004,2
123,Fonz,Le Estut,fleestut3e@xinhuanet.com,Male,48,0,8830,0.1,18,8831,0.8,45,1252,0.2,0,560007,1
124,Gisella,Hearnah,ghearnah3f@pbs.org,Female,88,48,1508,0.6,37,4628,0.9,18,3310,0.4,0.2,560008,1
125,Creigh,Whitehead,cwhitehead3g@yolasite.com,Male,56,31,1207,0.3,49,3941,0.4,11,5477,0.1,0.6,560004,1
126,Angelica,Campo,acampo3h@photobucket.com,Female,97,3,8041,0.1,29,4740,0.4,26,1279,0.7,0.7,560005,1
127,Yardley,Saturley,ysaturley3i@webmd.com,Male,20,28,3065,0.5,14,5602,0,22,8818,0.4,0,560001,2
128,Guinevere,Lunk,glunk3j@ted.com,Female,91,45,6694,0.7,12,381,1,18,4637,0.6,0.7,560007,2
129,Davidson,Clemmey,dclemmey3k@ocn.ne.jp,Male,76,34,2181,0.8,8,2604,0.3,0,4492,0.8,0,560008,1
130,Ronna,McCuish,rmccuish3l@chron.com,Female,21,23,8068,0.3,50,6376,0.5,45,4098,0.9,0.9,560004,3
131,Barbabas,Arpe,barpe3m@gov.uk,Male,55,15,3807,0.5,31,285,0.8,6,7469,0.4,1,560010,1
132,Meaghan,Restall,mrestall3n@yelp.com,Female,24,4,5118,0.1,34,7525,0.8,47,6234,0.6,0,560006,2
133,Merwyn,Rosbottom,mrosbottom3o@gnu.org,Male,75,10,8534,0.6,16,2617,0,28,1283,0.8,0.3,560002,1
134,Conrade,Sifflett,csifflett3p@google.pl,Male,76,19,4303,0.4,20,3386,0.4,31,1470,0.5,0.8,560004,1
135,Gertie,De Normanville,gdenormanville3q@wufoo.com,Female,63,0,5632,0,42,1161,0.3,13,9914,0.9,0.8,560000,1
136,Ilyse,Gosse,igosse3r@time.com,Female,71,5,2713,0.9,14,8223,1,21,3138,0.7,0.5,560008,1
137,Tyrone,Cockarill,tcockarill3s@bizjournals.com,Male,21,6,6776,0,37,7920,0.7,17,7479,0.2,0.5,560006,2
138,Carmina,Buntain,cbuntain3t@qq.com,Female,98,44,537,0.6,4,1598,0.5,30,7172,0.6,0.4,560008,1
139,Hilde,Simeon,hsimeon3u@github.io,Female,86,16,1539,0.9,12,6089,0.2,26,6536,0.6,0,560002,1
140,Ellyn,MacCafferky,emaccafferky3v@china.com.cn,Female,86,5,7626,0.3,26,5204,0.8,16,656,0.6,0.5,560008,1
141,Forrest,Pilkington,fpilkington3w@mapy.cz,Male,91,32,7252,0,23,3610,0.7,1,2379,0.9,0.4,560008,2
142,Dylan,Kalvin,dkalvin3x@tinypic.com,Male,60,37,2684,0.2,24,5403,0.9,16,2870,0.2,0.6,560007,1
143,Krishnah,Bowles,kbowles3y@sourceforge.net,Male,74,16,2712,0.1,2,829,0.9,46,6447,0.3,0.8,560000,2
144,Sid,Tott,stott3z@indiatimes.com,Male,26,45,635,0.4,46,7420,0.9,37,5204,0.4,0.4,560000,2
145,Leta,Rosetti,lrosetti40@4shared.com,Female,86,8,7191,0.5,14,4309,0.6,50,2905,0.5,0.3,560002,1
146,Leslie,Nottle,lnottle41@nps.gov,Female,86,43,6623,0.2,7,2927,0.9,24,494,0.3,0.5,560004,2
147,Eleanora,Limpertz,elimpertz42@networksolutions.com,Female,94,45,4661,0.5,38,1879,0.6,38,4455,0.9,0.2,560010,2
148,Abigael,Waddams,awaddams43@time.com,Female,87,26,7599,0.2,3,4815,0.5,32,780,0.8,0.1,560005,1
149,Briggs,Dunster,bdunster44@harvard.edu,Male,50,33,4736,0.5,3,1731,0.3,49,602,0.4,0.6,560000,1
150,Dicky,Rawe,drawe45@cam.ac.uk,Male,35,0,8835,0.6,40,2836,0.3,12,4766,0.3,0.5,560003,1
151,Neil,Vagg,nvagg46@paginegialle.it,Male,63,17,6970,0.5,19,1647,0.3,48,1939,0,0.8,560001,1
152,Leeann,Youdell,lyoudell47@liveinternet.ru,Female,47,4,5872,0.9,21,9369,1,0,8699,0.1,0.4,560008,1
153,Dix,Jurczak,djurczak48@arstechnica.com,Female,52,4,7475,0.4,25,1456,0.8,48,2750,0.4,0.6,560000,1
154,Burlie,Waszczyk,bwaszczyk49@icio.us,Male,91,46,3995,0.7,42,9704,0.2,32,2949,0.4,0.1,560000,3
155,Mata,Gurg,mgurg4a@plala.or.jp,Male,92,25,5382,0.9,45,1995,0.2,25,533,0.1,0.2,560003,1
156,Verne,Sandyford,vsandyford4b@amazon.de,Male,75,2,8978,0.7,20,4409,0.8,14,1863,0.2,0.5,560008,1
157,Jocelyne,Coleby,jcoleby4c@nationalgeographic.com,Female,44,39,2944,0.6,31,6544,0.4,24,6868,0.9,0.9,560010,2
158,Charo,Hunt,chunt4d@infoseek.co.jp,Female,49,34,668,1,17,8938,0.5,15,3956,0.5,0.5,560009,1
159,Tracee,Briat,tbriat4e@e-recht24.de,Female,39,28,6546,0.1,13,6107,0.9,4,357,0.2,0.8,560002,1
160,Burnaby,Brabbins,bbrabbins4f@slate.com,Male,93,43,9739,0.9,48,7256,0.2,6,9569,0,0.9,560010,3
161,Rochella,Praten,rpraten4g@yelp.com,Female,96,32,7147,1,39,5027,0.2,4,6948,0.4,0.8,560007,2
162,Mattie,Pittoli,mpittoli4h@nifty.com,Male,40,18,8193,0.7,46,7341,0.7,15,5365,0.7,0.6,560001,2
163,Francene,Coare,fcoare4i@rakuten.co.jp,Female,60,35,5736,0.1,43,1609,0.1,39,4956,0.2,0.4,560008,2
164,Waldemar,Kildahl,wkildahl4j@businessweek.com,Male,72,31,8924,0.9,21,3629,0.3,46,8298,0.7,0.7,560002,3
165,Terrie,Lanmeid,tlanmeid4k@walmart.com,Female,92,37,9590,0.8,20,3124,0.2,32,9489,0.7,0.2,560003,3
166,Ernie,McCay,emccay4l@storify.com,Male,69,36,1555,0.7,38,1112,0.2,30,1169,0.5,0.1,560004,1
167,Adelbert,Fairholm,afairholm4m@example.com,Male,64,23,2329,0.7,19,5076,0.1,46,5423,0.7,0.2,560005,2
168,Coral,Woodrow,cwoodrow4n@nbcnews.com,Female,81,43,3721,0.9,25,539,0.1,7,8999,0.8,0.6,560007,1
169,Brooke,Heifer,bheifer4o@dion.ne.jp,Female,97,31,9133,0.7,12,3534,0,9,4190,0.2,1,560001,2
170,Arch,Rubinowitz,arubinowitz4p@mayoclinic.com,Male,55,14,3298,0.3,20,7865,0.5,14,5094,0.1,0.5,560000,1
171,Alvira,Ensley,aensley4q@over-blog.com,Female,32,11,7063,0.9,40,9985,0.7,42,5174,0.7,0.5,560009,3
172,Lenka,Watton,lwatton4r@wiley.com,Female,69,3,5857,0.8,35,4548,0.2,43,3348,0.4,0.3,560002,2
173,Sergio,Cossentine,scossentine4s@archive.org,Male,70,22,8392,0.2,10,1283,0.2,44,9247,0.8,0.3,560009,2
174,Jeremy,Fenne,jfenne4t@cdc.gov,Male,71,27,6630,0.7,0,1756,0.5,10,2694,0,0.9,560009,1
175,Joellen,Leathes,jleathes4u@auda.org.au,Female,78,32,7812,0.2,36,7428,0.6,31,6465,0.6,0.3,560010,3
176,Patti,Peasegood,ppeasegood4v@sourceforge.net,Female,37,14,5665,0.6,17,7077,0.3,14,7817,0.6,0.4,560000,1
177,Ashby,Pennacci,apennacci4w@ocn.ne.jp,Male,70,17,1983,0.2,29,6190,0.2,3,571,1,0.4,560000,1
178,Anabal,Govern,agovern4x@amazon.co.jp,Female,22,49,1781,0.9,22,1190,0.9,46,5998,0.8,0.6,560006,2
179,Tymothy,Josephy,tjosephy4y@noaa.gov,Male,49,26,6722,0.4,10,1091,0.3,13,6342,0.8,1,560004,1
180,Loren,Gage,lgage4z@sciencedirect.com,Male,61,3,5939,0.5,8,8226,0.7,28,408,0.6,0.7,560002,1
181,Eugenio,MacRorie,emacrorie50@va.gov,Male,65,21,4616,0.3,33,5845,0.6,11,1774,0.4,0.9,560003,1
182,Tilda,Milan,tmilan51@ning.com,Female,73,22,7146,1,23,8384,0.4,35,9512,0.1,0.5,560009,3
183,Leelah,Hruska,lhruska52@wunderground.com,Female,80,12,7644,0.2,19,2602,0.6,48,6473,0.1,0.5,560001,2
184,Faulkner,Farfoot,ffarfoot53@123-reg.co.uk,Male,86,8,8951,0.2,23,8634,0.7,17,437,0.1,0.6,560009,1
185,Gerti,Biddwell,gbiddwell54@comsenz.com,Female,74,48,1407,0.6,32,827,0.7,13,5535,0.8,0.5,560004,1
186,Warden,Saltsberger,wsaltsberger55@biglobe.ne.jp,Male,66,7,1813,0.8,23,5727,0.1,2,854,0.2,0.7,560002,1
187,Cathi,Thurby,cthurby56@statcounter.com,Female,27,4,9563,0.3,11,4336,1,22,1483,0.2,0.9,560008,1
188,Benny,McRamsey,bmcramsey57@tinypic.com,Male,41,43,635,0.7,36,3381,0.8,21,6069,0.6,0.2,560003,1
189,Pearce,Langstone,plangstone58@yale.edu,Male,68,15,175,0.7,41,7189,0.4,38,589,0.3,0.9,560002,2
190,Lorilee,Pulham,lpulham59@lulu.com,Female,69,28,2676,1,27,9752,1,15,8982,0.3,0.2,560002,2
191,Buckie,Cavet,bcavet5a@hubpages.com,Male,19,23,3426,0.4,49,9479,0.9,29,7046,0.8,0.2,560008,3
192,Rad,Degoey,rdegoey5b@usa.gov,Male,77,44,8192,0.3,43,7281,0.2,10,8492,0.5,0.8,560005,3
193,Minnnie,Daniele,mdaniele5c@360.cn,Female,91,4,4057,0.5,28,1409,0.4,46,1779,0.3,0.7,560009,1
194,Ginelle,Gianelli,ggianelli5d@globo.com,Female,73,33,8386,0.4,41,1614,0.3,47,3397,0.9,0.5,560001,2
195,Stavro,Briar,sbriar5e@g.co,Male,19,11,5652,0,25,3960,0.2,12,6799,0.8,0.7,560000,1
196,Terrel,Garment,tgarment5f@washington.edu,Male,100,46,5971,0.9,28,8107,0.9,0,7693,0,0.2,560010,2
197,Zackariah,Touhig,ztouhig5g@reddit.com,Male,27,21,3346,0.7,1,3565,0.2,30,265,0.6,0.7,560004,1
198,Ealasaid,Gotch,egotch5h@google.it,Female,78,37,9186,0.7,8,1316,0.3,46,8361,0.9,0.9,560002,3
199,Kasper,Smoughton,ksmoughton5i@smugmug.com,Male,38,47,1152,0,1,719,0,11,2970,0.7,0.9,560003,1
200,Ibby,Pailin,ipailin5j@theglobeandmail.com,Female,41,43,9497,0.3,29,4129,1,19,481,0.1,0.5,560003,2
201,Gabie,Portigall,gportigall5k@aol.com,Male,62,22,2385,0.3,50,1201,0.5,33,9762,0.3,0.1,560009,2
202,Ruth,Slyford,rslyford5l@elegantthemes.com,Female,77,48,137,0.3,29,5310,0.8,0,7300,0.2,1,560006,1
203,Eben,Cuffe,ecuffe5m@dmoz.org,Male,53,16,3114,0.3,20,2275,0.5,38,6565,0.2,1,560004,2
204,Dan,Inmett,dinmett5n@hhs.gov,Male,77,30,2270,0.6,13,9351,0.7,48,1143,0.9,1,560008,1
205,Chloette,Warlock,cwarlock5o@about.com,Female,62,7,518,0,4,4853,0.8,12,3417,0,0.7,560002,1
206,Jere,Bucknill,jbucknill5p@mozilla.com,Female,24,18,8840,0.1,15,1190,0.1,27,8236,0,1,560005,2
207,Lyndell,Beatey,lbeatey5q@blogs.com,Female,32,35,6546,0,43,1975,0.7,19,201,0.9,0.1,560002,2
208,Mufinella,Coward,mcoward5r@com.com,Female,25,48,3700,0.5,45,951,0.5,1,3233,0.2,0.6,560008,1
209,Lemuel,Philpot,lphilpot5s@lulu.com,Male,61,39,1986,0,25,8914,1,10,2446,0.5,0.8,560002,2
210,Leonanie,Giannini,lgiannini5t@yale.edu,Female,58,23,3932,0.5,30,8112,0.9,8,2793,0.4,0.3,560009,2
211,Hakim,Money,hmoney5u@yahoo.co.jp,Male,42,45,2981,0.7,8,934,0.1,12,5803,0.5,0,560006,1
212,Chancey,Iscowitz,ciscowitz5v@drupal.org,Male,89,30,2911,0.6,2,9420,0.8,28,9842,0.2,0.3,560003,2
213,Arvie,Jerratsch,ajerratsch5w@hao123.com,Male,36,15,1241,0.3,24,8663,0.6,6,6770,0.6,0.3,560006,1
214,Karney,Comettoi,kcomettoi5x@gizmodo.com,Male,57,50,3082,0.1,34,1766,0.2,9,5141,0.5,0.8,560004,1
215,Barty,Pechet,bpechet5y@latimes.com,Male,26,36,9513,0.3,22,9894,0.6,18,8214,0.3,0.9,560006,3
216,Chrotoem,Klimas,cklimas5z@typepad.com,Male,60,39,4849,1,30,6318,0.4,41,9868,0.2,0.8,560007,3
217,Debbi,Asmus,dasmus60@fema.gov,Female,48,43,881,0.3,25,3197,0.3,48,2703,0.9,0.1,560008,1
218,Desiri,Steely,dsteely61@virginia.edu,Female,95,11,6669,0.1,8,1466,0.7,23,3447,0.5,0.2,560010,1
219,Roxanne,Varfolomeev,rvarfolomeev62@statcounter.com,Female,35,15,4492,0.1,17,7835,0.5,40,1828,0.3,0.3,560009,1
220,Garrot,Tuckett,gtuckett63@multiply.com,Male,69,30,4124,0.8,44,779,0.7,18,6925,0.9,0.2,560003,1
221,Angelo,Carrabot,acarrabot64@prweb.com,Male,59,4,3913,0.8,43,9688,0.3,18,3717,0.2,0,560000,2
222,Prent,Pitchers,ppitchers65@bloglovin.com,Male,93,5,799,0.7,12,259,0.6,32,8372,0.6,0.1,560006,1
223,Talbot,Hatherleigh,thatherleigh66@cnet.com,Male,39,0,2182,0.4,20,2261,0.9,28,5815,0.6,0.4,560004,1
224,Eden,Pallatina,epallatina67@so-net.ne.jp,Female,52,0,4185,0.5,27,2831,0.9,38,4816,0.2,0.1,560000,1
225,Nathalia,McLafferty,nmclafferty68@ask.com,Female,66,50,6316,0.5,48,4095,0.6,42,1639,0.2,0.7,560002,2
226,Merrill,Dwyr,mdwyr69@wikispaces.com,Male,62,34,4682,0.6,42,8415,0.7,12,1509,0.5,0.2,560004,2
227,Burl,Locock,blocock6a@domainmarket.com,Male,78,29,7816,0.3,33,2940,0.2,1,353,0.1,0.1,560002,2
228,Emelita,Drance,edrance6b@behance.net,Female,62,5,7225,0.3,16,3915,0.1,37,7054,0.4,0.2,560002,2
229,Malchy,Machent,mmachent6c@clickbank.net,Male,74,25,2496,0.8,15,947,0.9,43,5963,0.2,0.7,560010,2
230,Giordano,Pendry,gpendry6d@msn.com,Male,68,45,4541,0.9,33,1405,0.7,28,3028,0.1,0.6,560003,2
231,Editha,Portal,eportal6e@bloglines.com,Female,63,7,2218,0.3,26,1475,0.9,46,5479,0.5,0.7,560010,1
232,Wiley,Reddin,wreddin6f@feedburner.com,Male,68,32,8392,0.4,36,8308,0,2,2586,0.5,0.7,560004,2
233,Minni,Jostan,mjostan6g@ucoz.ru,Female,67,13,1909,0.7,45,1321,0.4,18,6520,0.7,1,560005,1
234,Dyane,Freeburn,dfreeburn6h@addthis.com,Female,95,29,4926,0.9,26,1043,1,31,6880,0.6,0.8,560007,2
235,Marvin,Milbank,mmilbank6i@paypal.com,Male,93,46,2396,0.4,47,1048,0.8,29,659,1,1,560000,1
236,Damon,Senechell,dsenechell6j@ucoz.ru,Male,70,5,8401,0.6,31,7476,0.3,10,5512,1,0.4,560003,2
237,Barbie,Duchan,bduchan6k@wikia.com,Female,59,38,6529,0.6,7,8831,0.4,18,507,1,0.6,560004,2
238,Gustie,Stangroom,gstangroom6l@google.ca,Female,83,40,3943,0.9,29,5527,0.9,10,1731,0.6,1,560001,2
239,Peirce,Blazewski,pblazewski6m@google.ru,Male,20,15,3056,0.6,18,8473,0.3,3,2634,0.7,0.5,560001,1
240,Neal,Geator,ngeator6n@state.gov,Male,87,39,4039,0.2,48,8246,0.8,3,4402,0.3,0.2,560010,2
241,Callie,Bondy,cbondy6o@craigslist.org,Female,19,49,3261,0.8,33,1096,0.2,8,599,0.6,0.7,560002,1
242,De,Franks,dfranks6p@redcross.org,Female,83,40,6973,0.5,30,3769,0.5,15,8655,0.6,0.5,560008,2
243,Winna,Nemchinov,wnemchinov6q@macromedia.com,Female,78,34,6473,0,4,928,0.1,32,2801,0.2,1,560001,2
244,Ly,Tearney,ltearney6r@a8.net,Male,76,25,5426,0.5,46,1122,0,45,4339,0.8,0.4,560006,2
245,Patricio,Pencost,ppencost6s@live.com,Male,70,30,4851,0.4,15,2424,0.1,17,8125,0.8,0.4,560004,2
246,Ellwood,Commuzzo,ecommuzzo6t@google.de,Male,91,47,3730,0.8,50,4393,0.2,9,1052,0,0.4,560010,2
247,Matthus,Handrick,mhandrick6u@seattletimes.com,Male,58,40,3723,0.6,43,3002,0.7,24,7862,0.6,0.5,560007,2
248,Wally,Coldridge,wcoldridge6v@discuz.net,Male,75,46,8027,0.2,36,4481,1,41,3148,0.4,0.2,560005,3
249,Kristoffer,Paish,kpaish6w@indiatimes.com,Male,23,39,4677,0.4,7,8130,1,19,8719,0.8,0.3,560007,2
250,Derby,Facchini,dfacchini6x@dropbox.com,Male,43,11,8580,0.7,17,5719,0.3,32,609,0.3,0.4,560000,1
251,Lucienne,Corrin,lcorrin6y@wordpress.com,Female,36,41,2459,0.4,7,631,1,15,1638,0.8,0.4,560001,1
252,Clim,Hindenburg,chindenburg6z@howstuffworks.com,Male,37,28,8997,0.6,49,7112,0.5,25,9319,0.1,0.8,560008,3
253,Vikky,Kunc,vkunc70@woothemes.com,Female,76,20,4233,0.4,28,9530,0.6,4,6065,0.6,0.9,560004,2
254,Inness,Nornable,inornable71@princeton.edu,Male,77,36,1846,0.5,18,8777,0.9,15,7401,0.4,0.3,560009,2
255,Tomlin,MacGaughie,tmacgaughie72@shutterfly.com,Male,62,34,4886,0,17,6179,0.1,48,5426,0.9,0.6,560007,2
256,Ashien,Wiggington,awiggington73@upenn.edu,Female,47,7,7334,0.9,35,6204,0.6,5,5373,0.4,0.5,560001,1
257,Verile,Guidetti,vguidetti74@nyu.edu,Female,21,48,7712,1,38,3850,0.9,34,364,0.5,0.4,560007,2
258,Murray,Hedau,mhedau75@bbb.org,Male,65,1,7082,0.6,5,6809,1,41,2649,0.5,0.9,560006,1
259,Humphrey,Tampling,htampling76@apache.org,Male,53,39,1796,0.9,26,4062,0.3,18,6364,0.9,0.2,560009,1
260,Hoebart,Najara,hnajara77@time.com,Male,49,14,1939,0.8,13,7859,1,3,790,0.9,0.6,560010,1
261,Matilda,Attewill,mattewill78@nasa.gov,Female,23,25,5564,0.8,21,9983,0.3,47,621,0.3,0.9,560010,2
262,Zaria,Edrich,zedrich79@statcounter.com,Female,73,30,1907,0.2,26,4357,0.9,0,5852,1,0.5,560010,1
263,Janeta,Lineker,jlineker7a@blogspot.com,Female,45,43,5661,0.9,15,2560,0.2,45,4734,1,0.4,560000,2
264,Clifford,Pagett,cpagett7b@mapy.cz,Male,90,9,2609,0.8,27,322,0.4,30,9982,0.9,0.5,560000,2
265,Kristina,Breens,kbreens7c@51.la,Female,80,31,3843,0.2,48,7833,1,33,8214,0.6,0.9,560003,3
266,Wake,Risdale,wrisdale7d@weebly.com,Male,46,37,9428,1,29,7298,0.8,36,9038,0.6,0.8,560003,3
267,Auguste,Akrigg,aakrigg7e@reddit.com,Female,77,22,8533,0.4,8,2572,0.7,49,8867,0.7,0.7,560010,3
268,Enriqueta,Jannex,ejannex7f@tumblr.com,Female,50,29,6728,0.1,10,2794,0.9,13,1203,0.5,0.5,560003,1
269,Danika,Adanez,dadanez7g@nhs.uk,Female,21,47,5687,0.4,49,9421,0.6,16,2911,0.5,0.5,560009,3
270,Gasper,Bunhill,gbunhill7h@acquirethisname.com,Male,53,4,3277,0.4,14,9676,0.4,41,9408,0.3,0.5,560009,2
271,Dusty,Hinkes,dhinkes7i@bing.com,Female,69,40,9872,0.7,50,8782,0.7,27,5816,0,0.2,560006,3
272,Ignace,Manifold,imanifold7j@examiner.com,Male,42,10,3892,0.9,40,4707,0.4,40,3021,0.7,0.2,560002,2
273,Reuben,Dullingham,rdullingham7k@fastcompany.com,Male,18,27,6297,0.1,20,8008,0.7,3,8630,0.7,0.5,560001,2
274,Dorry,Dickman,ddickman7l@shareasale.com,Female,36,34,1469,0.2,15,6692,0.8,2,6959,0.1,0.3,560007,1
275,El,Gavahan,egavahan7m@about.me,Male,59,26,7288,0.4,40,140,0.3,1,6953,0.7,0.2,560006,1
276,Patience,Beardwood,pbeardwood7n@ezinearticles.com,Female,85,17,4862,1,8,487,0.2,50,507,0.7,0.7,560005,1
277,Vilhelmina,Legion,vlegion7o@xinhuanet.com,Female,50,9,322,0.1,47,4326,0.5,45,6121,0.8,0.2,560000,2
278,Scarlet,Lago,slago7p@oaic.gov.au,Female,65,18,7889,0.9,12,695,0.1,14,2263,1,0.6,560008,1
279,Domenic,Crusham,dcrusham7q@columbia.edu,Male,94,11,120,0.2,8,8795,0.7,1,591,0.6,0.6,560001,1
280,Domini,Folk,dfolk7r@parallels.com,Female,27,44,6524,0.5,17,7565,0.1,18,2258,0.8,0.9,560006,2
281,Rob,Forward,rforward7s@opera.com,Male,83,17,7375,0.9,14,1847,0.6,22,4016,0.7,0.4,560002,1
282,Rhodie,Petrovic,rpetrovic7t@nationalgeographic.com,Female,100,32,7730,0.6,32,5129,0.2,40,9159,0.7,0.6,560000,3
283,Niels,Gartenfeld,ngartenfeld7u@opensource.org,Male,56,23,2558,0.1,28,8293,1,39,7194,0.3,0.4,560001,2
284,Free,Avrahamy,favrahamy7v@ftc.gov,Male,26,27,1535,0.2,47,3404,0.7,18,6432,0.9,0.4,560006,1
285,Jacquelin,Bratch,jbratch7w@paginegialle.it,Female,57,28,4783,0.3,39,4153,0.8,13,5213,0.7,0.8,560007,2
286,Tabor,Rosendahl,trosendahl7x@miitbeian.gov.cn,Male,38,5,348,0.2,41,3324,0.4,12,7814,0.8,0.9,560000,1
287,Domini,Bygott,dbygott7y@latimes.com,Female,34,20,7604,0.3,15,7126,0.9,6,5374,1,0.1,560000,1
288,Chad,Gilluley,cgilluley7z@wikimedia.org,Male,21,32,1284,0.6,34,9430,0.2,32,5400,0.7,0.1,560001,2
289,Fabiano,Daudray,fdaudray80@spiegel.de,Male,37,15,4612,0.7,3,3914,0.9,30,287,0.3,0.4,560003,1
290,Porter,Ratchford,pratchford81@paginegialle.it,Male,90,12,3774,0.8,22,9984,0.7,25,9436,0.4,0.4,560003,2
291,Alberik,Claydon,aclaydon82@opensource.org,Male,92,2,4806,0.8,36,1079,0.1,26,4091,0.4,0.1,560008,1
292,Sharla,Bercher,sbercher83@jugem.jp,Female,72,36,9130,0.1,23,2739,0.3,44,4458,0.4,0.1,560003,2
293,Alvy,Nesey,anesey84@imageshack.us,Male,47,28,8887,0.5,5,5500,0.6,39,234,0.3,1,560002,1
294,Leonanie,Faunch,lfaunch85@msn.com,Female,51,7,5708,1,44,911,0.7,16,832,0,0.9,560008,1
295,Waite,Darbyshire,wdarbyshire86@hibu.com,Male,80,14,4931,1,32,6064,0.2,12,7561,0.9,0.7,560008,2
296,Kelci,Corrigan,kcorrigan87@cafepress.com,Female,43,2,5575,0.8,32,1761,0.6,49,9084,0.1,0,560003,2
297,Lynda,Tedahl,ltedahl88@miibeian.gov.cn,Female,84,25,4703,0.1,36,8206,0.3,37,3007,0.2,0.1,560003,2
298,Garrett,Lathaye,glathaye89@edublogs.org,Male,70,3,3017,0.9,26,3919,0.6,9,5878,0.2,0.9,560009,1
299,Prudence,Morfey,pmorfey8a@parallels.com,Female,59,11,7575,0.9,22,4643,0.1,28,7884,0.8,0.8,560001,2
300,Fallon,Harbor,fharbor8b@webeden.co.uk,Female,58,35,7684,0.6,24,5013,0.8,16,1345,0.9,0.9,560008,2
301,Averell,Cuolahan,acuolahan8c@si.edu,Male,43,18,9967,0.2,7,185,1,8,2369,0.7,0,560007,1
302,Dionisio,Aitkin,daitkin8d@sourceforge.net,Male,86,11,3240,0.4,30,4267,0.5,1,5949,0.6,0.2,560009,1
303,Dwayne,Duffit,dduffit8e@thetimes.co.uk,Male,97,38,1745,0.1,39,9596,0.9,40,6365,0.1,0.4,560006,3
304,Geri,McSporrin,gmcsporrin8f@cmu.edu,Female,71,8,5297,0.3,47,7551,0.2,46,9647,0.8,0.3,560001,3
305,Nessa,Workes,nworkes8g@elegantthemes.com,Female,100,50,9134,0.5,10,3043,0.5,27,8952,0.4,0.3,560008,3
306,Granger,Hackney,ghackney8h@unc.edu,Male,49,8,1101,0.2,46,7702,0.6,0,2096,0.4,0.7,560009,2
307,Kittie,Bruffell,kbruffell8i@flavors.me,Female,57,29,3281,0.5,3,2568,0.5,5,5675,0.2,0.4,560006,1
308,Royal,Rowcastle,rrowcastle8j@microsoft.com,Male,45,46,2330,0.2,32,7190,0.4,19,4172,0.8,0.2,560009,2
309,Marge,Kimberley,mkimberley8k@howstuffworks.com,Female,50,0,4644,0.9,24,7664,0.3,46,9135,0.8,0.8,560002,2
310,Berk,Bamfield,bbamfield8l@mozilla.org,Male,42,42,757,1,3,5380,0.6,49,5345,0.1,0.6,560004,2
311,Chance,Rowsell,crowsell8m@cam.ac.uk,Male,61,15,6122,0,37,9953,0,22,366,0.8,0.2,560005,2
312,Hildegaard,Truce,htruce8n@barnesandnoble.com,Female,100,30,4870,0.3,29,1940,1,50,3602,1,0.7,560006,2
313,Gerry,McCloid,gmccloid8o@cmu.edu,Female,28,1,5562,0.9,2,6295,0.6,12,5232,0.6,0.4,560000,1
314,Hinda,Godrich,hgodrich8p@mozilla.org,Female,65,12,6425,0.4,18,4389,0.9,45,4942,0,0.9,560007,2
315,Ivette,Quinney,iquinney8q@comcast.net,Female,87,2,1706,0.8,24,956,0.6,11,891,0.9,0.4,560005,1
316,Clayborn,Varnals,cvarnals8r@liveinternet.ru,Male,100,15,5207,0.2,20,7266,0.6,0,436,0.8,1,560006,1
317,Finlay,Littledike,flittledike8s@umn.edu,Male,58,47,6495,0.3,30,435,0.1,34,2632,0.2,0.1,560004,2
318,Turner,Muscat,tmuscat8t@examiner.com,Male,71,1,4774,0.2,36,1105,0.5,41,4244,0.4,0.6,560001,1
319,Diarmid,Lanfere,dlanfere8u@deliciousdays.com,Male,29,19,1200,0.2,47,7543,0.3,20,4538,0.4,0.7,560005,2
320,Salvador,Bastow,sbastow8v@nytimes.com,Male,48,48,3103,0.3,38,2019,0.9,49,7147,0.9,0.2,560005,2
321,Dannel,Mariolle,dmariolle8w@1688.com,Male,88,18,4043,0.3,33,3198,0.3,0,326,0.1,0.8,560003,1
322,Giulio,Bassill,gbassill8x@purevolume.com,Male,58,10,2118,0.5,33,1407,0.7,19,2004,0.9,0.6,560006,1
323,Nikola,Schoffler,nschoffler8y@shutterfly.com,Male,84,18,9241,0.1,38,4301,0.6,21,9019,0.8,0.4,560000,2
324,Amandie,Qusklay,aqusklay8z@home.pl,Female,97,10,2156,0.8,14,8047,0.7,15,3806,0.3,0.5,560006,1
325,Boot,Nannoni,bnannoni90@dell.com,Male,22,48,2444,0.8,20,2234,0.7,31,4077,0.9,0,560005,1
326,Gary,Ewers,gewers91@altervista.org,Male,54,46,2432,0.1,10,1425,0.1,39,9465,0.4,0.6,560010,2
327,Abagael,Hadwick,ahadwick92@wikimedia.org,Female,36,3,6093,0.7,28,4748,0.7,50,2302,0.8,0.5,560008,1
328,Dyana,Birdseye,dbirdseye93@redcross.org,Female,52,32,2648,0.8,47,4457,0.6,22,7161,0.1,0.9,560005,2
329,Loni,Finkle,lfinkle94@t-online.de,Female,41,25,9567,0.2,26,5583,0.3,4,5831,1,0.2,560001,2
330,Shermy,Tippell,stippell95@nature.com,Male,54,40,2448,0.6,41,2159,0.4,45,3304,0.3,0.1,560006,2
331,Ninnetta,Choffin,nchoffin96@g.co,Female,27,11,5296,0.8,34,3705,1,48,9045,1,0.5,560009,2
332,Jemima,Taffarello,jtaffarello97@wufoo.com,Female,71,24,9631,0,2,8712,0.3,1,1870,0.8,0.9,560003,1
333,Barty,Jedras,bjedras98@newsvine.com,Male,25,39,2150,0.5,24,3287,0.8,5,9682,0.9,0.8,560010,1
334,Kevyn,Grinyer,kgrinyer99@un.org,Female,63,5,1971,0.5,50,1459,0.4,16,517,0.6,0.6,560009,1
335,Jean,Helliar,jhelliar9a@dagondesign.com,Male,66,7,9248,0.4,44,4524,0.2,30,8246,0.9,0.6,560002,2
336,Francesca,Goulding,fgoulding9b@nps.gov,Female,28,7,7113,1,25,1423,0.9,20,5724,0.1,0.1,560006,1
337,Isaiah,Cromly,icromly9c@mail.ru,Male,65,42,8286,0.8,21,8682,0.2,12,8310,1,0.5,560010,2
338,Alaine,Diaper,adiaper9d@aol.com,Female,96,7,1526,0.8,32,8047,0.4,44,6497,0.8,0.7,560006,2
339,Patience,Arendsen,parendsen9e@mlb.com,Female,36,45,9643,1,7,7894,1,4,1543,0.2,0.8,560008,2
340,Carey,Sowersby,csowersby9f@newsvine.com,Male,29,14,6360,0.6,1,4584,0.4,30,466,0.5,0.6,560005,1
341,Obidiah,Lishmund,olishmund9g@tripod.com,Male,56,22,8053,0.2,42,8087,0.5,21,8953,0.8,0.3,560009,3
342,Casi,Zupo,czupo9h@discovery.com,Female,53,34,8848,0.1,20,175,1,16,5421,0.7,0.1,560005,2
343,Porty,Groundwator,pgroundwator9i@tinyurl.com,Male,42,2,377,0.9,47,6485,0.4,6,3582,0.4,0.4,560009,2
344,Madel,Beagley,mbeagley9j@nhs.uk,Female,65,12,7280,1,41,9434,0.2,41,3614,0.6,0.9,560002,3
345,Nye,Cuolahan,ncuolahan9k@gov.uk,Male,55,3,6631,1,44,7713,0.8,41,8393,0.6,1,560001,3
346,Arluene,Guihen,aguihen9l@yellowbook.com,Female,38,13,4337,0.9,14,1524,0.4,27,1731,0.5,1,560002,1
347,Sharyl,Gabbitas,sgabbitas9m@cocolog-nifty.com,Female,49,23,5337,0.9,6,2323,1,19,6089,0.8,0,560000,1
348,Timofei,Nunn,tnunn9n@blogspot.com,Male,59,15,1575,0.7,5,6001,0.5,35,2071,0.3,0.6,560006,1
349,Daron,Dredge,ddredge9o@wsj.com,Female,52,29,2463,0.1,7,7575,0.7,46,6344,0.4,0.6,560001,2
350,Shurlocke,Cosh,scosh9p@symantec.com,Male,65,26,9189,0.1,2,5538,0.4,7,7508,0.4,0.3,560010,2
351,Lesya,Kollaschek,lkollaschek9q@hao123.com,Female,98,47,5634,0,7,9978,0.5,16,9851,0.6,0.7,560001,2
352,Noe,Harlow,nharlow9r@cnn.com,Male,86,8,5083,0.4,38,7240,0.2,23,6418,0.1,0.5,560005,2
353,Daron,Spens,dspens9s@ihg.com,Male,96,22,8801,0.2,8,6784,0.8,36,9241,0,0.1,560008,2
354,Shanan,Dunseith,sdunseith9t@bloomberg.com,Male,58,47,2964,1,5,2837,0.8,44,1202,0.1,0.6,560005,1
355,Aldwin,Blaszczynski,ablaszczynski9u@blogtalkradio.com,Male,33,35,4502,0.6,15,4578,0.7,6,6840,0.7,0.9,560008,1
356,Clement,Kingh,ckingh9v@cnbc.com,Male,58,30,4453,0.6,5,6108,0.5,50,8760,0.6,0.6,560001,2
357,Charmion,Colliford,ccolliford9w@tinyurl.com,Female,59,37,90,0.8,2,3613,0.5,35,4333,0.4,0.2,560003,1
358,Antoni,Pleager,apleager9x@e-recht24.de,Male,60,49,6597,0.9,16,9941,0.6,13,1089,0.1,0.6,560002,2
359,Kennedy,Paley,kpaley9y@theglobeandmail.com,Male,91,15,4716,0.5,34,9762,0.6,16,4589,0.1,0.6,560002,2
360,Wanids,Laskey,wlaskey9z@merriam-webster.com,Female,63,8,7262,0.3,3,1498,0.5,0,6789,0.6,0.5,560010,1
361,Talya,Kilpatrick,tkilpatricka0@wordpress.com,Female,62,41,7970,0.5,41,9901,0.7,2,5224,0.4,0.9,560007,3
362,Alain,MacNaughton,amacnaughtona1@163.com,Male,66,16,3382,0.6,30,8952,0.4,7,8080,0.3,0.5,560000,2
363,Elga,Durker,edurkera2@cnn.com,Female,80,31,2002,0.7,41,3885,0.2,1,8877,0.9,0.4,560002,1
364,Darrel,Urien,duriena3@exblog.jp,Male,84,44,6518,0,20,3307,0.7,44,7530,0.5,0.7,560010,3
365,Tabby,McGriffin,tmcgriffina4@csmonitor.com,Male,48,32,9272,0.1,16,7208,0.8,7,3569,0.5,0.2,560001,2
366,Tad,Mooreed,tmooreeda5@google.cn,Male,42,17,610,0.6,5,962,0.6,17,3873,0.9,0.1,560009,1
367,Barbaraanne,Asey,baseya6@baidu.com,Female,33,7,258,0.7,32,5122,0.8,5,7101,0.5,0.6,560000,1
368,Nikolai,Walstow,nwalstowa7@ucoz.com,Male,23,24,8902,0.2,30,8295,0.1,22,3219,0.5,0.2,560008,2
369,Doreen,Noonan,dnoonana8@chronoengine.com,Female,42,1,1058,0.5,19,2474,0.7,14,4421,0.7,0,560008,1
370,Marena,Cardwell,mcardwella9@arizona.edu,Female,56,49,9040,1,25,7515,0.1,49,7120,0.9,0.1,560002,3
371,Adora,Suggey,asuggeyaa@shop-pro.jp,Female,27,39,353,0.3,39,8089,0.4,44,1617,0.9,0.1,560010,2
372,Casper,Plevey,cpleveyab@theguardian.com,Male,72,49,3720,0.6,13,5353,0.2,44,2847,0.4,0.8,560009,2
373,Jimmy,Fishlee,jfishleeac@cpanel.net,Male,49,36,5094,0.7,31,1867,0.2,3,2059,0,0.7,560007,1
374,Garreth,Donlon,gdonlonad@accuweather.com,Male,85,17,9644,0.2,26,1808,0.8,29,6479,0.3,0.4,560001,2
375,Harold,Robelin,hrobelinae@who.int,Male,92,41,9053,0.7,18,1852,0.9,32,7625,0.7,0.1,560006,3
376,Audry,Toller,atolleraf@surveymonkey.com,Female,31,19,8822,0.7,2,842,0.3,49,6123,0.5,0.7,560010,2
377,Byron,Gathercole,bgathercoleag@github.com,Male,50,48,8722,0.2,0,5667,0.4,11,3800,1,0.4,560006,2
378,Felita,Rase,fraseah@unc.edu,Female,77,49,2343,0.3,28,2057,0.2,4,238,0.9,0.1,560003,1
379,Ian,Penrith,ipenrithai@ycombinator.com,Male,98,46,634,0.4,22,660,0.4,28,6195,0.3,0.3,560008,1
380,Marya,Alves,malvesaj@lycos.com,Female,76,50,7205,0.1,23,7662,0.7,43,2944,0.7,0.6,560005,3
381,Carl,Reinhardt,creinhardtak@people.com.cn,Male,23,12,2802,0.2,44,8285,0.2,27,3909,0.1,0.4,560000,2
382,Sheryl,Prati,spratial@ftc.gov,Female,93,5,2533,0.2,23,5014,0.4,33,3091,0.6,0.2,560006,1
383,Imogen,Aronowitz,iaronowitzam@squarespace.com,Female,77,42,9464,0.6,45,191,0.1,29,6128,0.4,0.6,560010,2
384,Winifield,Jelkes,wjelkesan@devhub.com,Male,37,33,7704,0.4,10,7156,0.4,7,5952,0.7,1,560003,2
385,Kasper,Fellgatt,kfellgattao@skype.com,Male,93,7,1242,0.6,1,8208,0.9,8,3692,0.9,0.7,560001,1
386,Lindon,Matyasik,lmatyasikap@about.com,Male,22,29,1313,0.4,35,8894,0.6,13,6589,0.8,0.3,560007,2
387,Sherm,Wakes,swakesaq@google.it,Male,20,42,7434,0.6,31,1688,0.2,25,6344,1,0.3,560006,2
388,Consuela,Knellen,cknellenar@google.cn,Female,91,37,2602,0.4,15,6861,1,20,6700,0.8,0.8,560003,2
389,Myrtle,Greening,mgreeningas@edublogs.org,Female,41,44,9589,0.5,7,6977,0.7,44,8329,0.3,0.8,560005,3
390,Gordy,Chesswas,gchesswasat@illinois.edu,Male,68,37,5021,0.3,31,7634,0.8,13,4670,0.1,0.3,560006,2
391,Derry,Foskett,dfoskettau@mashable.com,Male,85,46,3325,0.6,12,3082,0.9,23,6991,0.1,0.3,560005,2
392,Hilarius,Mohamed,hmohamedav@artisteer.com,Male,40,49,9817,1,38,9123,1,4,7041,0.4,0.8,560010,3
393,Lorita,Matzeitis,lmatzeitisaw@sciencedirect.com,Female,41,37,4462,0.3,8,3544,0.9,16,9258,0.5,0.2,560010,2
394,Adams,Shailer,ashailerax@gnu.org,Male,50,44,5580,0.6,18,5609,0.9,1,8652,1,1,560002,2
395,Reed,Stampfer,rstampferay@google.com.hk,Male,75,17,1077,0.7,34,2057,0.9,28,9533,0.8,0,560004,2
396,Rhiamon,Medley,rmedleyaz@fda.gov,Female,23,3,3496,0.2,48,4051,0.1,22,7087,0.5,0.4,560003,2
397,Doretta,Rockwill,drockwillb0@house.gov,Female,94,20,2450,0,39,8441,0.7,32,1399,0.5,0.3,560001,2
398,Vita,Axcell,vaxcellb1@tiny.cc,Female,77,36,3488,0.5,24,5182,0.5,26,3674,0.9,0.6,560001,2
399,Drew,MacLennan,dmaclennanb2@rambler.ru,Male,27,28,3856,0.3,0,9310,0.8,40,7616,0.7,0.5,560002,2
400,Urson,Cullon,ucullonb3@surveymonkey.com,Male,63,13,4343,1,34,7307,0.2,50,2141,0.6,0.3,560002,2
401,Carlita,Northbridge,cnorthbridgeb4@guardian.co.uk,Female,57,17,5545,0.4,36,5774,1,21,2940,0.3,0.2,560000,2
402,Lloyd,Syplus,lsyplusb5@ebay.co.uk,Male,25,22,3276,0.6,28,9213,0.1,44,6454,1,0.8,560003,2
403,Broddie,Dybell,bdybellb6@miitbeian.gov.cn,Male,68,44,2344,0.1,11,3503,0.1,1,6113,0.8,0.3,560000,1
404,Marchall,Drever,mdreverb7@theguardian.com,Male,85,10,6795,0.8,24,9854,0.7,19,9874,0.6,0.7,560000,2
405,Giuditta,Wildbore,gwildboreb8@slashdot.org,Female,61,6,5711,0.7,19,3154,0.5,21,7596,0.1,0.5,560001,1
406,Suzi,Gyorffy,sgyorffyb9@behance.net,Female,99,6,5014,0,2,9708,0.7,14,8149,1,0.9,560009,1
407,Mendy,Barendtsen,mbarendtsenba@alexa.com,Male,71,35,6607,0.7,36,5799,0.7,27,8390,0.2,0.7,560003,3
408,Miof mela,Spaducci,mspaduccibb@chronoengine.com,Female,67,15,5526,0.6,20,5536,0.7,21,4016,0.9,0.9,560005,1
409,Ignacio,Hedau,ihedaubc@free.fr,Male,59,40,7980,0.6,28,3651,0.6,14,5605,0.7,0.2,560009,2
410,Marge,Hatherall,mhatherallbd@goo.ne.jp,Female,34,27,8111,0.4,37,1092,0.2,24,5418,0.6,0.6,560002,2
411,Fonz,Mackney,fmackneybe@walmart.com,Male,26,18,2432,1,7,4630,0.2,45,8141,1,0.5,560008,2
412,Jenilee,Ondrich,jondrichbf@whitehouse.gov,Female,97,23,950,0.9,41,1087,0.2,1,6062,0.2,0.2,560007,1
413,Lolly,Cleft,lcleftbg@earthlink.net,Female,30,20,1524,0.5,34,3414,1,45,7847,0.9,0,560007,2
414,Courtnay,Lewis,clewisbh@nih.gov,Female,19,22,5595,0.4,22,3939,0.6,50,5233,0.9,0.9,560002,2
415,Aimee,Medina,amedinabi@vk.com,Female,91,45,583,1,26,4734,0.7,14,8418,0.8,0.3,560003,1
416,Harlan,Narducci,hnarduccibj@zdnet.com,Male,39,20,2815,0.7,20,9513,0.1,2,1110,0.3,0.1,560007,1
417,Quint,Bromilow,qbromilowbk@theguardian.com,Male,74,34,7658,0.8,12,1900,0.9,11,8783,0.2,0.6,560004,2
418,Livy,Rowbottam,lrowbottambl@opera.com,Female,45,23,9381,0.6,40,6181,0.6,45,3227,0.3,0.3,560008,2
419,Flossi,Sandiland,fsandilandbm@friendfeed.com,Female,50,18,9783,0.2,39,5354,0.5,10,4143,0.1,0.9,560001,2
420,Ashley,Willars,awillarsbn@umich.edu,Male,52,0,253,0.2,21,9396,0.2,25,4583,0.4,0.8,560001,2
421,Munroe,Scorer,mscorerbo@google.com.br,Male,41,32,2296,0.7,32,394,0.8,24,5205,0.8,0.7,560008,1
422,Leland,Trulocke,ltrulockebp@wired.com,Male,95,1,9569,0,8,2617,0.5,1,1755,0.5,0.2,560004,1
423,Nealy,Pennicott,npennicottbq@de.vu,Male,62,33,6532,0.7,49,7949,0.8,12,5316,0.4,0.5,560002,3
424,Meridel,Housecraft,mhousecraftbr@nymag.com,Female,86,48,9295,0,25,6740,0.7,13,512,0.6,0.6,560000,3
425,Dev,Wickstead,dwicksteadbs@theglobeandmail.com,Male,53,18,4361,0.7,10,7965,0.3,33,9405,0.8,0.8,560000,2
426,Louis,Drillot,ldrillotbt@engadget.com,Male,75,35,881,0.9,42,3240,0.3,37,4047,0.5,0.6,560001,2
427,Russ,Jimenez,rjimenezbu@nbcnews.com,Male,93,23,8365,0.3,39,8163,0.4,1,6988,0.3,0.5,560010,2
428,Wayland,Mackinder,wmackinderbv@adobe.com,Male,82,12,7101,0.1,24,9161,0.9,23,2881,0.3,0.9,560008,2
429,Moss,Dockrey,mdockreybw@webnode.com,Male,71,35,9167,0.3,48,8471,0.9,44,6555,0,0.6,560006,3
430,Kendall,Notman,knotmanbx@vk.com,Male,42,13,8144,0.2,35,742,0.7,31,4614,0.8,0.3,560003,1
431,Camey,Tolwood,ctolwoodby@timesonline.co.uk,Male,43,44,2665,1,44,6832,0.5,29,5518,0.9,0,560002,2
432,Munmro,Epsly,mepslybz@amazon.com,Male,22,34,2142,0.9,16,7109,0.3,24,6835,0.2,0.4,560010,2
433,Llewellyn,Loiterton,lloitertonc0@altervista.org,Male,45,33,9474,0.1,19,7387,0.6,47,4317,0.1,0.8,560010,3
434,Hynda,Garrard,hgarrardc1@facebook.com,Female,87,25,9025,0.4,23,8948,0.2,4,3855,0.7,0.9,560007,2
435,Carmelita,Bannester,cbannesterc2@sciencedirect.com,Female,37,1,3789,0.1,23,3005,0.1,25,5344,0.9,0.1,560007,1
436,Corny,Malyj,cmalyjc3@indiatimes.com,Female,80,21,5362,1,18,9574,0.9,39,3445,0.6,0.7,560003,2
437,Dorie,Blick,dblickc4@npr.org,Female,33,25,2852,0.2,8,4478,0.8,10,2784,0.8,0.9,560004,1
438,Colette,Dimont,cdimontc5@wix.com,Female,46,0,8069,0.2,15,5038,1,21,9896,0.9,0.5,560001,1
439,Alejoa,Fonteyne,afonteynec6@hatena.ne.jp,Male,25,11,2891,0.6,25,7014,1,37,8722,0.5,0.1,560006,2
440,Brinn,Kimbley,bkimbleyc7@goo.gl,Female,40,18,5680,0.8,40,5411,0.3,12,4239,0.7,0.8,560005,2
441,Winona,Paddeley,wpaddeleyc8@ezinearticles.com,Female,49,7,824,0.4,16,4517,0.4,24,2854,0.9,0.6,560008,1
442,Trevor,Youle,tyoulec9@virginia.edu,Male,52,13,527,0.4,19,966,0.2,0,9023,1,0.2,560010,1
443,Rona,Pharrow,rpharrowca@icio.us,Female,48,35,8816,0,50,3636,0.8,38,9600,0,0.6,560005,3
444,Hedwiga,Ealles,heallescb@redcross.org,Female,48,11,746,0.6,7,587,0.8,8,4375,0.3,0.4,560006,1
445,Laurice,Pirrone,lpirronecc@icio.us,Female,91,17,6950,0.8,21,5897,0.9,43,3528,0.3,0.6,560002,2
446,Blancha,Bolte,bboltecd@clickbank.net,Female,100,8,74,0,9,2013,0.1,13,8270,1,0,560001,1
447,Gage,Po,gpoce@blinklist.com,Male,24,16,9019,0.4,38,2272,0.7,21,8300,0.5,0.6,560005,2
448,Tabor,Faint,tfaintcf@cpanel.net,Male,28,44,253,0.8,41,1722,0,13,2610,0.6,1,560006,1
449,Annice,Fowley,afowleycg@blogspot.com,Female,42,20,5886,0.4,27,7898,0.4,16,4852,0.2,0.5,560006,2
450,Lesly,Huff,lhuffch@paypal.com,Female,78,19,7951,0.2,18,2927,0.5,24,3907,0.1,0.4,560000,2
451,Carie,Treanor,ctreanorci@yellowbook.com,Female,55,43,2335,0.8,3,7674,0.5,25,9651,0.5,0.7,560010,2
452,Darby,Rape,drapecj@booking.com,Male,83,47,7582,0.4,50,3871,0.7,11,4850,1,0.1,560008,2
453,Camel,Comberbach,ccomberbachck@marriott.com,Female,39,41,8812,0.8,21,3566,0.1,16,9153,0.8,0.5,560008,2
454,Kayne,Back,kbackcl@salon.com,Male,22,24,3108,0,47,5492,0.8,45,4466,0.7,0.8,560004,2
455,Matti,Jenkyn,mjenkyncm@unesco.org,Female,18,18,7218,0.6,16,4090,0.6,12,2021,0.8,0.2,560001,1
456,Gray,Hebdon,ghebdoncn@last.fm,Male,45,39,9607,0.9,40,2352,0.3,50,7429,0.2,0.3,560002,3
457,Thalia,Geake,tgeakeco@twitpic.com,Female,94,2,7418,0.7,6,2790,0.9,26,9072,0.5,0.4,560006,1
458,Alisun,Obal,aobalcp@house.gov,Female,75,32,8797,0.4,43,570,1,12,8674,0.4,0.1,560006,2
459,Gwenore,Beine,gbeinecq@opera.com,Female,93,29,6223,0.9,16,9037,0.6,39,6812,0.9,0.5,560003,2
460,Joellyn,Parsall,jparsallcr@washingtonpost.com,Female,75,28,7283,0.8,3,1988,0.4,11,1796,0.4,0.8,560000,1
461,Dennie,Bruckner,dbrucknercs@csmonitor.com,Female,44,23,4103,0.3,13,1305,0.6,15,4777,0.6,0.2,560001,1
462,Daryl,Yuryaev,dyuryaevct@mozilla.org,Male,98,46,5338,0.4,9,3364,0.8,1,3392,1,0.2,560003,1
463,Mitchael,Skillitt,mskillittcu@usda.gov,Male,38,17,810,0.8,49,4895,0.8,1,5370,0,0.8,560003,1
464,Rivkah,Heintsch,rheintschcv@comsenz.com,Female,93,37,6409,0.3,15,8391,0.6,1,7013,0.7,1,560010,2
465,Matty,Mulliss,mmullisscw@pcworld.com,Female,75,42,4972,0.1,42,2073,0.3,12,5099,0.6,0.1,560001,2
466,Bette,Chevin,bchevincx@senate.gov,Female,62,20,8652,0.5,20,4171,0.8,28,4935,0.2,0.5,560001,2
467,Bernie,Chalcroft,bchalcroftcy@sogou.com,Female,33,24,2884,0.7,35,4051,0.1,47,4595,0.9,0,560008,2
468,Enrika,Brickwood,ebrickwoodcz@spiegel.de,Female,28,33,3957,0.3,24,6219,0.7,15,8260,0.3,0.2,560007,2
469,Odessa,Blonden,oblondend0@linkedin.com,Female,51,42,6964,0.8,2,1373,0.6,10,8964,0.3,0.9,560004,2
470,Matthew,Lightbown,mlightbownd1@homestead.com,Male,30,36,5286,0.5,11,1403,0.8,39,9603,0.5,0.6,560006,2
471,Shanan,Tole,stoled2@mozilla.com,Male,21,38,8377,0.5,9,9141,0.7,29,5461,0.9,0.1,560003,2
472,Drugi,Veltmann,dveltmannd3@army.mil,Male,50,6,2163,0.8,23,3535,0.3,23,3195,0.1,0.2,560008,1
473,Crosby,Ilyinski,cilyinskid4@gmpg.org,Male,78,45,5311,0.7,49,958,0.9,35,9152,0,0.9,560006,3
474,Florina,Felderer,ffeldererd5@engadget.com,Female,86,38,1110,0.4,30,8072,0.3,29,58,0.2,0.6,560010,1
475,Alonso,Chaffen,achaffend6@patch.com,Male,86,43,6111,0.8,39,2569,0.3,39,7645,1,0.4,560002,3
476,Morganne,Rawsthorne,mrawsthorned7@meetup.com,Female,85,3,6096,0.6,29,826,0.4,41,4224,0.1,0.2,560003,1
477,Felike,Adhams,fadhamsd8@nydailynews.com,Male,27,15,5417,0.5,45,4804,1,45,5819,0.8,0,560008,2
478,Iormina,Banstead,ibansteadd9@google.nl,Female,56,18,418,0.5,41,9413,0.2,13,2879,0.3,0.7,560008,2
479,Glori,Falconer-Taylor,gfalconertaylorda@goo.gl,Female,91,48,6696,0.8,24,9347,0.9,14,6903,0.6,0.5,560003,2
480,Mar,Smalman,msmalmandb@macromedia.com,Male,35,37,5036,0.8,9,6924,0.8,41,6547,0.5,0.7,560007,2
481,Sissy,Lorne,slornedc@csmonitor.com,Female,79,23,1629,0.7,36,9150,0.4,43,964,0.3,1,560000,2
482,Florentia,Barnicott,fbarnicottdd@hhs.gov,Female,54,21,3071,0,34,7143,1,6,3767,0.2,0.4,560009,2
483,Walther,Audsley,waudsleyde@seattletimes.com,Male,29,46,880,0.9,46,6897,0.4,6,6464,0.2,0.1,560005,2
484,Lindsy,Broggio,lbroggiodf@issuu.com,Female,42,15,7651,0.8,21,5585,0.8,48,3562,0.9,0.1,560008,2
485,Ilene,Iacopetti,iiacopettidg@paypal.com,Female,64,26,2499,0.4,44,5182,0.9,47,1205,0.2,0.7,560001,2
486,Nevin,Ortet,nortetdh@vk.com,Male,40,37,8955,1,45,9236,0.1,35,1659,0.5,0,560006,3
487,Kaycee,Sandwich,ksandwichdi@odnoklassniki.ru,Female,99,13,8251,0.4,2,292,0.8,13,4252,0.5,0.8,560000,1
488,Gertrudis,Velden,gveldendj@51.la,Female,79,46,7407,0.5,4,474,0.5,15,8339,0.2,0.1,560006,2
489,Romola,Eveleigh,reveleighdk@unblog.fr,Female,90,44,9762,0.1,27,710,0.2,29,4449,0.6,0,560008,2
490,Cathlene,Weddup,cweddupdl@forbes.com,Female,70,14,8741,0.1,22,8630,0.6,16,3508,0.7,0.8,560004,2
491,Siward,Klimowski,sklimowskidm@salon.com,Male,29,5,4247,0.4,31,230,0.4,49,6540,0.6,0.2,560004,2
492,Verney,Donovan,vdonovandn@wikia.com,Male,25,4,6897,0.9,33,598,0.4,32,318,0.7,0.4,560002,1
493,Madison,Greenhow,mgreenhowdo@biglobe.ne.jp,Male,67,32,9688,0.7,5,6485,0.5,15,1007,0.3,0.8,560002,2
494,Hershel,Ansty,hanstydp@yale.edu,Male,49,30,3740,0.2,50,2031,0.8,24,3133,0.3,0.3,560000,1
495,Zacherie,Sumpter,zsumpterdq@yelp.com,Male,100,34,2830,0.9,36,6801,0.2,10,1410,0.4,0.7,560004,2
496,Charlot,Peasee,cpeaseedr@ovh.net,Female,59,37,2114,0.2,2,8079,0.5,47,618,0.7,0.7,560001,1
497,Crawford,Tilliard,ctilliardds@jalbum.net,Male,52,18,5524,0.1,11,1722,0.5,24,4832,0.6,0.7,560010,1
498,Myer,Dietmar,mdietmardt@csmonitor.com,Male,57,19,2844,0.6,8,9978,0.9,36,336,0.5,0.2,560009,1
499,Cornell,Berkley,cberkleydu@businessweek.com,Male,68,11,8908,0.2,40,5277,1,24,1414,0.5,0.2,560007,2
500,Marsh,Kennler,mkennlerdv@microsoft.com,Male,87,33,214,0.5,48,3227,0.7,16,7948,0.9,0.1,560000,1
501,Donaugh,Yannoni,dyannonidw@google.ru,Male,53,16,8028,0.1,31,5661,0.3,50,5984,0.3,0.6,560005,3
502,Orel,Ebbins,oebbinsdx@vimeo.com,Female,65,21,9816,0.7,43,5586,0.8,33,6416,0.1,0.8,560005,3
503,Laverne,Wakeley,lwakeleydy@opensource.org,Female,48,7,2296,0.7,50,364,1,16,6485,0.7,0.4,560010,1
504,Rosemary,Cords,rcordsdz@yahoo.com,Female,71,11,3947,0.2,3,8834,0.2,20,6701,0.4,0.6,560008,1
505,Brady,Savine,bsavinee0@tiny.cc,Male,99,3,843,0,11,319,0.8,23,9000,0.6,0.8,560008,1
506,Clarabelle,Roz,croze1@drupal.org,Female,42,3,3712,0.6,50,1565,0.2,27,5399,0.1,0.6,560007,1
507,Brigitte,Curnock,bcurnocke2@csmonitor.com,Female,61,20,2554,0.7,44,6037,0.7,4,8501,0.7,0.5,560008,2
508,Gregor,Keedwell,gkeedwelle3@woothemes.com,Male,49,27,7546,0.2,29,4347,0.6,30,603,0.9,0.9,560000,2
509,Zorine,Diperaus,zdiperause4@aboutads.info,Female,32,45,8617,0.2,35,8102,0.4,40,3351,0.4,0.1,560010,3
510,Adena,Etherington,aetheringtone5@dailymotion.com,Female,50,36,6971,0,35,2677,0.5,33,7728,0.5,0.3,560010,3
511,Isidro,Jaquest,ijaqueste6@thetimes.co.uk,Male,45,20,4305,0.1,22,690,0.6,22,9224,0.8,0.2,560008,1
512,Flori,Lailey,flaileye7@ow.ly,Female,28,49,2263,0.9,4,8924,0.9,24,8820,0.7,0.6,560004,2
513,Urbanus,Sherringham,usherringhame8@oakley.com,Male,78,14,3498,0.6,43,5376,0.8,4,2849,0.3,0.9,560010,1
514,Penny,Gunthorpe,pgunthorpee9@spiegel.de,Female,61,9,6412,1,13,8717,0.9,1,7151,0.8,0.6,560008,1
515,Cully,Bowmaker,cbowmakerea@hexun.com,Male,41,24,3413,0.3,36,2255,0.4,28,3825,0,0.3,560007,1
516,Jenelle,Misson,jmissoneb@patch.com,Female,37,4,1999,0.4,25,5318,0.8,9,247,0.5,0.8,560005,1
517,Dallas,Godber,dgodberec@netvibes.com,Female,85,18,8041,0.3,49,1354,0,36,8550,0.9,0.8,560006,2
518,Cindy,Brozek,cbrozeked@wix.com,Female,38,33,5236,0.2,28,9820,0.2,4,4383,0.2,0.7,560003,2
519,Maighdiln,Arnoll,marnollee@yale.edu,Female,59,17,9921,0.1,0,5227,0.1,3,1486,0.3,0.1,560008,1
520,Vernon,Skirling,vskirlingef@github.io,Male,39,26,5433,0.1,26,1093,0.7,26,3599,0.1,0.5,560002,1
521,Debi,Aked,dakedeg@cafepress.com,Female,83,29,9134,0.1,14,2753,0.4,17,7487,0.2,0.8,560006,2
522,Coralyn,Kocher,ckochereh@addthis.com,Female,100,3,4340,0.1,38,4396,0.7,17,3925,0.9,0.7,560010,1
523,Nicoli,Mitton,nmittonei@yandex.ru,Female,60,4,823,0.8,36,7951,1,31,8758,0.8,0.5,560004,2
524,Lari,Gomery,lgomeryej@google.ru,Female,31,46,5647,0.1,32,3932,0,0,2823,0.3,0.9,560010,2
525,Bernarr,Stairmand,bstairmandek@nytimes.com,Male,48,45,4250,0.8,34,5486,0.4,9,9014,0.2,0.6,560008,2
526,Gregg,Gerretsen,ggerretsenel@ebay.com,Male,55,24,9710,0,19,4579,0.6,48,5420,0.1,0.1,560000,2
527,Del,Rowlinson,drowlinsonem@t-online.de,Male,31,18,3726,0.8,25,6515,0.6,27,7294,0.2,0.8,560010,2
528,Armand,Silverstone,asilverstoneen@weebly.com,Male,72,31,5071,0.9,13,5146,0.7,35,5810,0.8,0.8,560003,2
529,Kellen,Sant,ksanteo@behance.net,Female,35,6,1487,0.3,21,228,0.3,39,7320,0.7,0.5,560002,1
530,Bidget,Norval,bnorvalep@shinystat.com,Female,35,22,3497,0.1,32,1101,0.2,50,5306,0.7,0.3,560007,2
531,Maribel,Wise,mwiseeq@cbsnews.com,Female,25,42,1077,0.7,50,6181,1,35,4469,0.6,0.4,560001,2
532,Jeniffer,Darben,jdarbener@cbslocal.com,Female,39,21,9574,0.1,39,256,0.6,46,3744,1,0.7,560010,2
533,Yoko,Fley,yfleyes@123-reg.co.uk,Female,82,18,9531,0.3,22,147,0.6,47,1616,0.9,0.5,560003,1
534,Reggis,Cranage,rcranageet@latimes.com,Male,53,27,9878,0.5,7,1582,0.2,6,3241,0.6,0.6,560001,1
535,Willis,O'Loughlin,woloughlineu@usnews.com,Male,27,4,8703,0.4,7,3438,1,45,3600,0.3,0.6,560003,1
536,Fonsie,Haythorn,fhaythornev@is.gd,Male,100,2,7977,0.3,32,4984,0.2,38,7895,0.4,0.1,560008,2
537,Troy,Reisen,treisenew@wikispaces.com,Male,69,32,7226,0.5,46,9672,0.6,39,7181,0.7,0.3,560005,3
538,Mallory,Honniebal,mhonniebalex@surveymonkey.com,Male,56,7,8556,0.3,23,9392,0.3,21,5345,0.3,0.2,560001,2
539,Benedick,Nibley,bnibleyey@ning.com,Male,96,46,2949,0.8,19,5537,0.9,1,3565,0.8,0.9,560009,1
540,Demetris,Fauning,dfauningez@patch.com,Male,50,13,7533,0.6,49,167,0.9,33,1323,0.4,0.2,560008,1
541,Bard,Cuerda,bcuerdaf0@noaa.gov,Male,31,10,9841,0.8,45,5563,0.1,32,4077,0.3,0.9,560009,2
542,Brig,Medina,bmedinaf1@google.com.hk,Male,56,11,9821,0.3,29,2526,0.6,19,5450,0.7,1,560002,1
543,Tallie,Armour,tarmourf2@admin.ch,Female,98,13,8685,0.8,33,9958,0,33,6213,0.9,0.3,560002,3
544,Wyatan,Briggdale,wbriggdalef3@google.it,Male,87,43,7856,0.9,4,8724,0.5,7,8605,0.8,0.1,560005,2
545,Morris,Ford,mfordf4@hhs.gov,Male,71,33,1905,0.4,46,9315,1,36,9174,0.1,0.9,560010,3
546,Osgood,Bunclark,obunclarkf5@mail.ru,Male,56,47,3189,0,15,8669,0.7,25,8105,0.1,0.9,560007,2
547,Jessy,Mortel,jmortelf6@hexun.com,Female,35,39,2128,0.7,1,6904,0.4,20,1334,0.4,0.7,560001,1
548,Dal,Amsden,damsdenf7@skype.com,Male,75,32,1030,0.5,50,5672,0.3,34,216,0.7,0.8,560002,2
549,Tad,Eymer,teymerf8@blogtalkradio.com,Male,98,29,8367,0,1,1660,0.1,19,6969,0.8,0.5,560009,2
550,Goraud,Dodswell,gdodswellf9@acquirethisname.com,Male,41,32,8674,0.8,48,2555,0.7,19,9142,0.8,0.7,560006,2
551,Darin,Pierro,dpierrofa@netscape.com,Male,37,20,2014,0.4,41,9628,0.4,26,9971,0.8,0.1,560000,3
552,Mirabel,Stollsteimer,mstollsteimerfb@baidu.com,Female,23,18,2383,0.3,32,879,0.1,0,4081,0,0.6,560000,1
553,Rex,Vears,rvearsfc@shop-pro.jp,Male,26,21,2656,1,11,4109,0.3,49,6254,0.2,0.5,560001,2
554,Krista,Kornes,kkornesfd@abc.net.au,Female,21,31,1812,1,33,3005,0.5,48,1660,0.7,0.2,560004,1
555,Shandy,Scotney,sscotneyfe@accuweather.com,Female,21,22,8090,0.7,19,1321,0,50,4226,0.7,0.2,560002,2
556,Trish,Bentsen,tbentsenff@ted.com,Female,79,41,9589,0.4,18,4806,0.6,5,8122,0.8,0.6,560002,2
557,Rahel,Radish,rradishfg@indiatimes.com,Female,57,19,6036,0.5,21,4656,0.8,22,4821,0.8,0.7,560010,1
558,Sax,Bertomieu,sbertomieufh@who.int,Male,82,3,3438,0.5,25,4099,0.3,46,5514,0.3,0.5,560004,2
559,Thadeus,Plett,tplettfi@eventbrite.com,Male,82,11,1230,0.6,39,3259,0.8,2,2992,0.1,0.3,560007,1
560,Marcello,McGuinness,mmcguinnessfj@networkadvertising.org,Male,34,30,539,1,16,7379,0.9,38,5602,0.1,0.4,560002,2
561,Wenda,Reuben,wreubenfk@google.ru,Female,96,24,3444,0.2,43,3653,0.1,3,9345,0.4,0.6,560007,1
562,Gray,Laverack,glaverackfl@wordpress.com,Female,25,1,631,0.6,50,3719,0.9,10,2859,0.8,0.9,560000,1
563,Sky,Rosenthal,srosenthalfm@deliciousdays.com,Male,60,19,151,0.4,46,8489,0.3,38,3586,0,0.6,560010,2
564,Jess,Curwen,jcurwenfn@elegantthemes.com,Female,36,2,1231,0.5,45,118,0.8,10,6763,0.7,0.1,560009,1
565,Anabal,Crosetto,acrosettofo@sfgate.com,Female,24,40,779,0.3,45,3266,0.1,30,9109,0.7,0.3,560003,2
566,Meir,Ingall,mingallfp@jigsy.com,Male,32,3,3296,0.6,0,6669,0.5,23,8726,0.4,0.7,560002,1
567,Emalia,Rist,eristfq@joomla.org,Female,38,46,6229,0.9,49,4579,0.3,27,2352,0.3,0.6,560002,2
568,Sheff,Craythorn,scraythornfr@boston.com,Male,34,26,5066,0.1,35,9268,0.2,26,5934,0,0,560000,3
569,Dollie,Lutwidge,dlutwidgefs@cargocollective.com,Female,51,17,2553,0.3,30,1689,0.5,46,6371,1,0.5,560004,2
570,Alyson,Tournie,atournieft@ovh.net,Female,66,49,8104,0.9,4,8033,0.5,50,6548,0.5,0.8,560010,3
571,Bebe,Praton,bpratonfu@acquirethisname.com,Female,94,18,969,0.7,1,6203,0.1,22,6052,0.5,0.4,560003,1
572,Xylina,Gyrgorcewicx,xgyrgorcewicxfv@cpanel.net,Female,18,28,4270,0.9,25,4552,0.8,16,4326,0.5,0.2,560007,1
573,Eugine,Auger,eaugerfw@uol.com.br,Female,63,23,5710,0.8,17,174,0.7,23,7415,0.5,0.1,560003,1
574,Dudley,Farnsworth,dfarnsworthfx@usatoday.com,Male,56,22,2704,0.1,9,4470,0.7,45,4968,0.6,0.2,560005,2
575,Zea,Killiam,zkilliamfy@usda.gov,Female,39,10,5237,0.8,3,6786,0.6,35,2856,0.5,0.5,560003,1
576,Meg,Lockery,mlockeryfz@yelp.com,Female,31,22,9431,0.6,23,9117,1,40,695,0.5,0.8,560002,2
577,Mickie,Crew,mcrewg0@prnewswire.com,Male,58,35,4050,0.3,41,6318,0.8,45,4940,0.5,0.3,560006,2
578,Adrianne,Brand,abrandg1@stumbleupon.com,Female,74,15,4293,1,20,8848,0.4,48,9694,0.4,0.5,560004,3
579,Noam,Battey,nbatteyg2@dell.com,Male,40,41,7264,0.5,25,3751,0.5,40,8258,0.4,0.5,560007,3
580,Selinda,Hebron,shebrong3@senate.gov,Female,19,23,7046,0.4,12,9449,1,23,5914,0.1,0.9,560000,2
581,Derrick,Tagg,dtaggg4@people.com.cn,Male,74,34,9862,0.5,38,7543,1,30,956,0.9,0.8,560002,3
582,Danny,Savill,dsavillg5@pen.io,Male,60,17,4167,0.7,23,1439,0.9,5,7550,0.3,0,560005,1
583,Dawn,Jerman,djermang6@patch.com,Female,48,35,8702,0.7,44,212,0.7,10,2508,0.3,0.5,560006,2
584,Eran,Schuster,eschusterg7@deviantart.com,Female,70,4,7832,0.3,14,4141,0.1,32,5487,0.5,0.6,560004,1
585,Hasheem,Postgate,hpostgateg8@google.com.hk,Male,33,43,824,0.8,13,7620,0.5,9,3721,1,0.6,560002,1
586,Shea,Edington,sedingtong9@bloglines.com,Male,34,14,9262,0.4,43,5255,0.5,47,2294,0.9,0,560001,2
587,Rasla,Vesty,rvestyga@huffingtonpost.com,Female,40,24,6613,1,29,8759,0.3,38,2458,0.4,0.9,560005,2
588,Nona,Caswall,ncaswallgb@alexa.com,Female,96,2,9056,0.2,43,3492,0.4,46,492,0.5,0.9,560007,1
589,Everard,Groucock,egroucockgc@fastcompany.com,Male,92,50,4267,0.6,44,4132,0.9,28,9664,0,0.5,560008,3
590,Elinore,Wolton,ewoltongd@usgs.gov,Female,24,43,3445,0.5,16,6744,0.5,5,5809,0.6,0.8,560007,1
591,Clarence,Barstock,cbarstockge@ibm.com,Male,39,11,976,0.1,4,5298,0.8,16,1643,0.3,0.3,560008,1
592,Amalia,Enderson,aendersongf@rambler.ru,Female,36,6,9416,0.4,30,1160,0.7,29,9073,0.4,0.6,560008,2
593,Letizia,Gotthard.sf,lgotthardsfgg@army.mil,Female,76,42,5159,0.3,21,1705,0.7,21,6673,0.7,0,560001,2
594,Mufinella,Witcomb,mwitcombgh@nps.gov,Female,65,11,1861,0.4,14,1378,0.2,27,6718,0.2,1,560007,1
595,Vonni,Stoeck,vstoeckgi@bing.com,Female,50,11,6841,0.3,31,7048,0.7,27,1733,0.8,0.9,560001,2
596,Cullie,Gley,cgleygj@tumblr.com,Male,69,1,3063,0.9,11,4539,0.9,34,2393,0.6,0.4,560008,1
597,Trstram,Cornish,tcornishgk@amazon.co.jp,Male,25,28,4281,0,21,5270,0.7,16,5403,0.8,0.3,560007,2
598,Bertram,Del Castello,bdelcastellogl@a8.net,Male,65,15,8759,0.3,30,3189,0.5,14,9706,0.7,0.9,560003,2
599,Marve,Sacher,msachergm@reuters.com,Male,40,44,7099,0.5,30,8660,0.4,16,5395,0.4,0.3,560000,3
600,Malachi,Drew,mdrewgn@wikispaces.com,Male,34,12,1275,0.9,49,9661,0.8,31,4013,0.4,0.6,560006,2
601,Pacorro,Slot,pslotgo@buzzfeed.com,Male,31,48,7782,0.4,30,5084,0.9,6,7294,0.8,0.5,560010,2
602,Bethena,Bilbrooke,bbilbrookegp@google.com.hk,Female,53,0,73,0.8,35,4946,0.8,46,4144,0.6,0.6,560003,2
603,Bartholomeus,McGinty,bmcgintygq@canalblog.com,Male,79,34,8726,0.2,33,3866,0.3,13,4167,0.4,0.6,560007,2
604,Dorice,Braybrook,dbraybrookgr@hao123.com,Female,44,26,2602,0.1,16,9117,0.7,18,9269,0.1,0,560008,2
605,Ardyth,Vanyakin,avanyakings@oakley.com,Female,24,27,1494,1,12,9307,0.3,16,4147,0.7,0.8,560003,1
606,Sybyl,Patsall,spatsallgt@printfriendly.com,Female,63,17,6061,0.9,47,8293,0.6,15,2808,0.7,0.4,560003,2
607,Bailie,Sowter,bsowtergu@topsy.com,Male,69,20,3623,0.1,34,8672,0.1,40,1952,0.7,0.9,560010,2
608,June,Beccero,jbeccerogv@ycombinator.com,Female,57,42,7832,0.2,29,6503,1,8,2368,0.3,0.6,560010,2
609,Kenneth,Urquhart,kurquhartgw@arizona.edu,Male,53,48,7324,1,49,7363,0.3,25,7939,0.2,0.3,560005,3
610,Sholom,Moland,smolandgx@craigslist.org,Male,56,38,8456,0.8,5,9764,0.2,24,1409,0.3,0.5,560001,2
611,Arty,Stemson,astemsongy@home.pl,Male,33,27,8447,0.8,19,7497,0.8,3,4773,0.9,0.2,560010,2
612,Ingemar,Tomczykowski,itomczykowskigz@nifty.com,Male,75,14,2061,0.8,18,5986,0.6,30,1053,0.2,0.7,560008,1
613,Davine,Honack,dhonackh0@cnbc.com,Female,23,32,9902,0.5,29,1430,0.4,27,821,0.9,0.7,560002,2
614,Osbert,Allone,oalloneh1@blinklist.com,Male,71,15,6309,0.5,15,3891,0.9,47,1263,0.9,1,560000,1
615,Murvyn,Gehrtz,mgehrtzh2@uiuc.edu,Male,23,50,291,0.8,33,4888,1,28,6286,0.9,0.7,560010,2
616,Humphrey,McCartney,hmccartneyh3@usnews.com,Male,70,47,7559,1,32,8946,0.4,2,6928,0.3,0.3,560005,3
617,Marni,Alonso,malonsoh4@prweb.com,Female,29,13,9625,0.2,4,2930,0.5,42,9254,0.8,0.5,560000,2
618,Doe,Aldiss,daldissh5@w3.org,Female,79,11,6858,0.8,12,2559,0.4,40,5547,0.2,0.6,560008,2
619,Brigitta,McTavish,bmctavishh6@de.vu,Female,83,31,9036,0.9,1,8279,0.4,26,5189,0.5,0.9,560004,2
620,Anjanette,Olney,aolneyh7@desdev.cn,Female,24,41,3815,0.6,7,113,0.1,19,4609,0.6,0.8,560008,1
621,Clari,Ketts,ckettsh8@canalblog.com,Female,72,39,7573,0.8,46,9796,0.8,17,5090,0.8,0.2,560003,3
622,Hadley,Coatts,hcoattsh9@wsj.com,Male,63,47,4561,1,14,3971,0.7,44,2776,0.9,0.8,560009,2
623,Maris,Wattam,mwattamha@github.io,Female,63,6,6125,0.3,32,1435,0,12,2944,0.7,0.3,560001,1
624,Jefferson,Illingworth,jillingworthhb@miibeian.gov.cn,Male,58,44,1649,0,34,7413,0.3,46,7024,1,0.5,560003,3
625,Reynard,Huntingdon,rhuntingdonhc@wikia.com,Male,95,46,3320,0.7,22,4509,0.9,21,8213,0.2,0.2,560007,2
626,Roderich,Stalman,rstalmanhd@ucoz.com,Male,76,3,6801,0.5,35,8822,0.4,10,7521,0,0.7,560005,2
627,Beatrisa,Allabarton,ballabartonhe@disqus.com,Female,86,4,3873,0.6,11,1151,0.9,49,1816,0.9,0.7,560008,1
628,Culley,Vasilenko,cvasilenkohf@tiny.cc,Male,38,47,8335,0,0,7229,0.4,20,4058,0.7,0.9,560005,2
629,Anette,Sinnett,asinnetthg@kickstarter.com,Female,38,32,581,0.5,35,490,0.3,31,9178,0.6,0.4,560000,2
630,Portia,Grigorkin,pgrigorkinhh@discuz.net,Female,48,25,550,0.9,13,4462,0.7,34,4793,0.7,0.8,560002,1
631,Zach,Madre,zmadrehi@themeforest.net,Male,82,9,8663,1,2,6061,0,12,6453,0.4,0.5,560006,1
632,Bunni,Duester,bduesterhj@opensource.org,Female,90,18,6756,0.6,38,4766,0.3,15,3317,0.5,0.8,560010,2
633,Nana,Anshell,nanshellhk@elpais.com,Female,69,50,519,0.8,32,9498,0.8,9,2042,0.5,0.7,560008,2
634,Rhianon,Jeafferson,rjeaffersonhl@csmonitor.com,Female,84,16,7730,0.5,45,2705,0.7,3,8526,0.9,0.6,560001,1
635,Marc,Skain,mskainhm@deviantart.com,Male,75,36,510,0.8,43,9072,0.4,48,8640,0.1,0.6,560009,3
636,Juli,Branson,jbransonhn@sakura.ne.jp,Female,75,20,6147,0.5,4,5923,0.3,15,9505,0.1,1,560006,1
637,Idelle,McCully,imccullyho@intel.com,Female,22,6,1131,0.3,16,875,0.4,29,8942,0.2,0.3,560001,1
638,Jsandye,Odgaard,jodgaardhp@trellian.com,Female,86,35,295,1,19,6099,0.6,47,9902,0,0,560005,3
639,Janel,Blackledge,jblackledgehq@vkontakte.ru,Female,90,17,9511,0.9,24,2997,0.1,12,355,0.4,0.3,560001,1
640,Silvia,Steuhlmeyer,ssteuhlmeyerhr@washingtonpost.com,Female,66,43,407,0.8,2,9677,0.6,22,7576,0.3,0.7,560005,1
641,Kelby,Klink,kklinkhs@stumbleupon.com,Male,32,24,4712,0.3,0,237,0.6,38,1195,0,0.1,560001,1
642,Drucill,Rolingson,drolingsonht@nasa.gov,Female,100,27,2111,0.1,15,6985,0.3,43,7897,0.2,0.6,560003,2
643,Deborah,Prudham,dprudhamhu@nymag.com,Female,46,36,6976,0,24,1433,0.8,28,4869,0,0.4,560007,2
644,Luciano,Wimsett,lwimsetthv@rediff.com,Male,47,4,9174,0.4,15,9361,0.9,11,3278,0.9,0.4,560000,1
645,Isidor,Reasun,ireasunhw@gov.uk,Male,70,20,6758,0.9,1,8609,0.2,11,5940,0.8,0.4,560002,1
646,Greta,Loveredge,gloveredgehx@gov.uk,Female,73,22,7088,0.9,26,374,0.6,42,3006,0.2,0.1,560009,1
647,Jefferson,Rock,jrockhy@blogtalkradio.com,Male,74,2,6117,0.5,33,7753,0.8,29,6497,0.2,0.6,560007,2
648,Rianon,Hatcher,rhatcherhz@4shared.com,Female,26,42,4597,0.8,5,7578,0.9,36,9784,0.2,0.3,560010,2
649,Lianne,Fallowes,lfallowesi0@i2i.jp,Female,26,23,4217,0.3,16,2484,0.7,30,7240,0.3,0.2,560006,2
650,Tani,Wigelsworth,twigelsworthi1@booking.com,Female,68,24,5471,0.2,30,2321,0.6,37,2921,1,0.8,560008,1
651,Freida,Loalday,floaldayi2@ca.gov,Female,85,35,9607,0.8,35,3176,0.9,8,8959,0.9,0.7,560005,2
652,Liliane,Gateman,lgatemani3@hugedomains.com,Female,94,24,2759,0,20,4129,0.5,5,1725,0.9,0.8,560009,1
653,Howie,Juliff,hjuliffi4@jiathis.com,Male,100,21,9069,0.8,14,3469,0.2,12,4002,0.1,0.6,560006,1
654,Brandise,Paolozzi,bpaolozzii5@amazonaws.com,Female,37,31,9414,0.3,27,5098,0.9,16,7741,0.9,0.9,560002,2
655,Fabien,Kiraly,fkiralyi6@google.co.uk,Male,47,42,4347,0.4,36,3289,0.9,34,6650,0.9,0.7,560007,2
656,Parry,Goter,pgoteri7@youku.com,Male,53,1,1828,0.1,37,9179,0.6,11,607,0.7,0.3,560006,2
657,Bonita,Bracken,bbrackeni8@mail.ru,Female,83,6,1413,0,5,6587,0.1,36,6930,0.3,0.5,560004,1
658,Jase,Crossby,jcrossbyi9@a8.net,Male,41,27,1016,0.2,26,1170,0.8,42,1577,0.8,0.8,560005,1
659,Rogers,Tilney,rtilneyia@github.io,Male,51,46,1659,0.3,10,3180,0.7,8,9999,0.6,0.4,560007,1
660,Tanitansy,Heintsch,theintschib@time.com,Female,49,11,6394,0.9,27,9252,0.3,42,8683,0.4,0.3,560009,3
661,Hulda,Ruvel,hruvelic@geocities.com,Female,94,25,5159,0.8,12,5900,0.9,32,2310,0.1,0.8,560003,1
662,Harmon,Leak,hleakid@mozilla.org,Male,26,33,136,0.6,38,5023,0.9,43,9425,0.3,0.1,560009,2
663,Vally,Dymond,vdymondie@sourceforge.net,Female,61,33,882,0.5,14,8674,0.2,42,5111,0.6,0.7,560000,2
664,Mufinella,Studholme,mstudholmeif@github.io,Female,71,50,2874,0.5,13,549,0.8,23,3886,0.2,0.7,560009,1
665,Fayre,Liver,fliverig@spotify.com,Female,81,2,6817,0.1,34,8483,0.9,2,605,0.6,0.1,560009,1
666,Prue,Leadbeater,pleadbeaterih@cisco.com,Female,49,18,9887,0.8,34,9261,0.1,7,5405,0.5,0.8,560005,2
667,Cosme,De Giorgi,cdegiorgiii@google.de,Male,65,47,7385,0.7,35,5820,0.3,16,1838,0.8,0.4,560009,2
668,Jacquenetta,Crankshaw,jcrankshawij@weather.com,Female,80,10,6929,0.3,30,7021,0.3,12,4471,0,0.5,560001,2
669,Chanda,Fairney,cfairneyik@feedburner.com,Female,22,2,4911,0.7,36,312,0.5,15,6733,0.3,0.6,560002,1
670,Erhart,Cornewell,ecornewellil@opensource.org,Male,88,3,8687,0.3,36,5246,0.7,3,7244,0.4,0.7,560007,1
671,Minetta,Gogin,mgoginim@qq.com,Female,54,6,9043,1,4,5726,0,29,7457,0.8,0.7,560001,1
672,Quint,Gerold,qgeroldin@vkontakte.ru,Male,80,20,193,0.7,18,5021,0.9,39,1612,0.4,0.4,560009,1
673,Timmy,Hellard,thellardio@oakley.com,Male,86,36,9666,0.9,23,6748,0.7,14,7130,0,0.9,560003,2
674,Aila,Bertome,abertomeip@census.gov,Female,90,29,3732,1,46,4292,0.2,17,8710,0.6,0.4,560010,2
675,Misty,Bickersteth,mbickerstethiq@constantcontact.com,Female,100,38,84,0.8,28,8990,1,46,8130,0.5,0.2,560008,2
676,Kippie,Breakspear,kbreakspearir@home.pl,Male,97,32,4068,1,3,8460,0.4,25,2625,0.6,0.2,560007,1
677,Taddeusz,O'Duggan,todugganis@bravesites.com,Male,60,32,5786,1,32,3760,0.3,20,5942,0.7,0.6,560002,2
678,Richy,Mc-Kerley,rmckerleyit@si.edu,Male,78,13,7536,0.1,38,8462,0.8,19,2112,0.3,0.3,560001,2
679,Anton,Burmingham,aburminghamiu@nytimes.com,Male,25,9,642,0.3,26,3729,0.8,41,1294,0.8,0.7,560007,1
680,Melva,Kruse,mkruseiv@e-recht24.de,Female,75,33,1284,0.7,47,9550,0.4,38,5459,0.5,0.2,560007,3
681,Prent,Zavattari,pzavattariiw@pen.io,Male,40,10,1539,0.8,35,8001,0.4,50,5632,0.6,0.1,560009,2
682,Gail,Aglione,gaglioneix@live.com,Male,59,46,5419,0.9,11,4087,0.4,8,9270,0.5,0.6,560005,2
683,Darleen,Perl,dperliy@bbc.co.uk,Female,60,3,2475,0.7,48,4228,0.5,46,1962,0.8,0.3,560006,1
684,Mendie,Lynagh,mlynaghiz@huffingtonpost.com,Male,85,31,560,0.4,36,1426,0.2,49,7427,0.7,0.3,560000,2
685,Ado,Binion,abinionj0@irs.gov,Male,58,21,1817,0.6,29,795,0.4,34,4622,0.9,0.6,560009,1
686,Alphonse,Deniske,adeniskej1@jimdo.com,Male,54,5,3956,0.3,0,8938,0.4,23,2511,0.8,0.5,560004,1
687,Flynn,Coie,fcoiej2@netscape.com,Male,79,35,9709,0.6,0,5011,0.3,0,1934,0.7,0.3,560001,2
688,Braden,Martynov,bmartynovj3@behance.net,Male,71,4,3490,0.9,20,2311,1,48,7968,0.2,0.1,560006,2
689,Winny,Rutigliano,wrutiglianoj4@cmu.edu,Female,36,31,4279,1,35,1694,0.5,43,1868,0,0.6,560008,1
690,Jarrad,Kerbey,jkerbeyj5@google.co.jp,Male,87,33,8748,0.8,42,8960,1,36,4382,0.2,0.2,560002,3
691,Mavis,Syddie,msyddiej6@over-blog.com,Female,29,30,993,0.9,29,6359,0.3,42,9653,0.8,0.4,560006,2
692,Abra,Budleigh,abudleighj7@telegraph.co.uk,Female,48,36,266,0.8,0,6652,0.8,30,5564,0.7,0.8,560003,1
693,Sanders,Cressor,scressorj8@icio.us,Male,95,50,6879,0.8,25,8513,0.1,28,8335,0.5,0.4,560008,3
694,Omar,Titt,otittj9@t.co,Male,44,47,2755,0.5,12,9648,0.2,45,7805,0.9,0.2,560009,2
695,Pepillo,Wedlake,pwedlakeja@cisco.com,Male,33,31,8192,0.5,41,3610,0.8,26,9948,0.8,0.5,560002,3
696,Bentlee,Ferreira,bferreirajb@ca.gov,Male,99,7,4326,0.8,26,9127,0.7,7,1335,0.5,0,560003,1
697,Lyndsey,Normaville,lnormavillejc@deliciousdays.com,Female,65,49,4060,0.7,4,4302,0.7,9,4112,0.9,0.7,560007,1
698,Jethro,Rosina,jrosinajd@cdbaby.com,Male,94,3,356,0.7,13,9649,0.2,31,2692,0.5,0.7,560009,1
699,Colet,Philipp,cphilippje@deviantart.com,Male,87,14,8932,0.9,25,1997,0.4,20,4337,0.8,0.7,560002,1
700,Jewell,Tubbs,jtubbsjf@dion.ne.jp,Female,97,30,7868,0.9,50,941,0.9,20,4636,0.6,0.9,560004,2
701,Faustina,Seakes,fseakesjg@goo.ne.jp,Female,25,50,6415,0,3,4037,0,11,912,0.9,0.9,560008,2
702,Korry,Rosini,krosinijh@digg.com,Female,29,11,1468,0.6,36,293,0.5,17,7894,0.2,0.1,560007,1
703,Benedick,Delgardo,bdelgardoji@google.com.br,Male,51,44,5531,0.3,19,3751,0.4,39,4277,0.7,0.1,560008,2
704,Elroy,Atcherley,eatcherleyjj@toplist.cz,Male,89,20,8328,0.6,40,4534,0.1,14,424,0.3,0.6,560007,2
705,Elvyn,Udale,eudalejk@mtv.com,Male,47,7,2481,0,24,3170,0,48,4910,0,0.1,560004,2
706,Arlena,Collicott,acollicottjl@goo.gl,Female,71,1,6149,0.7,25,8526,0.4,35,7501,0.8,0.4,560000,2
707,Morissa,Antosch,mantoschjm@liveinternet.ru,Female,61,7,6004,0.2,16,4607,0.9,16,746,0.6,0.5,560004,1
708,Sara-ann,Dulinty,sdulintyjn@utexas.edu,Female,59,28,236,0.7,16,3575,0.3,36,1365,0.9,0.3,560003,1
709,Lyon,Gritsunov,lgritsunovjo@usa.gov,Male,100,2,1151,0.7,17,8398,0.6,34,3212,0.3,0.3,560007,1
710,Colline,Alvares,calvaresjp@devhub.com,Female,19,10,50,0.7,21,5891,0.8,40,4667,0.5,0.2,560009,1
711,Mirelle,Dewick,mdewickjq@sbwire.com,Female,33,44,9421,0.9,14,6952,0.7,31,5884,0.1,0.1,560001,3
712,Carver,McCurley,cmccurleyjr@fema.gov,Male,21,33,2553,0.6,38,6567,0.7,26,2930,0.3,0,560002,2
713,Devlin,Flintiff,dflintiffjs@dot.gov,Male,43,10,6543,0.5,2,178,0.1,37,8160,0,0.5,560008,2
714,Kevin,Macura,kmacurajt@bravesites.com,Male,46,7,9336,1,36,5950,0.5,45,7958,0.9,0.6,560010,2
715,L;urette,Doyley,ldoyleyju@sfgate.com,Female,33,38,6793,0.8,21,5790,0.1,45,9455,0.8,0,560010,3
716,Gage,Endacott,gendacottjv@newyorker.com,Male,46,6,4242,0.6,11,9641,0.6,22,209,0.4,0.2,560001,1
717,Esteban,Pidcock,epidcockjw@people.com.cn,Male,93,40,3875,0.6,38,3292,0.6,50,7104,0.6,0.7,560003,3
718,Bone,Payler,bpaylerjx@ameblo.jp,Male,63,26,3433,0.8,31,9765,0.6,28,7056,0.3,0,560009,2
719,Laure,Bishop,lbishopjy@mapy.cz,Female,95,41,8423,0.1,37,3101,0.7,44,2528,0.5,0.5,560001,2
720,Tish,Milan,tmilanjz@bing.com,Female,43,0,1107,0.6,23,3093,0.9,45,8760,0.8,0.7,560010,2
721,Salomi,Diperaus,sdiperausk0@seattletimes.com,Female,38,49,6325,1,48,7131,0,32,2333,0.8,0.6,560000,3
722,Arnuad,Milch,amilchk1@google.it,Male,45,37,9952,0.9,46,8474,0.5,6,9479,1,0.8,560010,3
723,Neel,Tizzard,ntizzardk2@reverbnation.com,Male,71,30,3631,0.5,37,5374,0.5,42,2973,0.4,0.5,560005,2
724,Colman,Fish,cfishk3@constantcontact.com,Male,93,21,4832,0.9,14,8962,0.5,29,4378,0.5,0.1,560008,2
725,Tull,Trees,ttreesk4@dyndns.org,Male,39,1,4247,0.1,34,1605,0.4,25,8557,1,0.5,560007,1
726,Freddie,Molyneux,fmolyneuxk5@boston.com,Male,69,29,9847,0.5,43,5858,0.3,6,8452,0.8,0.7,560002,2
727,Ermin,Siflet,esifletk6@pcworld.com,Male,92,18,1307,1,50,1426,0.9,19,1568,0.8,0.9,560000,1
728,Porty,Aberdein,paberdeink7@etsy.com,Male,45,49,6391,0.2,5,134,0.6,50,6507,0.1,0.6,560010,3
729,Bernadine,Biddell,bbiddellk8@cloudflare.com,Female,83,50,8396,0.8,37,9428,0.1,2,2277,0.9,0.8,560005,3
730,Pearline,Brecknall,pbrecknallk9@amazon.com,Female,44,48,5830,1,49,7216,0.8,42,3944,0.1,0.6,560008,3
731,Nixie,Wilshire,nwilshireka@sourceforge.net,Female,36,39,2818,0.3,26,1318,0.2,4,9356,0.6,0.1,560009,1
732,Duff,Grunnell,dgrunnellkb@indiegogo.com,Male,71,45,275,0,2,3036,1,22,8520,1,0.4,560004,1
733,Sissy,Philippe,sphilippekc@yellowbook.com,Female,100,6,913,0.1,25,5947,0.6,42,9170,0.3,0.7,560007,2
734,Luelle,Honacker,lhonackerkd@harvard.edu,Female,78,47,9649,0.9,19,534,0.4,38,7694,0.3,0.5,560000,3
735,Wilhelmina,Escalero,wescaleroke@artisteer.com,Female,18,35,7201,0.3,3,6345,0.3,13,6320,0.4,0.5,560004,2
736,Malvin,Yurchenko,myurchenkokf@theguardian.com,Male,33,8,779,0.2,2,312,1,28,3269,0.7,0.1,560007,1
737,Joycelin,Hazeldine,jhazeldinekg@live.com,Female,55,31,3407,0.4,26,964,0.4,26,251,0.1,0.8,560009,1
738,Niven,Misk,nmiskkh@gizmodo.com,Male,65,43,3793,0.3,44,5289,0.5,36,7874,0.5,0.9,560010,3
739,Grazia,Dmitriev,gdmitrievki@prlog.org,Female,94,5,4343,0.5,11,7076,0.3,17,9370,0.4,0.9,560008,1
740,Abrahan,Fried,afriedkj@pinterest.com,Male,36,25,275,0.6,3,463,0.9,30,1236,0.7,0.6,560005,1
741,Peder,Brussels,pbrusselskk@rakuten.co.jp,Male,42,36,5803,0.1,35,4943,0.1,9,3139,0,0.6,560010,2
742,Lorry,Borzoni,lborzonikl@yellowbook.com,Male,35,17,395,0.9,4,3255,0.8,23,2629,0.5,0.9,560004,1
743,Oneida,Mcettrick,omcettrickkm@ihg.com,Female,86,11,8128,0.4,22,410,0,11,801,0.8,1,560002,1
744,Maximilien,Child,mchildkn@auda.org.au,Male,77,30,2578,1,44,5685,0.4,42,3988,0.1,0.7,560000,2
745,Paulita,Samett,psamettko@geocities.com,Female,45,46,1880,0.2,49,5431,0.9,44,4576,0.3,0.1,560001,2
746,Ilario,Rossant,irossantkp@plala.or.jp,Male,48,39,6255,0.6,31,6078,0.1,4,3349,0.4,0.8,560003,2
747,Ailee,Sandbach,asandbachkq@histats.com,Female,72,17,2422,1,4,8290,0.7,19,4132,0.3,0.1,560004,1
748,Ronna,Deluce,rdelucekr@stanford.edu,Female,18,17,9702,0.1,24,3571,0.1,9,3274,0,0.5,560006,1
749,Hubert,Gatland,hgatlandks@imgur.com,Male,41,44,398,0.2,15,4550,0.9,45,3824,0.8,0.8,560008,1
750,Corrine,Zapata,czapatakt@hatena.ne.jp,Female,50,42,3526,1,37,2402,0.3,12,9478,0.8,0,560003,2
751,Franciska,Zarfati,fzarfatiku@marketwatch.com,Female,64,32,2185,0.6,40,4546,0.1,18,3765,0.1,0.1,560006,2
752,Cecilio,Karslake,ckarslakekv@businessweek.com,Male,40,11,9584,0.1,29,3902,0.4,50,6604,0.7,0.7,560003,2
753,Rog,Lusgdin,rlusgdinkw@ovh.net,Male,79,47,4082,0.7,43,1752,1,33,8622,0.2,0.1,560004,2
754,Gavrielle,Greengrass,ggreengrasskx@unblog.fr,Female,68,14,328,0.6,31,2455,0.6,46,2892,0.8,0.3,560009,1
755,Tanny,Girkin,tgirkinky@nature.com,Male,93,37,5331,1,25,4812,0.4,45,6919,0.8,0.4,560004,2
756,Innis,Burchell,iburchellkz@rambler.ru,Male,34,44,7683,0.2,4,6119,0.6,34,2599,0.4,0.7,560008,2
757,Kerwinn,Boyson,kboysonl0@typepad.com,Male,18,36,2057,0.9,7,2037,0.6,42,5266,0.8,0.7,560005,1
758,Ulrick,Caitlin,ucaitlinl1@accuweather.com,Male,75,29,2842,0.5,22,777,0.1,16,7171,0.7,0.8,560008,1
759,Consuela,Claiton,cclaitonl2@bloglovin.com,Female,97,12,8332,0.2,42,5640,0.7,41,5765,0.9,0.2,560001,2
760,Ardith,Bolland,abollandl3@jugem.jp,Female,68,4,4538,0.1,44,5018,0.4,11,6957,0.7,0.6,560009,2
761,Benji,Boeck,bboeckl4@senate.gov,Male,41,43,7600,0.1,13,1557,0.4,11,3630,0.4,0.2,560006,2
762,Kylila,Leedal,kleedall5@domainmarket.com,Female,53,22,8679,1,44,1304,0,47,7741,0.6,0.1,560006,2
763,Alan,Hendricks,ahendricksl6@cbslocal.com,Male,56,29,1646,0.4,24,4310,0.4,25,4487,1,0.8,560009,1
764,Rickard,Adair,radairl7@altervista.org,Male,38,14,7871,0.9,41,7776,0.3,17,7917,1,0.2,560003,2
765,Delmore,Jaegar,djaegarl8@wikia.com,Male,25,43,7005,0.7,43,5401,0.6,17,4095,0.8,0.1,560003,2
766,Salomone,Deniso,sdenisol9@cbc.ca,Male,94,29,4118,0.4,35,9993,0.8,50,5204,0.8,0.4,560006,3
767,Hubert,Goodbody,hgoodbodyla@purevolume.com,Male,75,22,9849,0.5,23,9679,0.6,15,9879,0.9,0.2,560008,2
768,Roseanne,Habbon,rhabbonlb@mapquest.com,Female,28,11,6833,0.1,13,5403,0.9,19,5032,0.7,0.8,560000,1
769,Evan,Peattie,epeattielc@princeton.edu,Male,56,12,798,0.2,11,8826,0.8,42,6932,0.4,0,560001,2
770,Dayna,Bowater,dbowaterld@eepurl.com,Female,38,32,7907,0.7,17,9366,0.9,47,6864,0.2,0.4,560003,3
771,Vasili,Battams,vbattamsle@istockphoto.com,Male,35,19,1355,0.2,50,1016,0.8,46,9090,0.2,1,560004,2
772,Keslie,Pownall,kpownalllf@usa.gov,Female,77,6,9274,0.1,13,8620,0.6,4,2869,0.6,0.5,560009,1
773,Cordell,Hobgen,chobgenlg@angelfire.com,Male,96,34,709,0.5,8,9313,0.4,20,6996,0.1,0.2,560002,1
774,Diann,Kalkofen,dkalkofenlh@xinhuanet.com,Female,26,13,2060,0.9,26,2994,0.7,28,2089,0.3,0.7,560004,1
775,Brigg,Barmadier,bbarmadierli@nba.com,Male,25,21,3129,0.8,39,97,0.7,3,5309,0,0.3,560000,1
776,Peter,Di Carlo,pdicarlolj@fema.gov,Male,24,20,2051,0.7,16,9011,0.8,7,6454,0,0.7,560003,1
777,Dionne,Margiotta,dmargiottalk@ucsd.edu,Female,61,31,4074,0.3,15,9328,0.1,32,8491,0.5,0.7,560006,2
778,Troy,Ferminger,tfermingerll@yellowbook.com,Male,58,7,1674,0.6,27,4265,0.6,17,7362,0.6,0.6,560001,1
779,Miriam,Roarty,mroartylm@wiley.com,Female,33,7,7944,0.8,9,6430,0.2,11,7058,0.2,0.7,560006,1
780,Mordy,Sanz,msanzln@slate.com,Male,27,21,580,0.2,16,6775,0.9,22,3219,0.9,0.4,560000,1
781,Kelsy,Archanbault,karchanbaultlo@fastcompany.com,Female,38,4,7344,0.2,27,2156,0.7,25,1782,0.3,0.3,560009,1
782,Bail,Rentoll,brentolllp@cpanel.net,Male,59,22,1663,0.7,23,2128,0.2,38,6548,0.5,0.8,560003,2
783,Clementine,Harrington,charringtonlq@mozilla.org,Female,44,4,5800,0.4,14,9660,0.5,13,4075,0.2,0.3,560008,1
784,Gunar,Mawford,gmawfordlr@creativecommons.org,Male,52,24,6312,0.2,35,5144,0.2,4,517,0.1,0.2,560001,2
785,Gibbie,Whatmough,gwhatmoughls@hibu.com,Male,76,13,6628,0.9,22,4130,0.5,7,9547,0.6,0.3,560001,1
786,Ellyn,Kunath,ekunathlt@google.com.hk,Female,91,40,1166,0,35,3498,0.4,9,3305,0.9,0.2,560001,1
787,Phip,Morcomb,pmorcomblu@abc.net.au,Male,36,23,9641,0.1,35,9991,0.8,19,5573,0.9,0.9,560001,3
788,Lindsey,Josephson,ljosephsonlv@google.co.uk,Female,97,15,2380,0.5,39,3744,0.3,4,7267,0.1,0.7,560001,1
789,Idelle,Rainy,irainylw@i2i.jp,Female,39,21,5662,0.5,43,7206,0.1,0,6236,0.8,0.3,560004,2
790,Brendis,Lennarde,blennardelx@google.co.uk,Male,79,35,5393,0.7,15,6827,0.9,3,5227,0.1,0.3,560002,1
791,Beatrice,Haddy,bhaddyly@theguardian.com,Female,98,32,9115,0.4,28,7415,0.2,32,7867,0.9,0.4,560003,3
792,Winn,Real,wreallz@go.com,Male,23,31,1966,0.9,14,1562,1,19,4303,0.7,0.5,560008,1
793,Kellsie,McGrann,kmcgrannm0@a8.net,Female,47,19,9613,0.4,0,599,0.6,29,8610,0.3,0.9,560002,2
794,Bobbee,Clinton,bclintonm1@cbc.ca,Female,77,20,1460,0.7,25,1734,0,34,3321,0,0.9,560004,1
795,Emile,Plett,eplettm2@acquirethisname.com,Male,49,25,5074,0.2,4,4030,0.7,46,1748,0,0.1,560003,1
796,Christel,Uglow,cuglowm3@nasa.gov,Female,86,48,8090,0.4,37,829,0.4,44,2257,0.8,0.8,560006,2
797,Cosetta,Corbally,ccorballym4@spotify.com,Female,72,1,709,0.1,26,7933,0,48,9313,0.8,0.2,560001,3
798,Beniamino,Peerman,bpeermanm5@bloglines.com,Male,100,37,1841,1,31,6431,0.4,10,3064,0.7,0.3,560008,1
799,Ilse,Skyppe,iskyppem6@linkedin.com,Female,43,50,1480,0.6,22,2299,0.7,19,5408,0.6,1,560009,1
800,Mikol,Lunge,mlungem7@free.fr,Male,36,48,4505,0.8,47,2828,0.3,41,3528,0.1,0.2,560005,2
801,Walsh,Message,wmessagem8@webmd.com,Male,27,22,6208,0.4,1,6986,0.4,20,9364,0.7,0.2,560010,2
802,Kaia,Critchley,kcritchleym9@dailymotion.com,Female,59,35,3298,0.2,23,9630,0.9,21,4274,0.5,0.4,560010,2
803,Jeanine,Borgne,jborgnema@washington.edu,Female,47,45,2425,0.8,35,6940,0.5,48,3612,0.1,0.9,560008,2
804,Deni,Whiten,dwhitenmb@usgs.gov,Female,40,8,9271,0.4,9,928,0.2,5,7722,0.9,0.2,560003,1
805,Isac,MacLleese,imaclleesemc@youtube.com,Male,53,26,3767,0.8,30,1541,0.8,34,5509,0,0.7,560004,2
806,Tessy,Wardhough,twardhoughmd@yellowbook.com,Female,69,8,1563,0.8,4,4904,0.9,1,1430,1,0.2,560008,1
807,Meir,Treadger,mtreadgerme@deliciousdays.com,Male,19,30,5408,0.6,23,7294,0.1,8,7110,0.2,0,560001,2
808,Gui,Kilalea,gkilaleamf@reddit.com,Female,95,10,4332,0.3,45,7273,0.6,43,2164,0.8,0.4,560001,2
809,Roxana,Raoul,rraoulmg@tinyurl.com,Female,83,38,525,0.3,0,5802,0,16,5505,0.7,0.6,560009,1
810,Heywood,Lamberteschi,hlamberteschimh@google.co.jp,Male,18,28,9166,0.6,1,6137,0.4,43,6239,0.6,0.6,560006,2
811,Rubie,Tottman,rtottmanmi@arstechnica.com,Female,52,28,2597,0.2,29,9076,0.8,27,7572,0.8,0.4,560002,2
812,Melonie,Berryann,mberryannmj@ask.com,Female,68,21,5082,0.5,46,6752,0.4,26,7820,0.2,1,560005,3
813,Kermy,Eliet,kelietmk@blogs.com,Male,19,4,9478,0.2,20,7959,0.6,36,7932,1,0.3,560007,2
814,Phylys,Skuce,pskuceml@earthlink.net,Female,83,1,8051,0.4,50,8129,0.7,41,1455,0.6,0.4,560000,2
815,Corenda,Beel,cbeelmm@comsenz.com,Female,81,15,4710,0.8,17,7838,0.6,13,3631,0.4,0.1,560009,1
816,Erica,Wiseman,ewisemanmn@sphinn.com,Female,40,3,9066,0.5,29,3774,0.8,13,4646,0.3,0.1,560010,1
817,Noby,Maddaford,nmaddafordmo@themeforest.net,Male,18,47,7724,0.6,3,4195,0.4,25,7190,0.3,0.5,560009,2
818,Ase,McGinly,amcginlymp@joomla.org,Male,52,0,9391,0.5,41,2481,0.8,7,1642,0.9,0.8,560003,1
819,Sauveur,Cornier,scorniermq@mozilla.org,Male,29,0,4877,0,40,5586,0.3,41,5107,0.5,0.7,560006,2
820,Gerry,Reuter,greutermr@sun.com,Male,35,21,5636,0.6,39,4102,0,43,7318,1,0.5,560002,2
821,Wittie,Bugby,wbugbyms@slideshare.net,Male,52,41,1948,0.2,14,4489,0.9,46,3566,1,0.3,560001,1
822,Zarah,MacKimm,zmackimmmt@unblog.fr,Female,28,3,9961,0.7,8,7071,0.6,10,7701,0.5,0.3,560009,1
823,Derwin,Beels,dbeelsmu@issuu.com,Male,22,0,4669,0.7,30,9363,0.6,1,1180,0.6,0.3,560006,1
824,Selie,Espinha,sespinhamv@tripod.com,Female,100,28,844,0.9,29,1662,0.8,29,6659,0.1,0.2,560001,1
825,Aeriel,Handy,ahandymw@hibu.com,Female,83,41,9937,0.6,30,3254,0.4,13,1526,0.5,0.9,560005,2
826,Raul,Randle,rrandlemx@pcworld.com,Male,28,49,7172,0.1,25,2538,0.9,42,6394,0.3,0.1,560005,3
827,Andriana,Peppard,apeppardmy@dot.gov,Female,96,4,52,0.6,31,8511,0.3,24,8917,0.3,0.2,560000,2
828,Orel,Cantor,ocantormz@mysql.com,Female,70,6,7362,0.4,32,6475,0.5,6,8443,0.1,0.7,560002,1
829,Leigh,Babcock,lbabcockn0@shareasale.com,Male,63,29,2697,0.1,33,909,0.1,10,2584,0.7,0.6,560005,1
830,Barnabe,Warrack,bwarrackn1@cnet.com,Male,20,10,4602,0,39,3272,0.5,35,1562,0.8,0.7,560006,1
831,Alberta,Grute,agruten2@tinypic.com,Female,25,13,163,0.8,30,5518,0.4,28,1488,0,0.5,560000,1
832,Worden,Sillwood,wsillwoodn3@goo.ne.jp,Male,76,2,4196,0.9,1,9180,0.6,17,6894,1,0.8,560003,1
833,Shaylynn,Daville,sdavillen4@usnews.com,Female,65,7,2505,0.5,5,965,0.4,26,7647,0.7,0,560007,1
834,Isaac,Kerner,ikernern5@hud.gov,Male,85,35,8426,0.3,25,8503,0.1,12,6245,0.3,0,560001,2
835,Biron,Eede,beeden6@msn.com,Male,53,39,1772,0.3,34,4736,0.2,13,1104,0.2,1,560009,1
836,Barclay,Hutfield,bhutfieldn7@bravesites.com,Male,61,37,4574,0,33,5571,0.6,37,4875,0.2,0.7,560005,2
837,Jolynn,Zwicker,jzwickern8@blogspot.com,Female,47,5,4312,0.7,45,4252,0.6,5,3108,1,0.8,560002,1
838,Jermaine,McCowen,jmccowenn9@t.co,Female,27,47,9502,0.5,19,7350,0.9,37,6367,0.4,0.5,560010,3
839,Torrey,Launchbury,tlaunchburyna@opensource.org,Male,52,30,8348,0.4,25,9915,0.9,13,7273,0.6,0.8,560010,2
840,Jdavie,Gloster,jglosternb@drupal.org,Male,62,39,4013,0.1,0,2133,0.2,6,5752,0,0.9,560007,1
841,Juana,Hargreves,jhargrevesnc@linkedin.com,Female,91,12,6825,0.8,48,5292,0,46,8558,0.6,0.6,560010,3
842,Paula,Meeland,pmeelandnd@taobao.com,Female,72,28,8258,0,34,6908,0.5,48,9637,0.3,0.4,560007,3
843,Mommy,Hancorn,mhancornne@goo.gl,Female,97,38,1213,0.6,42,7764,0.6,25,7185,1,0.4,560010,2
844,Johannah,Allston,jallstonnf@shutterfly.com,Female,74,45,6472,1,49,4245,0.1,4,8217,0.6,0.2,560009,2
845,Crin,Schiersch,cschierschng@devhub.com,Female,84,38,2115,0.8,35,3034,0.5,46,549,1,0.7,560003,1
846,Graig,Jovey,gjoveynh@upenn.edu,Male,69,6,8992,0.3,23,5187,0.4,32,1458,0.8,0.4,560003,1
847,Ardra,Luckings,aluckingsni@freewebs.com,Female,43,17,2293,0.3,22,8158,0.5,41,5140,0.7,0.1,560000,2
848,Humbert,Beavan,hbeavannj@a8.net,Male,72,2,7200,0.9,5,6024,0.1,19,1942,0.8,0.8,560004,1
849,Edan,Walker,ewalkernk@pagesperso-orange.fr,Male,30,41,4275,0.8,8,6139,0,12,1420,0.3,0.8,560008,1
850,Aleksandr,Gronw,agronwnl@imgur.com,Male,85,16,517,0.4,6,2381,0.4,23,4298,0.5,0,560003,1
851,Tracie,Vaskin,tvaskinnm@angelfire.com,Male,36,31,6252,0.4,47,4114,0.2,18,3517,0.9,0.9,560005,2
852,Jinny,Danovich,jdanovichnn@netvibes.com,Female,83,27,6923,0.7,48,168,0.1,0,7280,0.6,0.8,560009,1
853,Renault,Dufour,rdufourno@wsj.com,Male,55,12,1400,0.1,11,9508,0.9,8,1409,0.7,0.2,560002,1
854,Deane,Mordacai,dmordacainp@youku.com,Female,27,4,5685,0.7,11,9076,0.9,12,6250,0.9,0.7,560003,1
855,Fremont,Ewan,fewannq@sakura.ne.jp,Male,86,9,6802,0.2,41,1609,0.4,32,6699,1,0.7,560003,2
856,Othilia,Ackenson,oackensonnr@redcross.org,Female,91,38,5852,0.4,11,2572,0.4,3,109,0.7,0.5,560003,1
857,Caleb,Carlyon,ccarlyonns@nymag.com,Male,94,40,334,0.3,15,1364,0.6,45,5162,0.6,0.2,560003,1
858,Ag,Sandiford,asandifordnt@uiuc.edu,Female,78,32,3454,0.2,10,5587,0.6,5,2735,0.3,0.5,560005,1
859,Kaleena,Beckley,kbeckleynu@chicagotribune.com,Female,37,38,4682,0,11,7712,0.7,16,6383,0.7,0.2,560005,2
860,Patricio,Crichten,pcrichtennv@narod.ru,Male,47,20,6086,0.3,45,2546,0.5,41,6610,0.6,0.7,560007,2
861,Elwin,Ivakhnov,eivakhnovnw@geocities.com,Male,92,43,3721,0.9,37,9530,0,41,7673,0.2,0.1,560007,3
862,Ryan,Sabathier,rsabathiernx@weibo.com,Male,84,31,7526,0.8,13,3454,0.1,34,2874,0.7,0.9,560006,2
863,Hubie,Mansour,hmansourny@gmpg.org,Male,32,18,693,0.5,33,7478,0.2,4,7812,0.7,0.9,560008,1
864,Portie,Townley,ptownleynz@fc2.com,Male,62,20,7992,0.6,42,7148,0.5,5,4672,0.8,0.4,560008,2
865,Torey,Hackleton,thackletono0@hubpages.com,Female,52,23,4111,0.3,7,5696,0.2,40,1409,0.3,0.4,560008,1
866,Nell,Attew,nattewo1@tmall.com,Female,75,39,1761,0.5,34,7727,0.7,26,671,0.4,0.7,560010,2
867,Letti,Rawcliffe,lrawcliffeo2@yahoo.co.jp,Female,47,34,4427,0.4,40,8483,0,9,1855,0.1,0.4,560005,2
868,Letty,Saffill,lsaffillo3@seesaa.net,Female,90,12,9562,0.6,30,2369,0.6,18,3956,0.9,0.3,560005,1
869,Jerrine,Di Dello,jdidelloo4@oaic.gov.au,Female,58,2,6031,0,23,1057,0.7,31,1907,0.2,0.3,560001,1
870,Faye,Whetton,fwhettono5@china.com.cn,Female,63,18,9927,0.7,21,7066,0.4,13,3141,1,0.6,560009,2
871,Cayla,Jewson,cjewsono6@washington.edu,Female,89,49,5765,1,9,1672,0.9,9,1059,0.8,0.5,560002,1
872,Jeanette,Giddons,jgiddonso7@fastcompany.com,Female,47,16,1810,0.5,27,4220,0.2,50,4444,0.3,0.7,560006,2
873,Maitilde,Ledbetter,mledbettero8@creativecommons.org,Female,21,47,5102,0.1,29,8087,0.6,33,9861,0.9,0.4,560007,3
874,Martainn,Gleadle,mgleadleo9@redcross.org,Male,18,1,2623,0.2,43,2950,0.9,45,2907,0.4,0.9,560008,1
875,Smith,Trewman,strewmanoa@weather.com,Male,77,44,6756,0.9,34,5368,0.4,28,559,0.6,0.3,560003,2
876,Locke,Willarton,lwillartonob@surveymonkey.com,Male,66,40,1705,0.2,49,2298,0.5,41,228,0.1,0.6,560005,1
877,Cassi,Maliffe,cmaliffeoc@lycos.com,Female,87,20,2294,0.5,0,5338,0.2,24,4852,0.4,0.9,560004,1
878,Ezequiel,Crichmer,ecrichmerod@si.edu,Male,74,12,1966,0.1,14,5211,0.6,35,936,0.8,0.9,560002,1
879,Dodie,Sighart,dsighartoe@seesaa.net,Female,48,46,119,0.8,44,2566,0.2,48,8303,0.7,0.4,560006,2
880,Emanuel,Baudon,ebaudonof@bbc.co.uk,Male,66,40,3276,0.2,16,7810,0.2,41,291,0,0.9,560001,1
881,Kenn,Glenn,kglennog@spiegel.de,Male,37,10,2122,0.7,20,4353,0.1,37,7013,0.6,1,560009,2
882,Winonah,Barkshire,wbarkshireoh@google.com.br,Female,63,5,1562,0.7,21,7193,0.4,11,1115,0.6,0.4,560007,1
883,Davida,Friedenbach,dfriedenbachoi@phoca.cz,Female,100,50,3255,0.8,10,763,0.7,20,7492,0.1,0.2,560006,2
884,Carmen,Theuff,ctheuffoj@vk.com,Female,79,16,3288,0.3,29,3613,0.6,9,1135,0.1,0.9,560004,1
885,Mellicent,Simpole,msimpoleok@51.la,Female,58,25,8393,0.5,27,5909,0.6,50,6299,1,0.9,560008,3
886,Mirilla,Cruise,mcruiseol@sun.com,Female,71,4,9896,0.9,5,2345,0.6,4,5144,0.4,0.6,560000,1
887,Hinda,Goodanew,hgoodanewom@nba.com,Female,89,23,3545,0.5,6,5704,0.2,0,4523,0.2,0.3,560002,1
888,Valentino,Sibbson,vsibbsonon@npr.org,Male,86,35,6272,0.1,40,2741,0.3,21,5217,0.7,1,560007,2
889,Deane,Chrippes,dchrippesoo@nymag.com,Female,26,49,4274,0.4,19,9299,0.9,3,1926,1,0.6,560006,2
890,Leila,Lehrmann,llehrmannop@ftc.gov,Female,33,31,6439,0.2,50,3908,0.1,29,9607,0.5,0.9,560000,3
891,Brew,Wisniowski,bwisniowskioq@youtu.be,Male,92,33,8033,0.4,11,8936,0.4,11,9439,0.2,0.3,560009,2
892,Arabela,Toping,atopingor@yahoo.co.jp,Female,34,9,3316,0.2,4,6598,0.6,49,7344,0.4,0.9,560007,2
893,Cirillo,Eisikowitch,ceisikowitchos@prweb.com,Male,93,49,699,0.3,18,6162,0.4,40,8820,0.9,0.9,560006,2
894,Skip,Du Plantier,sduplantierot@multiply.com,Male,28,11,9960,0.3,28,5037,0.9,49,8635,0.1,0.9,560000,3
895,Corri,Mingauld,cmingauldou@sitemeter.com,Female,47,34,10000,0.9,14,6802,0.4,9,6990,0.5,1,560005,2
896,Sutton,Lademann,slademannov@vk.com,Male,33,33,7410,0.7,1,4002,0.8,28,3718,1,0.7,560003,2
897,Aldus,Childerley,achilderleyow@blogs.com,Male,56,5,8401,0.1,1,4026,0.3,23,2131,0.7,0.3,560008,1
898,Antin,Gudd,aguddox@latimes.com,Male,93,1,5473,0.5,12,7411,0.5,44,500,0.6,0.2,560010,1
899,Warner,Ludewig,wludewigoy@jalbum.net,Male,55,46,9017,0.4,30,7828,0.8,48,7520,0.3,0.1,560003,3
900,Wood,Wanden,wwandenoz@instagram.com,Male,77,47,4044,0.1,16,9293,0.6,7,9973,0.6,0.4,560004,2
901,Bettye,Wabersich,bwabersichp0@phpbb.com,Female,90,12,234,0.6,3,7508,0.6,43,6966,0.9,0.5,560007,1
902,Mandie,Zorro,mzorrop1@github.com,Female,32,37,3990,0.5,27,2359,0.4,40,1860,0.3,0.1,560005,1
903,Maynord,Amoore,mamoorep2@google.com.hk,Male,38,11,743,0.5,25,4367,1,44,1788,0,0.1,560007,1
904,Edsel,Ibbett,eibbettp3@webs.com,Male,72,42,1816,0.9,41,9760,0.2,10,7480,0.4,0.8,560003,2
905,Blair,Shiliton,bshilitonp4@yellowbook.com,Male,99,5,9389,0.3,9,2707,0.2,17,6880,1,0.5,560010,1
906,Tanya,Juden,tjudenp5@biblegateway.com,Female,43,19,5545,0.2,11,3987,0.6,23,1299,0.8,0.1,560000,1
907,Avrom,Janny,ajannyp6@elpais.com,Male,60,43,142,0.7,45,4358,0.6,32,353,0.1,0.4,560000,1
908,Sterling,Lightoller,slightollerp7@dropbox.com,Male,47,22,9536,0.8,31,7193,0.1,1,3136,0.7,0.6,560006,2
909,Mort,Grigoryev,mgrigoryevp8@livejournal.com,Male,19,5,3559,0.4,36,5233,0.8,18,8674,0.1,0.5,560007,2
910,Vita,Lortzing,vlortzingp9@thetimes.co.uk,Female,63,14,5796,0.2,3,7138,0.6,20,226,0.8,0.2,560005,1
911,Waring,Stilly,wstillypa@loc.gov,Male,59,8,7644,0.7,48,1211,1,0,1275,1,0.2,560010,1
912,Nara,Oxborrow,noxborrowpb@illinois.edu,Female,98,11,414,0.8,41,4842,0.4,41,2637,0.1,0.8,560005,2
913,Dorolisa,Lardge,dlardgepc@fotki.com,Female,71,29,1195,0.8,17,7988,0.4,4,3687,0.7,0.3,560005,1
914,Ileane,Di Biasio,idibiasiopd@scientificamerican.com,Female,95,14,7750,0.9,20,2357,0.4,5,9507,0.8,0.4,560004,1
915,Mick,Buckingham,mbuckinghampe@simplemachines.org,Male,74,2,3666,0.6,22,465,0,8,6974,0.1,0.4,560003,1
916,Blinnie,Kattenhorn,bkattenhornpf@histats.com,Female,19,23,4936,0.9,39,2012,0.3,41,671,0,0.7,560006,1
917,Tess,Stanwix,tstanwixpg@scientificamerican.com,Female,58,15,1674,1,37,3946,0.2,37,2267,0.3,0.8,560010,1
918,Kinnie,Hubbucks,khubbucksph@sohu.com,Male,22,4,5848,0.8,3,9510,0.6,9,1479,0.7,0.1,560009,1
919,Benjamen,Christofe,bchristofepi@squarespace.com,Male,84,35,9596,0.8,0,8799,0.1,16,9242,0.4,0.3,560000,2
920,Claudian,Grindrod,cgrindrodpj@businesswire.com,Male,19,4,2409,0.1,43,2809,0.1,11,3633,0.7,0.3,560008,1
921,Gustaf,Vanyukhin,gvanyukhinpk@wired.com,Male,63,27,1241,0.5,48,7721,0.3,17,6255,0.5,0.9,560007,2
922,Kristoffer,Trevna,ktrevnapl@hugedomains.com,Male,48,30,8153,0.7,45,4319,0.6,16,1188,0.1,0.7,560007,2
923,Essy,Birds,ebirdspm@cbc.ca,Female,67,17,4421,0.8,10,6694,0.6,31,7853,0.3,0.6,560001,2
924,Michell,Iashvili,miashvilipn@fc2.com,Female,91,22,8816,0.5,38,930,0.4,18,7942,0.4,0.4,560008,2
925,Cly,Dabel,cdabelpo@boston.com,Male,83,40,816,0.9,39,7302,0.2,7,8574,0.8,0.4,560003,2
926,Mozelle,Pontain,mpontainpp@google.ca,Female,84,37,4771,0.3,36,9226,0.7,20,4165,1,0,560003,2
927,Martica,Sheerin,msheerinpq@google.com,Female,99,49,5811,0.2,21,6076,0.4,17,6559,0.9,0.7,560001,2
928,Mela,Hathorn,mhathornpr@sciencedaily.com,Female,75,10,1188,0.9,44,8219,0.2,41,2101,0,0.4,560004,2
929,Berget,De Paoli,bdepaolips@narod.ru,Female,28,21,121,1,24,6360,0.6,48,7287,0.7,0.4,560008,2
930,Otho,Winram,owinrampt@woothemes.com,Male,74,37,1162,0.7,0,5556,0.2,25,5913,0.7,0.7,560004,1
931,Daryn,Ochterlony,dochterlonypu@ezinearticles.com,Female,21,33,2263,0.5,19,6356,0.4,48,5817,0.2,0.2,560007,2
932,Adan,Ullett,aullettpv@hatena.ne.jp,Female,62,39,8171,0.9,14,6593,0.4,34,5851,0.5,0.4,560006,2
933,Stevie,MacKeague,smackeaguepw@php.net,Male,29,31,9495,0.1,24,625,0.2,20,1907,0.3,0.5,560001,2
934,Hank,Goullee,hgoulleepx@google.fr,Male,33,41,2780,0.3,25,5381,0.6,20,2427,0.1,1,560000,1
935,Valida,Buddock,vbuddockpy@reddit.com,Female,68,47,7940,0.3,23,5429,0.4,12,8769,0.1,0.3,560002,3
936,Clair,Spedroni,cspedronipz@list-manage.com,Male,23,39,9254,0.2,4,2612,0.9,6,5441,0.6,0.5,560000,2
937,Gayelord,Sidnall,gsidnallq0@friendfeed.com,Male,45,49,4734,0.7,6,6676,0.7,50,9730,0.7,0,560003,3
938,Pamella,Fowle,pfowleq1@vkontakte.ru,Female,22,23,4059,0.3,0,9931,0.3,2,2527,0.8,0.4,560008,1
939,Marlena,Birchall,mbirchallq2@tamu.edu,Female,40,20,6402,0.7,21,9349,0.8,29,8291,0.3,0,560002,2
940,Gay,Conneau,gconneauq3@1688.com,Male,38,9,8623,0.6,5,5485,0.7,35,1695,0.8,0.6,560000,1
941,Stephenie,Heathcote,sheathcoteq4@ftc.gov,Female,47,8,3420,0.6,11,8236,0,34,7023,0.9,0.8,560000,2
942,Witty,Glaserman,wglasermanq5@huffingtonpost.com,Male,87,0,3883,0.8,40,7819,0.6,41,700,0.7,0.9,560007,2
943,Lisbeth,Backhurst,lbackhurstq6@yahoo.co.jp,Female,37,18,1860,0.8,50,7657,0.5,33,6741,0.9,0.6,560002,3
944,Doralynn,Normanell,dnormanellq7@vkontakte.ru,Female,55,19,897,0.3,18,6588,0.8,15,9454,0.2,0.3,560009,1
945,Janice,Weedon,jweedonq8@ustream.tv,Female,40,24,2419,0.8,40,3984,0,15,9592,0.3,0.6,560008,2
946,Billy,Ramsted,bramstedq9@xing.com,Male,40,18,8278,0.8,28,4023,0.2,26,9552,1,0.4,560010,2
947,Olivie,Dast,odastqa@de.vu,Female,78,8,5468,0.9,16,5882,0.6,1,4798,0.4,0.3,560002,1
948,Nevin,Krook,nkrookqb@twitpic.com,Male,75,39,4571,0.9,2,3222,0,8,971,0.2,0.5,560003,1
949,Zeke,Robbs,zrobbsqc@google.nl,Male,39,12,6892,0.1,34,8407,0.1,16,8354,0.8,0.5,560008,2
950,Gaston,Whitton,gwhittonqd@de.vu,Male,69,0,3469,0.5,47,1240,1,3,628,0.6,0.7,560000,1
951,Lucie,Wandtke,lwandtkeqe@bizjournals.com,Female,60,8,6985,0.8,3,2269,0.6,19,7441,0.5,0.1,560010,1
952,Bev,Mance,bmanceqf@moonfruit.com,Male,48,18,5777,0.9,14,6384,0.9,29,2498,0.7,0.6,560004,1
953,Burch,Gabitis,bgabitisqg@whitehouse.gov,Male,72,45,2009,1,24,7027,0.9,19,2128,0.8,0,560006,1
954,Janel,Bowditch,jbowditchqh@123-reg.co.uk,Female,96,45,1077,0.2,2,884,0.3,18,6232,0.6,0.8,560001,1
955,Boris,Lavery,blaveryqi@dagondesign.com,Male,61,40,8466,0.5,42,4301,0.7,5,8702,0,0.6,560004,2
956,Adda,Zavattieri,azavattieriqj@alexa.com,Female,88,42,594,0.5,18,8841,0.7,22,5434,0.6,0.6,560007,1
957,Caressa,Hastilow,chastilowqk@yelp.com,Female,58,42,1263,0.8,14,9261,0.9,8,8818,0.8,0.3,560005,1
958,Meg,Milvarnie,mmilvarnieql@rambler.ru,Female,86,3,2638,0.6,14,6099,0.6,48,9935,0.8,0.8,560005,2
959,Waldemar,Bonder,wbonderqm@kickstarter.com,Male,53,44,4510,0.9,31,2631,0.2,50,3416,0.9,0.5,560000,2
960,Yehudi,Ennion,yennionqn@prlog.org,Male,68,36,5250,0.3,41,8548,0.3,0,7124,0,0.2,560004,2
961,Nichols,Cambden,ncambdenqo@bluehost.com,Male,84,43,6834,0.6,18,7261,1,39,3285,0.3,0.4,560002,2
962,Jermaine,Smees,jsmeesqp@tmall.com,Male,22,11,9146,0.1,25,8621,0.4,8,9056,0.6,0.9,560000,2
963,Adria,Richin,arichinqq@sina.com.cn,Female,79,9,9439,0.8,14,704,0.4,11,1350,0.3,0.5,560006,1
964,Lou,Styles,lstylesqr@shinystat.com,Female,43,33,3616,0.6,5,7000,0.2,20,749,1,1,560007,1
965,Barclay,Dupree,bdupreeqs@admin.ch,Male,72,17,4308,0.3,26,9915,0.2,10,8854,0.5,0.9,560007,2
966,Franklin,Giblin,fgiblinqt@shop-pro.jp,Male,52,41,8116,1,20,3356,0.4,22,5621,0.4,0,560006,2
967,Carolin,Hadwick,chadwickqu@usgs.gov,Female,40,10,9910,1,6,2352,0.2,28,4472,0.7,0.2,560008,1
968,Megan,Viant,mviantqv@illinois.edu,Female,89,25,7425,0.8,37,9400,0.5,35,3275,0.3,0.9,560008,3
969,Amory,Lemmens,alemmensqw@aol.com,Male,46,11,4049,0,24,8294,0.7,46,1941,0.2,0.7,560000,2
970,Rozalin,Whipple,rwhippleqx@dot.gov,Female,78,4,2852,0.5,14,7772,0.1,27,7947,0.1,0.4,560006,2
971,Dory,Whitmarsh,dwhitmarshqy@amazonaws.com,Female,83,46,4734,0.6,42,2277,0.8,14,4199,0.1,0.4,560008,2
972,Hali,Foley,hfoleyqz@scribd.com,Female,88,4,5541,1,2,7152,0.1,28,2246,0.4,0.3,560005,1
973,Laird,Begbie,lbegbier0@elegantthemes.com,Male,24,22,5137,0.3,4,1509,0.4,6,1401,0.2,0.7,560001,1
974,Godart,Insley,ginsleyr1@goo.gl,Male,77,10,9579,0.6,50,5039,0.7,41,5664,0.3,0.2,560003,2
975,Andres,Absalom,aabsalomr2@soundcloud.com,Male,61,15,8786,0.4,2,3569,0,22,4471,0.2,1,560005,1
976,Michale,Harraway,mharrawayr3@whitehouse.gov,Male,20,2,8916,0.6,44,2901,0.9,38,6893,0.9,1,560008,2
977,Bronnie,Jaskiewicz,bjaskiewiczr4@cnet.com,Male,67,32,540,0.6,43,782,0.5,31,3006,0.2,0.4,560006,1
978,Jermaine,Gilloran,jgilloranr5@e-recht24.de,Female,29,2,6502,0,40,3590,0.5,41,2588,0.1,0.8,560002,1
979,Kara-lynn,Whiff,kwhiffr6@discovery.com,Female,49,5,1905,0.3,41,7761,0.3,19,1474,0.5,0.8,560006,2
980,Zedekiah,Liversage,zliversager7@paypal.com,Male,43,8,6715,0.6,49,4596,0.3,49,2214,0.3,0.8,560006,2
981,Northrop,Beyer,nbeyerr8@weibo.com,Male,32,46,400,1,30,339,0.8,33,3404,0.5,0.1,560010,1
982,Anna-diana,Messam,amessamr9@istockphoto.com,Female,53,21,4406,0.2,37,2242,0.8,27,8300,0.5,0.9,560004,2
983,Tito,Pendre,tpendrera@privacy.gov.au,Male,100,1,2075,0.8,30,9739,0.7,43,3439,0,0.7,560002,2
984,Bernadette,Loudian,bloudianrb@last.fm,Female,40,19,267,0.4,24,6909,0.3,50,6041,0.1,0.2,560000,2
985,Arty,Richen,arichenrc@ox.ac.uk,Male,56,38,6964,0.6,27,1490,0.5,6,8150,0.6,0.5,560003,2
986,Michael,Mates,mmatesrd@alexa.com,Male,87,30,2983,0.7,43,6474,0.1,21,9553,0.4,0.1,560002,2
987,Tobin,Matusov,tmatusovre@goodreads.com,Male,55,16,9257,0.7,2,7081,0.9,4,7701,0.2,0.8,560006,1
988,Brand,Hanscom,bhanscomrf@github.com,Male,69,14,9953,0.4,6,982,0.7,33,8395,0.5,0.9,560005,2
989,Dotty,Tilling,dtillingrg@ebay.com,Female,94,38,1945,0.9,48,9919,0.6,31,8235,0.8,0.7,560005,3
990,Ky,Selwin,kselwinrh@cpanel.net,Male,86,45,7226,0.1,33,7966,0,19,8064,1,0.7,560005,3
991,Josephine,Cappel,jcappelri@de.vu,Female,21,41,9566,0.9,21,7051,0.3,1,624,0.8,0.1,560003,2
992,Tonya,Turfrey,tturfreyrj@army.mil,Female,73,41,7009,0.8,12,5809,0.2,28,6534,0.6,0.5,560010,2
993,Gretchen,Bartolomivis,gbartolomivisrk@hibu.com,Female,64,12,4977,0.2,44,3621,0.8,32,1258,0.8,0.1,560009,1
994,Mario,Sambells,msambellsrl@sohu.com,Male,78,28,7405,0.7,19,5212,0.3,42,7257,0.1,0.7,560000,3
995,Jule,Dursley,jdursleyrm@china.com.cn,Male,21,47,9119,0,40,8561,0.4,23,9057,0.6,0.3,560009,3
996,Fletcher,Crus,fcrusrn@washington.edu,Male,24,24,3231,0.7,27,5661,0.3,31,5909,0.3,0,560003,2
997,Ginger,Stringer,gstringerro@blog.com,Male,18,20,6875,0.6,33,667,0.8,19,6024,0.3,0.8,560009,1
998,Joyous,Treher,jtreherrp@cyberchimps.com,Female,49,4,5905,0,19,3202,0,16,9823,0.1,0.2,560002,1
999,Silvano,Angear,sangearrq@latimes.com,Male,79,5,5659,0.2,10,4507,0.7,49,3005,0.9,0.7,560005,1
1000,Tamra,Shillaber,tshillaberrr@people.com.cn,Female,70,34,9114,0.2,37,1893,0.2,12,9392,0.3,0.7,560002,2
