,id,first_name,last_name,email,gender,Age,Number.of.Orders_1,Value.of.Orders_1,Weekend.Orders_1,Number.of.Orders_2,Value.of.Orders_2,Weekend.Orders_2,Number.of.Orders_3,Value.of.Orders_3,Weekend.Orders_3,Offers.Availed,Location,Customer.Importance,PredClass
701,701,Faustina,Seakes,fseakesjg@goo.ne.jp,Female,25,50,6415,0,3,4037,0,11,912,0.9,0.9,560008,2,2
702,702,Korry,Rosini,krosinijh@digg.com,Female,29,11,1468,0.6,36,293,0.5,17,7894,0.2,0.1,560007,1,1
703,703,Benedick,Delgardo,bdelgardoji@google.com.br,Male,51,44,5531,0.3,19,3751,0.4,39,4277,0.7,0.1,560008,2,2
704,704,Elroy,Atcherley,eatcherleyjj@toplist.cz,Male,89,20,8328,0.6,40,4534,0.1,14,424,0.3,0.6,560007,2,2
705,705,Elvyn,Udale,eudalejk@mtv.com,Male,47,7,2481,0,24,3170,0,48,4910,0,0.1,560004,2,2
706,706,Arlena,Collicott,acollicottjl@goo.gl,Female,71,1,6149,0.7,25,8526,0.4,35,7501,0.8,0.4,560000,2,2
707,707,Morissa,Antosch,mantoschjm@liveinternet.ru,Female,61,7,6004,0.2,16,4607,0.9,16,746,0.6,0.5,560004,1,1
708,708,Sara-ann,Dulinty,sdulintyjn@utexas.edu,Female,59,28,236,0.7,16,3575,0.3,36,1365,0.9,0.3,560003,1,1
709,709,Lyon,Gritsunov,lgritsunovjo@usa.gov,Male,100,2,1151,0.7,17,8398,0.6,34,3212,0.3,0.3,560007,1,1
710,710,Colline,Alvares,calvaresjp@devhub.com,Female,19,10,50,0.7,21,5891,0.8,40,4667,0.5,0.2,560009,1,1
711,711,Mirelle,Dewick,mdewickjq@sbwire.com,Female,33,44,9421,0.9,14,6952,0.7,31,5884,0.1,0.1,560001,3,2
712,712,Carver,McCurley,cmccurleyjr@fema.gov,Male,21,33,2553,0.6,38,6567,0.7,26,2930,0.3,0,560002,2,2
713,713,Devlin,Flintiff,dflintiffjs@dot.gov,Male,43,10,6543,0.5,2,178,0.1,37,8160,0,0.5,560008,2,2
714,714,Kevin,Macura,kmacurajt@bravesites.com,Male,46,7,9336,1,36,5950,0.5,45,7958,0.9,0.6,560010,2,2
715,715,L;urette,Doyley,ldoyleyju@sfgate.com,Female,33,38,6793,0.8,21,5790,0.1,45,9455,0.8,0,560010,3,3
716,716,Gage,Endacott,gendacottjv@newyorker.com,Male,46,6,4242,0.6,11,9641,0.6,22,209,0.4,0.2,560001,1,1
717,717,Esteban,Pidcock,epidcockjw@people.com.cn,Male,93,40,3875,0.6,38,3292,0.6,50,7104,0.6,0.7,560003,3,2
718,718,Bone,Payler,bpaylerjx@ameblo.jp,Male,63,26,3433,0.8,31,9765,0.6,28,7056,0.3,0,560009,2,2
719,719,Laure,Bishop,lbishopjy@mapy.cz,Female,95,41,8423,0.1,37,3101,0.7,44,2528,0.5,0.5,560001,2,2
720,720,Tish,Milan,tmilanjz@bing.com,Female,43,0,1107,0.6,23,3093,0.9,45,8760,0.8,0.7,560010,2,1
721,721,Salomi,Diperaus,sdiperausk0@seattletimes.com,Female,38,49,6325,1,48,7131,0,32,2333,0.8,0.6,560000,3,2
722,722,Arnuad,Milch,amilchk1@google.it,Male,45,37,9952,0.9,46,8474,0.5,6,9479,1,0.8,560010,3,2
723,723,Neel,Tizzard,ntizzardk2@reverbnation.com,Male,71,30,3631,0.5,37,5374,0.5,42,2973,0.4,0.5,560005,2,2
724,724,Colman,Fish,cfishk3@constantcontact.com,Male,93,21,4832,0.9,14,8962,0.5,29,4378,0.5,0.1,560008,2,2
725,725,Tull,Trees,ttreesk4@dyndns.org,Male,39,1,4247,0.1,34,1605,0.4,25,8557,1,0.5,560007,1,1
726,726,Freddie,Molyneux,fmolyneuxk5@boston.com,Male,69,29,9847,0.5,43,5858,0.3,6,8452,0.8,0.7,560002,2,2
727,727,Ermin,Siflet,esifletk6@pcworld.com,Male,92,18,1307,1,50,1426,0.9,19,1568,0.8,0.9,560000,1,1
728,728,Porty,Aberdein,paberdeink7@etsy.com,Male,45,49,6391,0.2,5,134,0.6,50,6507,0.1,0.6,560010,3,3
729,729,Bernadine,Biddell,bbiddellk8@cloudflare.com,Female,83,50,8396,0.8,37,9428,0.1,2,2277,0.9,0.8,560005,3,3
730,730,Pearline,Brecknall,pbrecknallk9@amazon.com,Female,44,48,5830,1,49,7216,0.8,42,3944,0.1,0.6,560008,3,2
731,731,Nixie,Wilshire,nwilshireka@sourceforge.net,Female,36,39,2818,0.3,26,1318,0.2,4,9356,0.6,0.1,560009,1,1
732,732,Duff,Grunnell,dgrunnellkb@indiegogo.com,Male,71,45,275,0,2,3036,1,22,8520,1,0.4,560004,1,2
733,733,Sissy,Philippe,sphilippekc@yellowbook.com,Female,100,6,913,0.1,25,5947,0.6,42,9170,0.3,0.7,560007,2,1
734,734,Luelle,Honacker,lhonackerkd@harvard.edu,Female,78,47,9649,0.9,19,534,0.4,38,7694,0.3,0.5,560000,3,3
735,735,Wilhelmina,Escalero,wescaleroke@artisteer.com,Female,18,35,7201,0.3,3,6345,0.3,13,6320,0.4,0.5,560004,2,2
736,736,Malvin,Yurchenko,myurchenkokf@theguardian.com,Male,33,8,779,0.2,2,312,1,28,3269,0.7,0.1,560007,1,1
737,737,Joycelin,Hazeldine,jhazeldinekg@live.com,Female,55,31,3407,0.4,26,964,0.4,26,251,0.1,0.8,560009,1,1
738,738,Niven,Misk,nmiskkh@gizmodo.com,Male,65,43,3793,0.3,44,5289,0.5,36,7874,0.5,0.9,560010,3,2
739,739,Grazia,Dmitriev,gdmitrievki@prlog.org,Female,94,5,4343,0.5,11,7076,0.3,17,9370,0.4,0.9,560008,1,1
740,740,Abrahan,Fried,afriedkj@pinterest.com,Male,36,25,275,0.6,3,463,0.9,30,1236,0.7,0.6,560005,1,1
741,741,Peder,Brussels,pbrusselskk@rakuten.co.jp,Male,42,36,5803,0.1,35,4943,0.1,9,3139,0,0.6,560010,2,2
742,742,Lorry,Borzoni,lborzonikl@yellowbook.com,Male,35,17,395,0.9,4,3255,0.8,23,2629,0.5,0.9,560004,1,1
743,743,Oneida,Mcettrick,omcettrickkm@ihg.com,Female,86,11,8128,0.4,22,410,0,11,801,0.8,1,560002,1,1
744,744,Maximilien,Child,mchildkn@auda.org.au,Male,77,30,2578,1,44,5685,0.4,42,3988,0.1,0.7,560000,2,2
745,745,Paulita,Samett,psamettko@geocities.com,Female,45,46,1880,0.2,49,5431,0.9,44,4576,0.3,0.1,560001,2,2
746,746,Ilario,Rossant,irossantkp@plala.or.jp,Male,48,39,6255,0.6,31,6078,0.1,4,3349,0.4,0.8,560003,2,2
747,747,Ailee,Sandbach,asandbachkq@histats.com,Female,72,17,2422,1,4,8290,0.7,19,4132,0.3,0.1,560004,1,1
748,748,Ronna,Deluce,rdelucekr@stanford.edu,Female,18,17,9702,0.1,24,3571,0.1,9,3274,0,0.5,560006,1,1
749,749,Hubert,Gatland,hgatlandks@imgur.com,Male,41,44,398,0.2,15,4550,0.9,45,3824,0.8,0.8,560008,1,2
750,750,Corrine,Zapata,czapatakt@hatena.ne.jp,Female,50,42,3526,1,37,2402,0.3,12,9478,0.8,0,560003,2,1
751,751,Franciska,Zarfati,fzarfatiku@marketwatch.com,Female,64,32,2185,0.6,40,4546,0.1,18,3765,0.1,0.1,560006,2,1
752,752,Cecilio,Karslake,ckarslakekv@businessweek.com,Male,40,11,9584,0.1,29,3902,0.4,50,6604,0.7,0.7,560003,2,2
753,753,Rog,Lusgdin,rlusgdinkw@ovh.net,Male,79,47,4082,0.7,43,1752,1,33,8622,0.2,0.1,560004,2,2
754,754,Gavrielle,Greengrass,ggreengrasskx@unblog.fr,Female,68,14,328,0.6,31,2455,0.6,46,2892,0.8,0.3,560009,1,1
755,755,Tanny,Girkin,tgirkinky@nature.com,Male,93,37,5331,1,25,4812,0.4,45,6919,0.8,0.4,560004,2,2
756,756,Innis,Burchell,iburchellkz@rambler.ru,Male,34,44,7683,0.2,4,6119,0.6,34,2599,0.4,0.7,560008,2,2
757,757,Kerwinn,Boyson,kboysonl0@typepad.com,Male,18,36,2057,0.9,7,2037,0.6,42,5266,0.8,0.7,560005,1,2
758,758,Ulrick,Caitlin,ucaitlinl1@accuweather.com,Male,75,29,2842,0.5,22,777,0.1,16,7171,0.7,0.8,560008,1,1
759,759,Consuela,Claiton,cclaitonl2@bloglovin.com,Female,97,12,8332,0.2,42,5640,0.7,41,5765,0.9,0.2,560001,2,2
760,760,Ardith,Bolland,abollandl3@jugem.jp,Female,68,4,4538,0.1,44,5018,0.4,11,6957,0.7,0.6,560009,2,2
761,761,Benji,Boeck,bboeckl4@senate.gov,Male,41,43,7600,0.1,13,1557,0.4,11,3630,0.4,0.2,560006,2,2
762,762,Kylila,Leedal,kleedall5@domainmarket.com,Female,53,22,8679,1,44,1304,0,47,7741,0.6,0.1,560006,2,2
763,763,Alan,Hendricks,ahendricksl6@cbslocal.com,Male,56,29,1646,0.4,24,4310,0.4,25,4487,1,0.8,560009,1,1
764,764,Rickard,Adair,radairl7@altervista.org,Male,38,14,7871,0.9,41,7776,0.3,17,7917,1,0.2,560003,2,2
765,765,Delmore,Jaegar,djaegarl8@wikia.com,Male,25,43,7005,0.7,43,5401,0.6,17,4095,0.8,0.1,560003,2,2
766,766,Salomone,Deniso,sdenisol9@cbc.ca,Male,94,29,4118,0.4,35,9993,0.8,50,5204,0.8,0.4,560006,3,2
767,767,Hubert,Goodbody,hgoodbodyla@purevolume.com,Male,75,22,9849,0.5,23,9679,0.6,15,9879,0.9,0.2,560008,2,2
768,768,Roseanne,Habbon,rhabbonlb@mapquest.com,Female,28,11,6833,0.1,13,5403,0.9,19,5032,0.7,0.8,560000,1,1
769,769,Evan,Peattie,epeattielc@princeton.edu,Male,56,12,798,0.2,11,8826,0.8,42,6932,0.4,0,560001,2,1
770,770,Dayna,Bowater,dbowaterld@eepurl.com,Female,38,32,7907,0.7,17,9366,0.9,47,6864,0.2,0.4,560003,3,3
771,771,Vasili,Battams,vbattamsle@istockphoto.com,Male,35,19,1355,0.2,50,1016,0.8,46,9090,0.2,1,560004,2,2
772,772,Keslie,Pownall,kpownalllf@usa.gov,Female,77,6,9274,0.1,13,8620,0.6,4,2869,0.6,0.5,560009,1,1
773,773,Cordell,Hobgen,chobgenlg@angelfire.com,Male,96,34,709,0.5,8,9313,0.4,20,6996,0.1,0.2,560002,1,2
774,774,Diann,Kalkofen,dkalkofenlh@xinhuanet.com,Female,26,13,2060,0.9,26,2994,0.7,28,2089,0.3,0.7,560004,1,1
775,775,Brigg,Barmadier,bbarmadierli@nba.com,Male,25,21,3129,0.8,39,97,0.7,3,5309,0,0.3,560000,1,1
776,776,Peter,Di Carlo,pdicarlolj@fema.gov,Male,24,20,2051,0.7,16,9011,0.8,7,6454,0,0.7,560003,1,2
777,777,Dionne,Margiotta,dmargiottalk@ucsd.edu,Female,61,31,4074,0.3,15,9328,0.1,32,8491,0.5,0.7,560006,2,2
778,778,Troy,Ferminger,tfermingerll@yellowbook.com,Male,58,7,1674,0.6,27,4265,0.6,17,7362,0.6,0.6,560001,1,1
779,779,Miriam,Roarty,mroartylm@wiley.com,Female,33,7,7944,0.8,9,6430,0.2,11,7058,0.2,0.7,560006,1,1
780,780,Mordy,Sanz,msanzln@slate.com,Male,27,21,580,0.2,16,6775,0.9,22,3219,0.9,0.4,560000,1,1
781,781,Kelsy,Archanbault,karchanbaultlo@fastcompany.com,Female,38,4,7344,0.2,27,2156,0.7,25,1782,0.3,0.3,560009,1,1
782,782,Bail,Rentoll,brentolllp@cpanel.net,Male,59,22,1663,0.7,23,2128,0.2,38,6548,0.5,0.8,560003,2,2
783,783,Clementine,Harrington,charringtonlq@mozilla.org,Female,44,4,5800,0.4,14,9660,0.5,13,4075,0.2,0.3,560008,1,1
784,784,Gunar,Mawford,gmawfordlr@creativecommons.org,Male,52,24,6312,0.2,35,5144,0.2,4,517,0.1,0.2,560001,2,2
785,785,Gibbie,Whatmough,gwhatmoughls@hibu.com,Male,76,13,6628,0.9,22,4130,0.5,7,9547,0.6,0.3,560001,1,1
786,786,Ellyn,Kunath,ekunathlt@google.com.hk,Female,91,40,1166,0,35,3498,0.4,9,3305,0.9,0.2,560001,1,1
787,787,Phip,Morcomb,pmorcomblu@abc.net.au,Male,36,23,9641,0.1,35,9991,0.8,19,5573,0.9,0.9,560001,3,2
788,788,Lindsey,Josephson,ljosephsonlv@google.co.uk,Female,97,15,2380,0.5,39,3744,0.3,4,7267,0.1,0.7,560001,1,1
789,789,Idelle,Rainy,irainylw@i2i.jp,Female,39,21,5662,0.5,43,7206,0.1,0,6236,0.8,0.3,560004,2,2
790,790,Brendis,Lennarde,blennardelx@google.co.uk,Male,79,35,5393,0.7,15,6827,0.9,3,5227,0.1,0.3,560002,1,2
791,791,Beatrice,Haddy,bhaddyly@theguardian.com,Female,98,32,9115,0.4,28,7415,0.2,32,7867,0.9,0.4,560003,3,3
792,792,Winn,Real,wreallz@go.com,Male,23,31,1966,0.9,14,1562,1,19,4303,0.7,0.5,560008,1,1
793,793,Kellsie,McGrann,kmcgrannm0@a8.net,Female,47,19,9613,0.4,0,599,0.6,29,8610,0.3,0.9,560002,2,2
794,794,Bobbee,Clinton,bclintonm1@cbc.ca,Female,77,20,1460,0.7,25,1734,0,34,3321,0,0.9,560004,1,1
795,795,Emile,Plett,eplettm2@acquirethisname.com,Male,49,25,5074,0.2,4,4030,0.7,46,1748,0,0.1,560003,1,1
796,796,Christel,Uglow,cuglowm3@nasa.gov,Female,86,48,8090,0.4,37,829,0.4,44,2257,0.8,0.8,560006,2,2
797,797,Cosetta,Corbally,ccorballym4@spotify.com,Female,72,1,709,0.1,26,7933,0,48,9313,0.8,0.2,560001,3,1
798,798,Beniamino,Peerman,bpeermanm5@bloglines.com,Male,100,37,1841,1,31,6431,0.4,10,3064,0.7,0.3,560008,1,2
799,799,Ilse,Skyppe,iskyppem6@linkedin.com,Female,43,50,1480,0.6,22,2299,0.7,19,5408,0.6,1,560009,1,1
800,800,Mikol,Lunge,mlungem7@free.fr,Male,36,48,4505,0.8,47,2828,0.3,41,3528,0.1,0.2,560005,2,2
801,801,Walsh,Message,wmessagem8@webmd.com,Male,27,22,6208,0.4,1,6986,0.4,20,9364,0.7,0.2,560010,2,2
802,802,Kaia,Critchley,kcritchleym9@dailymotion.com,Female,59,35,3298,0.2,23,9630,0.9,21,4274,0.5,0.4,560010,2,2
803,803,Jeanine,Borgne,jborgnema@washington.edu,Female,47,45,2425,0.8,35,6940,0.5,48,3612,0.1,0.9,560008,2,2
804,804,Deni,Whiten,dwhitenmb@usgs.gov,Female,40,8,9271,0.4,9,928,0.2,5,7722,0.9,0.2,560003,1,1
805,805,Isac,MacLleese,imaclleesemc@youtube.com,Male,53,26,3767,0.8,30,1541,0.8,34,5509,0,0.7,560004,2,1
806,806,Tessy,Wardhough,twardhoughmd@yellowbook.com,Female,69,8,1563,0.8,4,4904,0.9,1,1430,1,0.2,560008,1,1
807,807,Meir,Treadger,mtreadgerme@deliciousdays.com,Male,19,30,5408,0.6,23,7294,0.1,8,7110,0.2,0,560001,2,2
808,808,Gui,Kilalea,gkilaleamf@reddit.com,Female,95,10,4332,0.3,45,7273,0.6,43,2164,0.8,0.4,560001,2,2
809,809,Roxana,Raoul,rraoulmg@tinyurl.com,Female,83,38,525,0.3,0,5802,0,16,5505,0.7,0.6,560009,1,2
810,810,Heywood,Lamberteschi,hlamberteschimh@google.co.jp,Male,18,28,9166,0.6,1,6137,0.4,43,6239,0.6,0.6,560006,2,1
811,811,Rubie,Tottman,rtottmanmi@arstechnica.com,Female,52,28,2597,0.2,29,9076,0.8,27,7572,0.8,0.4,560002,2,2
812,812,Melonie,Berryann,mberryannmj@ask.com,Female,68,21,5082,0.5,46,6752,0.4,26,7820,0.2,1,560005,3,2
813,813,Kermy,Eliet,kelietmk@blogs.com,Male,19,4,9478,0.2,20,7959,0.6,36,7932,1,0.3,560007,2,2
814,814,Phylys,Skuce,pskuceml@earthlink.net,Female,83,1,8051,0.4,50,8129,0.7,41,1455,0.6,0.4,560000,2,2
815,815,Corenda,Beel,cbeelmm@comsenz.com,Female,81,15,4710,0.8,17,7838,0.6,13,3631,0.4,0.1,560009,1,1
816,816,Erica,Wiseman,ewisemanmn@sphinn.com,Female,40,3,9066,0.5,29,3774,0.8,13,4646,0.3,0.1,560010,1,1
817,817,Noby,Maddaford,nmaddafordmo@themeforest.net,Male,18,47,7724,0.6,3,4195,0.4,25,7190,0.3,0.5,560009,2,3
818,818,Ase,McGinly,amcginlymp@joomla.org,Male,52,0,9391,0.5,41,2481,0.8,7,1642,0.9,0.8,560003,1,2
819,819,Sauveur,Cornier,scorniermq@mozilla.org,Male,29,0,4877,0,40,5586,0.3,41,5107,0.5,0.7,560006,2,2
820,820,Gerry,Reuter,greutermr@sun.com,Male,35,21,5636,0.6,39,4102,0,43,7318,1,0.5,560002,2,2
821,821,Wittie,Bugby,wbugbyms@slideshare.net,Male,52,41,1948,0.2,14,4489,0.9,46,3566,1,0.3,560001,1,2
822,822,Zarah,MacKimm,zmackimmmt@unblog.fr,Female,28,3,9961,0.7,8,7071,0.6,10,7701,0.5,0.3,560009,1,1
823,823,Derwin,Beels,dbeelsmu@issuu.com,Male,22,0,4669,0.7,30,9363,0.6,1,1180,0.6,0.3,560006,1,1
824,824,Selie,Espinha,sespinhamv@tripod.com,Female,100,28,844,0.9,29,1662,0.8,29,6659,0.1,0.2,560001,1,2
825,825,Aeriel,Handy,ahandymw@hibu.com,Female,83,41,9937,0.6,30,3254,0.4,13,1526,0.5,0.9,560005,2,2
826,826,Raul,Randle,rrandlemx@pcworld.com,Male,28,49,7172,0.1,25,2538,0.9,42,6394,0.3,0.1,560005,3,3
827,827,Andriana,Peppard,apeppardmy@dot.gov,Female,96,4,52,0.6,31,8511,0.3,24,8917,0.3,0.2,560000,2,2
828,828,Orel,Cantor,ocantormz@mysql.com,Female,70,6,7362,0.4,32,6475,0.5,6,8443,0.1,0.7,560002,1,2
829,829,Leigh,Babcock,lbabcockn0@shareasale.com,Male,63,29,2697,0.1,33,909,0.1,10,2584,0.7,0.6,560005,1,1
830,830,Barnabe,Warrack,bwarrackn1@cnet.com,Male,20,10,4602,0,39,3272,0.5,35,1562,0.8,0.7,560006,1,1
831,831,Alberta,Grute,agruten2@tinypic.com,Female,25,13,163,0.8,30,5518,0.4,28,1488,0,0.5,560000,1,2
832,832,Worden,Sillwood,wsillwoodn3@goo.ne.jp,Male,76,2,4196,0.9,1,9180,0.6,17,6894,1,0.8,560003,1,1
833,833,Shaylynn,Daville,sdavillen4@usnews.com,Female,65,7,2505,0.5,5,965,0.4,26,7647,0.7,0,560007,1,2
834,834,Isaac,Kerner,ikernern5@hud.gov,Male,85,35,8426,0.3,25,8503,0.1,12,6245,0.3,0,560001,2,3
835,835,Biron,Eede,beeden6@msn.com,Male,53,39,1772,0.3,34,4736,0.2,13,1104,0.2,1,560009,1,2
836,836,Barclay,Hutfield,bhutfieldn7@bravesites.com,Male,61,37,4574,0,33,5571,0.6,37,4875,0.2,0.7,560005,2,2
837,837,Jolynn,Zwicker,jzwickern8@blogspot.com,Female,47,5,4312,0.7,45,4252,0.6,5,3108,1,0.8,560002,1,1
838,838,Jermaine,McCowen,jmccowenn9@t.co,Female,27,47,9502,0.5,19,7350,0.9,37,6367,0.4,0.5,560010,3,3
839,839,Torrey,Launchbury,tlaunchburyna@opensource.org,Male,52,30,8348,0.4,25,9915,0.9,13,7273,0.6,0.8,560010,2,2
840,840,Jdavie,Gloster,jglosternb@drupal.org,Male,62,39,4013,0.1,0,2133,0.2,6,5752,0,0.9,560007,1,1
841,841,Juana,Hargreves,jhargrevesnc@linkedin.com,Female,91,12,6825,0.8,48,5292,0,46,8558,0.6,0.6,560010,3,2
842,842,Paula,Meeland,pmeelandnd@taobao.com,Female,72,28,8258,0,34,6908,0.5,48,9637,0.3,0.4,560007,3,2
843,843,Mommy,Hancorn,mhancornne@goo.gl,Female,97,38,1213,0.6,42,7764,0.6,25,7185,1,0.4,560010,2,2
844,844,Johannah,Allston,jallstonnf@shutterfly.com,Female,74,45,6472,1,49,4245,0.1,4,8217,0.6,0.2,560009,2,2
845,845,Crin,Schiersch,cschierschng@devhub.com,Female,84,38,2115,0.8,35,3034,0.5,46,549,1,0.7,560003,1,1
846,846,Graig,Jovey,gjoveynh@upenn.edu,Male,69,6,8992,0.3,23,5187,0.4,32,1458,0.8,0.4,560003,1,1
847,847,Ardra,Luckings,aluckingsni@freewebs.com,Female,43,17,2293,0.3,22,8158,0.5,41,5140,0.7,0.1,560000,2,1
848,848,Humbert,Beavan,hbeavannj@a8.net,Male,72,2,7200,0.9,5,6024,0.1,19,1942,0.8,0.8,560004,1,1
849,849,Edan,Walker,ewalkernk@pagesperso-orange.fr,Male,30,41,4275,0.8,8,6139,0,12,1420,0.3,0.8,560008,1,1
850,850,Aleksandr,Gronw,agronwnl@imgur.com,Male,85,16,517,0.4,6,2381,0.4,23,4298,0.5,0,560003,1,1
851,851,Tracie,Vaskin,tvaskinnm@angelfire.com,Male,36,31,6252,0.4,47,4114,0.2,18,3517,0.9,0.9,560005,2,2
852,852,Jinny,Danovich,jdanovichnn@netvibes.com,Female,83,27,6923,0.7,48,168,0.1,0,7280,0.6,0.8,560009,1,2
853,853,Renault,Dufour,rdufourno@wsj.com,Male,55,12,1400,0.1,11,9508,0.9,8,1409,0.7,0.2,560002,1,1
854,854,Deane,Mordacai,dmordacainp@youku.com,Female,27,4,5685,0.7,11,9076,0.9,12,6250,0.9,0.7,560003,1,1
855,855,Fremont,Ewan,fewannq@sakura.ne.jp,Male,86,9,6802,0.2,41,1609,0.4,32,6699,1,0.7,560003,2,2
856,856,Othilia,Ackenson,oackensonnr@redcross.org,Female,91,38,5852,0.4,11,2572,0.4,3,109,0.7,0.5,560003,1,2
857,857,Caleb,Carlyon,ccarlyonns@nymag.com,Male,94,40,334,0.3,15,1364,0.6,45,5162,0.6,0.2,560003,1,2
858,858,Ag,Sandiford,asandifordnt@uiuc.edu,Female,78,32,3454,0.2,10,5587,0.6,5,2735,0.3,0.5,560005,1,1
859,859,Kaleena,Beckley,kbeckleynu@chicagotribune.com,Female,37,38,4682,0,11,7712,0.7,16,6383,0.7,0.2,560005,2,2
860,860,Patricio,Crichten,pcrichtennv@narod.ru,Male,47,20,6086,0.3,45,2546,0.5,41,6610,0.6,0.7,560007,2,2
861,861,Elwin,Ivakhnov,eivakhnovnw@geocities.com,Male,92,43,3721,0.9,37,9530,0,41,7673,0.2,0.1,560007,3,2
862,862,Ryan,Sabathier,rsabathiernx@weibo.com,Male,84,31,7526,0.8,13,3454,0.1,34,2874,0.7,0.9,560006,2,2
863,863,Hubie,Mansour,hmansourny@gmpg.org,Male,32,18,693,0.5,33,7478,0.2,4,7812,0.7,0.9,560008,1,2
864,864,Portie,Townley,ptownleynz@fc2.com,Male,62,20,7992,0.6,42,7148,0.5,5,4672,0.8,0.4,560008,2,2
865,865,Torey,Hackleton,thackletono0@hubpages.com,Female,52,23,4111,0.3,7,5696,0.2,40,1409,0.3,0.4,560008,1,1
866,866,Nell,Attew,nattewo1@tmall.com,Female,75,39,1761,0.5,34,7727,0.7,26,671,0.4,0.7,560010,2,2
867,867,Letti,Rawcliffe,lrawcliffeo2@yahoo.co.jp,Female,47,34,4427,0.4,40,8483,0,9,1855,0.1,0.4,560005,2,2
868,868,Letty,Saffill,lsaffillo3@seesaa.net,Female,90,12,9562,0.6,30,2369,0.6,18,3956,0.9,0.3,560005,1,2
869,869,Jerrine,Di Dello,jdidelloo4@oaic.gov.au,Female,58,2,6031,0,23,1057,0.7,31,1907,0.2,0.3,560001,1,1
870,870,Faye,Whetton,fwhettono5@china.com.cn,Female,63,18,9927,0.7,21,7066,0.4,13,3141,1,0.6,560009,2,2
871,871,Cayla,Jewson,cjewsono6@washington.edu,Female,89,49,5765,1,9,1672,0.9,9,1059,0.8,0.5,560002,1,2
872,872,Jeanette,Giddons,jgiddonso7@fastcompany.com,Female,47,16,1810,0.5,27,4220,0.2,50,4444,0.3,0.7,560006,2,1
873,873,Maitilde,Ledbetter,mledbettero8@creativecommons.org,Female,21,47,5102,0.1,29,8087,0.6,33,9861,0.9,0.4,560007,3,2
874,874,Martainn,Gleadle,mgleadleo9@redcross.org,Male,18,1,2623,0.2,43,2950,0.9,45,2907,0.4,0.9,560008,1,1
875,875,Smith,Trewman,strewmanoa@weather.com,Male,77,44,6756,0.9,34,5368,0.4,28,559,0.6,0.3,560003,2,2
876,876,Locke,Willarton,lwillartonob@surveymonkey.com,Male,66,40,1705,0.2,49,2298,0.5,41,228,0.1,0.6,560005,1,1
877,877,Cassi,Maliffe,cmaliffeoc@lycos.com,Female,87,20,2294,0.5,0,5338,0.2,24,4852,0.4,0.9,560004,1,2
878,878,Ezequiel,Crichmer,ecrichmerod@si.edu,Male,74,12,1966,0.1,14,5211,0.6,35,936,0.8,0.9,560002,1,1
879,879,Dodie,Sighart,dsighartoe@seesaa.net,Female,48,46,119,0.8,44,2566,0.2,48,8303,0.7,0.4,560006,2,2
880,880,Emanuel,Baudon,ebaudonof@bbc.co.uk,Male,66,40,3276,0.2,16,7810,0.2,41,291,0,0.9,560001,1,1
881,881,Kenn,Glenn,kglennog@spiegel.de,Male,37,10,2122,0.7,20,4353,0.1,37,7013,0.6,1,560009,2,1
882,882,Winonah,Barkshire,wbarkshireoh@google.com.br,Female,63,5,1562,0.7,21,7193,0.4,11,1115,0.6,0.4,560007,1,1
883,883,Davida,Friedenbach,dfriedenbachoi@phoca.cz,Female,100,50,3255,0.8,10,763,0.7,20,7492,0.1,0.2,560006,2,2
884,884,Carmen,Theuff,ctheuffoj@vk.com,Female,79,16,3288,0.3,29,3613,0.6,9,1135,0.1,0.9,560004,1,1
885,885,Mellicent,Simpole,msimpoleok@51.la,Female,58,25,8393,0.5,27,5909,0.6,50,6299,1,0.9,560008,3,2
886,886,Mirilla,Cruise,mcruiseol@sun.com,Female,71,4,9896,0.9,5,2345,0.6,4,5144,0.4,0.6,560000,1,1
887,887,Hinda,Goodanew,hgoodanewom@nba.com,Female,89,23,3545,0.5,6,5704,0.2,0,4523,0.2,0.3,560002,1,2
888,888,Valentino,Sibbson,vsibbsonon@npr.org,Male,86,35,6272,0.1,40,2741,0.3,21,5217,0.7,1,560007,2,2
889,889,Deane,Chrippes,dchrippesoo@nymag.com,Female,26,49,4274,0.4,19,9299,0.9,3,1926,1,0.6,560006,2,1
890,890,Leila,Lehrmann,llehrmannop@ftc.gov,Female,33,31,6439,0.2,50,3908,0.1,29,9607,0.5,0.9,560000,3,3
891,891,Brew,Wisniowski,bwisniowskioq@youtu.be,Male,92,33,8033,0.4,11,8936,0.4,11,9439,0.2,0.3,560009,2,2
892,892,Arabela,Toping,atopingor@yahoo.co.jp,Female,34,9,3316,0.2,4,6598,0.6,49,7344,0.4,0.9,560007,2,2
893,893,Cirillo,Eisikowitch,ceisikowitchos@prweb.com,Male,93,49,699,0.3,18,6162,0.4,40,8820,0.9,0.9,560006,2,2
894,894,Skip,Du Plantier,sduplantierot@multiply.com,Male,28,11,9960,0.3,28,5037,0.9,49,8635,0.1,0.9,560000,3,2
895,895,Corri,Mingauld,cmingauldou@sitemeter.com,Female,47,34,10000,0.9,14,6802,0.4,9,6990,0.5,1,560005,2,2
896,896,Sutton,Lademann,slademannov@vk.com,Male,33,33,7410,0.7,1,4002,0.8,28,3718,1,0.7,560003,2,2
897,897,Aldus,Childerley,achilderleyow@blogs.com,Male,56,5,8401,0.1,1,4026,0.3,23,2131,0.7,0.3,560008,1,1
898,898,Antin,Gudd,aguddox@latimes.com,Male,93,1,5473,0.5,12,7411,0.5,44,500,0.6,0.2,560010,1,1
899,899,Warner,Ludewig,wludewigoy@jalbum.net,Male,55,46,9017,0.4,30,7828,0.8,48,7520,0.3,0.1,560003,3,3
900,900,Wood,Wanden,wwandenoz@instagram.com,Male,77,47,4044,0.1,16,9293,0.6,7,9973,0.6,0.4,560004,2,2
901,901,Bettye,Wabersich,bwabersichp0@phpbb.com,Female,90,12,234,0.6,3,7508,0.6,43,6966,0.9,0.5,560007,1,1
902,902,Mandie,Zorro,mzorrop1@github.com,Female,32,37,3990,0.5,27,2359,0.4,40,1860,0.3,0.1,560005,1,1
903,903,Maynord,Amoore,mamoorep2@google.com.hk,Male,38,11,743,0.5,25,4367,1,44,1788,0,0.1,560007,1,1
904,904,Edsel,Ibbett,eibbettp3@webs.com,Male,72,42,1816,0.9,41,9760,0.2,10,7480,0.4,0.8,560003,2,2
905,905,Blair,Shiliton,bshilitonp4@yellowbook.com,Male,99,5,9389,0.3,9,2707,0.2,17,6880,1,0.5,560010,1,1
906,906,Tanya,Juden,tjudenp5@biblegateway.com,Female,43,19,5545,0.2,11,3987,0.6,23,1299,0.8,0.1,560000,1,1
907,907,Avrom,Janny,ajannyp6@elpais.com,Male,60,43,142,0.7,45,4358,0.6,32,353,0.1,0.4,560000,1,1
908,908,Sterling,Lightoller,slightollerp7@dropbox.com,Male,47,22,9536,0.8,31,7193,0.1,1,3136,0.7,0.6,560006,2,2
909,909,Mort,Grigoryev,mgrigoryevp8@livejournal.com,Male,19,5,3559,0.4,36,5233,0.8,18,8674,0.1,0.5,560007,2,2
910,910,Vita,Lortzing,vlortzingp9@thetimes.co.uk,Female,63,14,5796,0.2,3,7138,0.6,20,226,0.8,0.2,560005,1,1
911,911,Waring,Stilly,wstillypa@loc.gov,Male,59,8,7644,0.7,48,1211,1,0,1275,1,0.2,560010,1,1
912,912,Nara,Oxborrow,noxborrowpb@illinois.edu,Female,98,11,414,0.8,41,4842,0.4,41,2637,0.1,0.8,560005,2,2
913,913,Dorolisa,Lardge,dlardgepc@fotki.com,Female,71,29,1195,0.8,17,7988,0.4,4,3687,0.7,0.3,560005,1,1
914,914,Ileane,Di Biasio,idibiasiopd@scientificamerican.com,Female,95,14,7750,0.9,20,2357,0.4,5,9507,0.8,0.4,560004,1,1
915,915,Mick,Buckingham,mbuckinghampe@simplemachines.org,Male,74,2,3666,0.6,22,465,0,8,6974,0.1,0.4,560003,1,1
916,916,Blinnie,Kattenhorn,bkattenhornpf@histats.com,Female,19,23,4936,0.9,39,2012,0.3,41,671,0,0.7,560006,1,1
917,917,Tess,Stanwix,tstanwixpg@scientificamerican.com,Female,58,15,1674,1,37,3946,0.2,37,2267,0.3,0.8,560010,1,1
918,918,Kinnie,Hubbucks,khubbucksph@sohu.com,Male,22,4,5848,0.8,3,9510,0.6,9,1479,0.7,0.1,560009,1,1
919,919,Benjamen,Christofe,bchristofepi@squarespace.com,Male,84,35,9596,0.8,0,8799,0.1,16,9242,0.4,0.3,560000,2,2
920,920,Claudian,Grindrod,cgrindrodpj@businesswire.com,Male,19,4,2409,0.1,43,2809,0.1,11,3633,0.7,0.3,560008,1,1
921,921,Gustaf,Vanyukhin,gvanyukhinpk@wired.com,Male,63,27,1241,0.5,48,7721,0.3,17,6255,0.5,0.9,560007,2,2
922,922,Kristoffer,Trevna,ktrevnapl@hugedomains.com,Male,48,30,8153,0.7,45,4319,0.6,16,1188,0.1,0.7,560007,2,2
923,923,Essy,Birds,ebirdspm@cbc.ca,Female,67,17,4421,0.8,10,6694,0.6,31,7853,0.3,0.6,560001,2,2
924,924,Michell,Iashvili,miashvilipn@fc2.com,Female,91,22,8816,0.5,38,930,0.4,18,7942,0.4,0.4,560008,2,2
925,925,Cly,Dabel,cdabelpo@boston.com,Male,83,40,816,0.9,39,7302,0.2,7,8574,0.8,0.4,560003,2,2
926,926,Mozelle,Pontain,mpontainpp@google.ca,Female,84,37,4771,0.3,36,9226,0.7,20,4165,1,0,560003,2,2
927,927,Martica,Sheerin,msheerinpq@google.com,Female,99,49,5811,0.2,21,6076,0.4,17,6559,0.9,0.7,560001,2,2
928,928,Mela,Hathorn,mhathornpr@sciencedaily.com,Female,75,10,1188,0.9,44,8219,0.2,41,2101,0,0.4,560004,2,2
929,929,Berget,De Paoli,bdepaolips@narod.ru,Female,28,21,121,1,24,6360,0.6,48,7287,0.7,0.4,560008,2,2
930,930,Otho,Winram,owinrampt@woothemes.com,Male,74,37,1162,0.7,0,5556,0.2,25,5913,0.7,0.7,560004,1,2
931,931,Daryn,Ochterlony,dochterlonypu@ezinearticles.com,Female,21,33,2263,0.5,19,6356,0.4,48,5817,0.2,0.2,560007,2,2
932,932,Adan,Ullett,aullettpv@hatena.ne.jp,Female,62,39,8171,0.9,14,6593,0.4,34,5851,0.5,0.4,560006,2,2
933,933,Stevie,MacKeague,smackeaguepw@php.net,Male,29,31,9495,0.1,24,625,0.2,20,1907,0.3,0.5,560001,2,2
934,934,Hank,Goullee,hgoulleepx@google.fr,Male,33,41,2780,0.3,25,5381,0.6,20,2427,0.1,1,560000,1,2
935,935,Valida,Buddock,vbuddockpy@reddit.com,Female,68,47,7940,0.3,23,5429,0.4,12,8769,0.1,0.3,560002,3,2
936,936,Clair,Spedroni,cspedronipz@list-manage.com,Male,23,39,9254,0.2,4,2612,0.9,6,5441,0.6,0.5,560000,2,2
937,937,Gayelord,Sidnall,gsidnallq0@friendfeed.com,Male,45,49,4734,0.7,6,6676,0.7,50,9730,0.7,0,560003,3,2
938,938,Pamella,Fowle,pfowleq1@vkontakte.ru,Female,22,23,4059,0.3,0,9931,0.3,2,2527,0.8,0.4,560008,1,1
939,939,Marlena,Birchall,mbirchallq2@tamu.edu,Female,40,20,6402,0.7,21,9349,0.8,29,8291,0.3,0,560002,2,2
940,940,Gay,Conneau,gconneauq3@1688.com,Male,38,9,8623,0.6,5,5485,0.7,35,1695,0.8,0.6,560000,1,1
941,941,Stephenie,Heathcote,sheathcoteq4@ftc.gov,Female,47,8,3420,0.6,11,8236,0,34,7023,0.9,0.8,560000,2,2
942,942,Witty,Glaserman,wglasermanq5@huffingtonpost.com,Male,87,0,3883,0.8,40,7819,0.6,41,700,0.7,0.9,560007,2,2
943,943,Lisbeth,Backhurst,lbackhurstq6@yahoo.co.jp,Female,37,18,1860,0.8,50,7657,0.5,33,6741,0.9,0.6,560002,3,2
944,944,Doralynn,Normanell,dnormanellq7@vkontakte.ru,Female,55,19,897,0.3,18,6588,0.8,15,9454,0.2,0.3,560009,1,2
945,945,Janice,Weedon,jweedonq8@ustream.tv,Female,40,24,2419,0.8,40,3984,0,15,9592,0.3,0.6,560008,2,1
946,946,Billy,Ramsted,bramstedq9@xing.com,Male,40,18,8278,0.8,28,4023,0.2,26,9552,1,0.4,560010,2,2
947,947,Olivie,Dast,odastqa@de.vu,Female,78,8,5468,0.9,16,5882,0.6,1,4798,0.4,0.3,560002,1,1
948,948,Nevin,Krook,nkrookqb@twitpic.com,Male,75,39,4571,0.9,2,3222,0,8,971,0.2,0.5,560003,1,1
949,949,Zeke,Robbs,zrobbsqc@google.nl,Male,39,12,6892,0.1,34,8407,0.1,16,8354,0.8,0.5,560008,2,2
950,950,Gaston,Whitton,gwhittonqd@de.vu,Male,69,0,3469,0.5,47,1240,1,3,628,0.6,0.7,560000,1,1
951,951,Lucie,Wandtke,lwandtkeqe@bizjournals.com,Female,60,8,6985,0.8,3,2269,0.6,19,7441,0.5,0.1,560010,1,1
952,952,Bev,Mance,bmanceqf@moonfruit.com,Male,48,18,5777,0.9,14,6384,0.9,29,2498,0.7,0.6,560004,1,1
953,953,Burch,Gabitis,bgabitisqg@whitehouse.gov,Male,72,45,2009,1,24,7027,0.9,19,2128,0.8,0,560006,1,2
954,954,Janel,Bowditch,jbowditchqh@123-reg.co.uk,Female,96,45,1077,0.2,2,884,0.3,18,6232,0.6,0.8,560001,1,1
955,955,Boris,Lavery,blaveryqi@dagondesign.com,Male,61,40,8466,0.5,42,4301,0.7,5,8702,0,0.6,560004,2,2
956,956,Adda,Zavattieri,azavattieriqj@alexa.com,Female,88,42,594,0.5,18,8841,0.7,22,5434,0.6,0.6,560007,1,2
957,957,Caressa,Hastilow,chastilowqk@yelp.com,Female,58,42,1263,0.8,14,9261,0.9,8,8818,0.8,0.3,560005,1,2
958,958,Meg,Milvarnie,mmilvarnieql@rambler.ru,Female,86,3,2638,0.6,14,6099,0.6,48,9935,0.8,0.8,560005,2,2
959,959,Waldemar,Bonder,wbonderqm@kickstarter.com,Male,53,44,4510,0.9,31,2631,0.2,50,3416,0.9,0.5,560000,2,2
960,960,Yehudi,Ennion,yennionqn@prlog.org,Male,68,36,5250,0.3,41,8548,0.3,0,7124,0,0.2,560004,2,2
961,961,Nichols,Cambden,ncambdenqo@bluehost.com,Male,84,43,6834,0.6,18,7261,1,39,3285,0.3,0.4,560002,2,2
962,962,Jermaine,Smees,jsmeesqp@tmall.com,Male,22,11,9146,0.1,25,8621,0.4,8,9056,0.6,0.9,560000,2,1
963,963,Adria,Richin,arichinqq@sina.com.cn,Female,79,9,9439,0.8,14,704,0.4,11,1350,0.3,0.5,560006,1,1
964,964,Lou,Styles,lstylesqr@shinystat.com,Female,43,33,3616,0.6,5,7000,0.2,20,749,1,1,560007,1,1
965,965,Barclay,Dupree,bdupreeqs@admin.ch,Male,72,17,4308,0.3,26,9915,0.2,10,8854,0.5,0.9,560007,2,1
966,966,Franklin,Giblin,fgiblinqt@shop-pro.jp,Male,52,41,8116,1,20,3356,0.4,22,5621,0.4,0,560006,2,2
967,967,Carolin,Hadwick,chadwickqu@usgs.gov,Female,40,10,9910,1,6,2352,0.2,28,4472,0.7,0.2,560008,1,1
968,968,Megan,Viant,mviantqv@illinois.edu,Female,89,25,7425,0.8,37,9400,0.5,35,3275,0.3,0.9,560008,3,2
969,969,Amory,Lemmens,alemmensqw@aol.com,Male,46,11,4049,0,24,8294,0.7,46,1941,0.2,0.7,560000,2,1
970,970,Rozalin,Whipple,rwhippleqx@dot.gov,Female,78,4,2852,0.5,14,7772,0.1,27,7947,0.1,0.4,560006,2,2
971,971,Dory,Whitmarsh,dwhitmarshqy@amazonaws.com,Female,83,46,4734,0.6,42,2277,0.8,14,4199,0.1,0.4,560008,2,1
972,972,Hali,Foley,hfoleyqz@scribd.com,Female,88,4,5541,1,2,7152,0.1,28,2246,0.4,0.3,560005,1,1
973,973,Laird,Begbie,lbegbier0@elegantthemes.com,Male,24,22,5137,0.3,4,1509,0.4,6,1401,0.2,0.7,560001,1,1
974,974,Godart,Insley,ginsleyr1@goo.gl,Male,77,10,9579,0.6,50,5039,0.7,41,5664,0.3,0.2,560003,2,2
975,975,Andres,Absalom,aabsalomr2@soundcloud.com,Male,61,15,8786,0.4,2,3569,0,22,4471,0.2,1,560005,1,1
976,976,Michale,Harraway,mharrawayr3@whitehouse.gov,Male,20,2,8916,0.6,44,2901,0.9,38,6893,0.9,1,560008,2,1
977,977,Bronnie,Jaskiewicz,bjaskiewiczr4@cnet.com,Male,67,32,540,0.6,43,782,0.5,31,3006,0.2,0.4,560006,1,1
978,978,Jermaine,Gilloran,jgilloranr5@e-recht24.de,Female,29,2,6502,0,40,3590,0.5,41,2588,0.1,0.8,560002,1,1
979,979,Kara-lynn,Whiff,kwhiffr6@discovery.com,Female,49,5,1905,0.3,41,7761,0.3,19,1474,0.5,0.8,560006,2,2
980,980,Zedekiah,Liversage,zliversager7@paypal.com,Male,43,8,6715,0.6,49,4596,0.3,49,2214,0.3,0.8,560006,2,2
981,981,Northrop,Beyer,nbeyerr8@weibo.com,Male,32,46,400,1,30,339,0.8,33,3404,0.5,0.1,560010,1,1
982,982,Anna-diana,Messam,amessamr9@istockphoto.com,Female,53,21,4406,0.2,37,2242,0.8,27,8300,0.5,0.9,560004,2,2
983,983,Tito,Pendre,tpendrera@privacy.gov.au,Male,100,1,2075,0.8,30,9739,0.7,43,3439,0,0.7,560002,2,2
984,984,Bernadette,Loudian,bloudianrb@last.fm,Female,40,19,267,0.4,24,6909,0.3,50,6041,0.1,0.2,560000,2,2
985,985,Arty,Richen,arichenrc@ox.ac.uk,Male,56,38,6964,0.6,27,1490,0.5,6,8150,0.6,0.5,560003,2,2
986,986,Michael,Mates,mmatesrd@alexa.com,Male,87,30,2983,0.7,43,6474,0.1,21,9553,0.4,0.1,560002,2,2
987,987,Tobin,Matusov,tmatusovre@goodreads.com,Male,55,16,9257,0.7,2,7081,0.9,4,7701,0.2,0.8,560006,1,1
988,988,Brand,Hanscom,bhanscomrf@github.com,Male,69,14,9953,0.4,6,982,0.7,33,8395,0.5,0.9,560005,2,2
989,989,Dotty,Tilling,dtillingrg@ebay.com,Female,94,38,1945,0.9,48,9919,0.6,31,8235,0.8,0.7,560005,3,2
990,990,Ky,Selwin,kselwinrh@cpanel.net,Male,86,45,7226,0.1,33,7966,0,19,8064,1,0.7,560005,3,2
991,991,Josephine,Cappel,jcappelri@de.vu,Female,21,41,9566,0.9,21,7051,0.3,1,624,0.8,0.1,560003,2,2
992,992,Tonya,Turfrey,tturfreyrj@army.mil,Female,73,41,7009,0.8,12,5809,0.2,28,6534,0.6,0.5,560010,2,3
993,993,Gretchen,Bartolomivis,gbartolomivisrk@hibu.com,Female,64,12,4977,0.2,44,3621,0.8,32,1258,0.8,0.1,560009,1,1
994,994,Mario,Sambells,msambellsrl@sohu.com,Male,78,28,7405,0.7,19,5212,0.3,42,7257,0.1,0.7,560000,3,2
995,995,Jule,Dursley,jdursleyrm@china.com.cn,Male,21,47,9119,0,40,8561,0.4,23,9057,0.6,0.3,560009,3,3
996,996,Fletcher,Crus,fcrusrn@washington.edu,Male,24,24,3231,0.7,27,5661,0.3,31,5909,0.3,0,560003,2,2
997,997,Ginger,Stringer,gstringerro@blog.com,Male,18,20,6875,0.6,33,667,0.8,19,6024,0.3,0.8,560009,1,2
998,998,Joyous,Treher,jtreherrp@cyberchimps.com,Female,49,4,5905,0,19,3202,0,16,9823,0.1,0.2,560002,1,1
999,999,Silvano,Angear,sangearrq@latimes.com,Male,79,5,5659,0.2,10,4507,0.7,49,3005,0.9,0.7,560005,1,1
1000,1000,Tamra,Shillaber,tshillaberrr@people.com.cn,Female,70,34,9114,0.2,37,1893,0.2,12,9392,0.3,0.7,560002,2,2
