id,first_name,last_name,email,gender,transaction_per_year,discount_ratio,no_of_transactions,time_in_system,churned
1,Todd,Coleman,tcoleman0@merriam-webster.com,Male,466005,0.9,9,5,1
2,Katherine,Fisher,kfisher1@google.ru,Female,276197,0.8,16,5,0
3,Henry,Green,hgreen2@stanford.edu,Male,215508,0.4,15,9,1
4,Timothy,Woods,twoods3@google.nl,Male,67719,0.1,15,11,1
5,Russell,Hanson,rhanson4@wikia.com,Male,240323,0.5,13,3,0
6,Joe,Lynch,jlynch5@google.es,Male,366944,0.2,16,5,0
7,Paul,Jacobs,pjacobs6@istockphoto.com,Male,180658,0.4,12,4,1
8,Keith,Stone,kstone7@dion.ne.jp,Male,208745,0.3,9,5,1
9,Gregory,Peterson,gpeterson8@yolasite.com,Male,277769,0.3,6,6,1
10,Fred,Taylor,ftaylor9@vimeo.com,Male,432171,0,11,8,1
11,Sharon,Myers,smyersa@abc.net.au,Female,459088,0.9,17,9,1
12,Matthew,Davis,mdavisb@t.co,Male,271325,0.6,12,12,0
13,Deborah,Fields,dfieldsc@fc2.com,Female,121620,0.9,14,11,1
14,Andrew,Hicks,ahicksd@xing.com,Male,225270,0.8,15,9,1
15,Emily,Weaver,eweavere@about.me,Female,73031,0.6,17,3,0
16,Betty,Romero,bromerof@cdc.gov,Female,319397,0.9,12,8,1
17,Betty,Bell,bbellg@skyrock.com,Female,495324,0.6,15,10,0
18,Martin,Mendoza,mmendozah@theatlantic.com,Male,466814,0.9,7,4,0
19,Debra,Burns,dburnsi@seesaa.net,Female,320983,0.2,6,9,1
20,Jeffrey,Warren,jwarrenj@tripadvisor.com,Male,234483,0.9,5,6,0
21,Gregory,Meyer,gmeyerk@apache.org,Male,454283,0.5,5,3,1
22,Amy,Kelly,akellyl@csmonitor.com,Female,322626,1,20,5,0
23,Joshua,Lee,jleem@addthis.com,Male,492479,0.4,15,6,0
24,Stephanie,Clark,sclarkn@newsvine.com,Female,291561,0.9,7,10,0
25,Scott,Rodriguez,srodriguezo@google.com.br,Male,136391,0.3,15,5,1
26,Melissa,Baker,mbakerp@narod.ru,Female,240519,0.6,17,3,0
27,Clarence,Moore,cmooreq@tinypic.com,Male,441460,0.8,14,4,0
28,Philip,Berry,pberryr@zimbio.com,Male,318948,0.6,12,4,1
29,Howard,Moore,hmoores@irs.gov,Male,374995,0.8,12,10,1
30,Russell,Ortiz,rortizt@slideshare.net,Male,81091,0.3,15,6,0
31,Brandon,Parker,bparkeru@upenn.edu,Male,83875,0.1,12,5,0
32,Stephen,Meyer,smeyerv@google.co.uk,Male,102060,0.7,15,12,0
33,Nicholas,Willis,nwillisw@reuters.com,Male,317757,0.1,12,3,1
34,Terry,Hill,thillx@discovery.com,Male,436334,0.5,15,3,1
35,Sarah,Cook,scooky@illinois.edu,Female,319707,0.9,11,12,1
36,Robin,Evans,revansz@meetup.com,Female,286633,0.5,5,11,1
37,Doris,Willis,dwillis10@over-blog.com,Female,435864,0.8,8,11,0
38,Wanda,Hudson,whudson11@hatena.ne.jp,Female,387120,0,18,3,0
39,Ernest,Vasquez,evasquez12@odnoklassniki.ru,Male,331862,0.9,10,8,0
40,Carlos,Turner,cturner13@storify.com,Male,176893,0.8,12,12,0
41,Carl,Warren,cwarren14@webmd.com,Male,195408,0.8,6,6,0
42,Joseph,Hansen,jhansen15@mysql.com,Male,285196,0.9,17,4,0
43,Kevin,Jackson,kjackson16@biglobe.ne.jp,Male,383490,0.2,12,9,0
44,Lawrence,Lynch,llynch17@businesswire.com,Male,408813,0.7,19,12,1
45,Carol,Lewis,clewis18@ucla.edu,Female,249995,0.5,19,9,0
46,Paula,Sims,psims19@disqus.com,Female,255118,0.6,5,9,1
47,Samuel,Hudson,shudson1a@deliciousdays.com,Male,243942,0.5,11,3,0
48,Louise,Reed,lreed1b@vkontakte.ru,Female,447165,1,11,9,0
49,Anna,Chavez,achavez1c@spotify.com,Female,424958,0.2,11,12,0
50,Bruce,Bowman,bbowman1d@alibaba.com,Male,281791,0.3,13,10,1
51,Shawn,Alvarez,salvarez1e@youku.com,Male,104145,0.5,18,9,1
52,Scott,Thomas,sthomas1f@buzzfeed.com,Male,240246,0.1,9,4,1
53,Sharon,Sanders,ssanders1g@furl.net,Female,184952,0.1,12,5,1
54,Nicholas,Rice,nrice1h@tinypic.com,Male,137360,1,14,5,1
55,Janice,Lawson,jlawson1i@ca.gov,Female,234400,0,14,11,1
56,Maria,Williams,mwilliams1j@statcounter.com,Female,450583,0.2,10,4,0
57,Steven,Frazier,sfrazier1k@chron.com,Male,118882,0.4,20,4,0
58,Heather,Mason,hmason1l@i2i.jp,Female,125585,0.8,15,9,1
59,Ashley,Wheeler,awheeler1m@comcast.net,Female,148464,0.6,14,7,1
60,Stephanie,Montgomery,smontgomery1n@japanpost.jp,Female,396969,0.1,19,10,0
61,Joseph,Gonzalez,jgonzalez1o@nih.gov,Male,380344,0.9,15,4,1
62,Ronald,Sanders,rsanders1p@prweb.com,Male,85609,0.6,10,5,0
63,Sharon,Payne,spayne1q@examiner.com,Female,489491,0.1,6,5,0
64,Laura,Baker,lbaker1r@mit.edu,Female,441845,0.6,15,12,1
65,Charles,Payne,cpayne1s@wiley.com,Male,77051,0.2,16,3,0
66,William,Stanley,wstanley1t@surveymonkey.com,Male,190571,0.8,19,12,0
67,Frances,Stone,fstone1u@epa.gov,Female,123745,0.5,17,6,1
68,Helen,Bennett,hbennett1v@t.co,Female,201720,1,14,3,1
69,Beverly,Lynch,blynch1w@vimeo.com,Female,69557,0.1,14,9,0
70,Eugene,Edwards,eedwards1x@sourceforge.net,Male,309038,0.4,12,9,1
71,Betty,Fields,bfields1y@furl.net,Female,88630,0.1,10,3,1
72,Marilyn,Thomas,mthomas1z@plala.or.jp,Female,497028,0,15,9,0
73,Johnny,Johnston,jjohnston20@ameblo.jp,Male,468861,0.1,13,4,1
74,Eugene,Banks,ebanks21@liveinternet.ru,Male,341189,0.3,19,4,1
75,Victor,Sanders,vsanders22@examiner.com,Male,357666,0.9,17,11,0
76,Robin,Stanley,rstanley23@privacy.gov.au,Female,363996,0.4,11,8,1
77,Catherine,Anderson,canderson24@behance.net,Female,107441,0.8,17,4,1
78,Shawn,Ramirez,sramirez25@abc.net.au,Male,310656,0.8,8,11,0
79,Joyce,Simpson,jsimpson26@sfgate.com,Female,227881,0.3,15,6,0
80,Richard,Fox,rfox27@cbsnews.com,Male,492771,0.4,11,8,0
81,Douglas,Walker,dwalker28@netscape.com,Male,270531,0.5,15,12,0
82,John,Little,jlittle29@sohu.com,Male,306816,0.5,8,6,0
83,Phillip,Henry,phenry2a@feedburner.com,Male,336991,0.8,14,11,0
84,Barbara,Butler,bbutler2b@hugedomains.com,Female,227022,0.8,16,3,1
85,Lisa,Nguyen,lnguyen2c@goodreads.com,Female,486600,0.3,8,10,1
86,Roy,Lopez,rlopez2d@histats.com,Male,84835,0.3,5,7,0
87,Joe,Lopez,jlopez2e@stumbleupon.com,Male,100814,0.6,14,8,0
88,Deborah,Stewart,dstewart2f@ucsd.edu,Female,470228,0.1,8,10,0
89,Albert,Williams,awilliams2g@businessweek.com,Male,138748,0.3,19,10,1
90,Amy,Garza,agarza2h@hatena.ne.jp,Female,447359,0.1,13,12,1
91,Brandon,Moore,bmoore2i@europa.eu,Male,459897,0.4,8,10,1
92,Joseph,Graham,jgraham2j@house.gov,Male,93937,0.6,14,3,1
93,Marie,Frazier,mfrazier2k@earthlink.net,Female,371288,0.5,9,12,0
94,Adam,Nelson,anelson2l@wikispaces.com,Male,135096,0.9,14,9,0
95,Marie,Tucker,mtucker2m@vk.com,Female,138661,0.8,13,9,0
96,Betty,Walker,bwalker2n@google.de,Female,153649,1,17,11,1
97,James,Stephens,jstephens2o@archive.org,Male,328578,0.7,16,12,1
98,Jonathan,Montgomery,jmontgomery2p@census.gov,Male,349671,0.5,16,6,0
99,Wayne,Ferguson,wferguson2q@plala.or.jp,Male,368552,0.2,10,7,1
100,Mildred,Robinson,mrobinson2r@amazon.co.jp,Female,464550,0.5,10,5,0
101,Nicole,Fuller,nfuller2s@webs.com,Female,219106,0.1,17,5,0
102,Craig,Henderson,chenderson2t@histats.com,Male,123042,0.5,18,10,1
103,Adam,Bryant,abryant2u@pinterest.com,Male,459848,0.4,6,5,1
104,Rose,Phillips,rphillips2v@abc.net.au,Female,389704,0.2,9,6,0
105,Eugene,Gutierrez,egutierrez2w@artisteer.com,Male,273537,0.6,9,5,0
106,Ashley,Perkins,aperkins2x@census.gov,Female,390456,0.2,7,4,1
107,Jose,Thomas,jthomas2y@msu.edu,Male,231460,0.4,6,9,0
108,Juan,Alexander,jalexander2z@umich.edu,Male,236008,0.2,20,9,1
109,Norma,West,nwest30@twitpic.com,Female,299244,0.8,14,12,0
110,Timothy,Mason,tmason31@goo.gl,Male,98476,0.1,15,8,1
111,Sandra,Jacobs,sjacobs32@elegantthemes.com,Female,97915,0.5,10,4,0
112,Earl,King,eking33@examiner.com,Male,462234,0.5,10,7,0
113,Henry,Hanson,hhanson34@illinois.edu,Male,256028,0.8,19,9,1
114,Kenneth,Sims,ksims35@macromedia.com,Male,88613,0.3,20,12,1
115,Cheryl,Stephens,cstephens36@paypal.com,Female,486495,0.8,19,9,1
116,Amy,Jacobs,ajacobs37@imgur.com,Female,197896,0.7,9,5,1
117,Lisa,Moreno,lmoreno38@rediff.com,Female,430828,0.2,19,3,0
118,Phillip,Elliott,pelliott39@mozilla.com,Male,167483,0.7,19,10,1
119,Randy,Kelley,rkelley3a@biglobe.ne.jp,Male,113266,0.4,6,7,0
120,Daniel,Washington,dwashington3b@deliciousdays.com,Male,252847,0.6,6,3,0
121,Harry,Wheeler,hwheeler3c@sitemeter.com,Male,234477,0.7,16,11,0
122,Martha,Gomez,mgomez3d@prlog.org,Female,407297,0.1,15,9,0
123,Amy,Morris,amorris3e@columbia.edu,Female,325966,0.3,15,9,0
124,Sarah,Wells,swells3f@comcast.net,Female,179366,0.3,9,6,0
125,Marilyn,Fox,mfox3g@spiegel.de,Female,74818,0.1,14,3,1
126,Ryan,Jackson,rjackson3h@chronoengine.com,Male,467484,0.1,7,10,0
127,Doris,Chapman,dchapman3i@bandcamp.com,Female,322930,0.8,18,6,1
128,Alice,Gray,agray3j@squarespace.com,Female,362178,0.1,7,7,1
129,Fred,Howell,fhowell3k@weibo.com,Male,484810,0.2,10,7,0
130,Carl,White,cwhite3l@europa.eu,Male,201546,0.5,11,7,1
131,Matthew,Palmer,mpalmer3m@trellian.com,Male,297772,0.8,11,6,1
132,Mildred,Edwards,medwards3n@wordpress.org,Female,453923,0.6,7,9,0
133,Juan,Payne,jpayne3o@hibu.com,Male,425264,0.9,7,5,0
134,Donald,Campbell,dcampbell3p@jalbum.net,Male,282033,0.3,8,5,0
135,Jose,Carroll,jcarroll3q@goo.gl,Male,72468,0.6,12,5,0
136,Larry,Mitchell,lmitchell3r@com.com,Male,459701,0.3,11,5,0
137,Carl,Thomas,cthomas3s@indiatimes.com,Male,172815,0.1,5,6,1
138,Phyllis,Bell,pbell3t@theguardian.com,Female,479264,0.4,8,12,0
139,Douglas,Pierce,dpierce3u@house.gov,Male,210506,0.5,12,11,1
140,Evelyn,Smith,esmith3v@canalblog.com,Female,309667,0.1,18,11,0
141,Ronald,Butler,rbutler3w@techcrunch.com,Male,485441,0.4,20,4,0
142,Brandon,Allen,ballen3x@uiuc.edu,Male,206567,0.5,8,11,1
143,Mary,Harris,mharris3y@oracle.com,Female,304878,0.4,11,7,0
144,Kathy,Wallace,kwallace3z@cdbaby.com,Female,287309,0.5,18,6,1
145,Lawrence,Watkins,lwatkins40@ed.gov,Male,147505,0.9,18,6,1
146,Lois,Simmons,lsimmons41@newsvine.com,Female,215154,0.5,11,7,0
147,Earl,Lopez,elopez42@blogspot.com,Male,406887,0.1,12,9,1
148,Henry,Castillo,hcastillo43@omniture.com,Male,325585,0.9,7,10,0
149,Matthew,Morales,mmorales44@macromedia.com,Male,411848,0.5,8,10,0
150,Wayne,Wagner,wwagner45@is.gd,Male,125727,0.4,20,5,0
151,Cynthia,Weaver,cweaver46@clickbank.net,Female,372635,0.4,14,7,1
152,Irene,Diaz,idiaz47@amazon.co.jp,Female,86356,0.1,13,4,1
153,Mildred,Wagner,mwagner48@ibm.com,Female,439315,0.9,13,3,0
154,Alice,Wagner,awagner49@cafepress.com,Female,224637,0.6,6,7,1
155,Martha,Brown,mbrown4a@exblog.jp,Female,340460,0.7,8,11,0
156,Shawn,Montgomery,smontgomery4b@yandex.ru,Male,181754,0,17,10,0
157,Justin,Henderson,jhenderson4c@ucsd.edu,Male,89257,1,6,11,0
158,Pamela,Day,pday4d@blogs.com,Female,166490,0.4,19,8,1
159,Beverly,Gutierrez,bgutierrez4e@indiatimes.com,Female,385606,0.1,16,9,0
160,Russell,Ryan,rryan4f@cam.ac.uk,Male,176501,1,19,9,0
161,Howard,Edwards,hedwards4g@mlb.com,Male,314786,0.4,17,5,0
162,Terry,Frazier,tfrazier4h@techcrunch.com,Male,81635,0.1,14,3,0
163,Louis,Carr,lcarr4i@photobucket.com,Male,271098,0.3,20,10,1
164,Benjamin,Sims,bsims4j@wordpress.org,Male,344584,0.8,19,10,1
165,Amy,Gardner,agardner4k@fotki.com,Female,475977,0.3,13,9,1
166,Ann,Garcia,agarcia4l@google.de,Female,192754,0.9,12,10,0
167,Anna,Pierce,apierce4m@google.com.au,Female,194385,0.8,20,7,0
168,Laura,Adams,ladams4n@jigsy.com,Female,62989,0.2,13,8,0
169,Mary,Romero,mromero4o@uiuc.edu,Female,295615,0,13,8,0
170,Laura,Peterson,lpeterson4p@plala.or.jp,Female,187841,0.6,9,12,0
171,Wanda,Cole,wcole4q@oaic.gov.au,Female,277210,0.2,16,4,1
172,Paul,Hughes,phughes4r@canalblog.com,Male,167528,0.8,16,11,0
173,Anne,Gutierrez,agutierrez4s@dailymotion.com,Female,165359,0.7,17,3,0
174,Paula,Jones,pjones4t@freewebs.com,Female,388898,0,14,4,1
175,Ruth,Sanchez,rsanchez4u@shop-pro.jp,Female,206116,0.1,17,5,1
176,Karen,Austin,kaustin4v@mozilla.org,Female,389308,0.1,11,7,0
177,Arthur,Holmes,aholmes4w@4shared.com,Male,176813,0.9,15,7,0
178,Ronald,Washington,rwashington4x@ted.com,Male,294268,0.9,20,6,0
179,Heather,Austin,haustin4y@seattletimes.com,Female,221992,0.3,9,3,0
180,Nicholas,Lopez,nlopez4z@patch.com,Male,378402,0.6,16,10,1
181,Kelly,Watkins,kwatkins50@myspace.com,Female,477858,0.6,9,12,0
182,Mildred,Smith,msmith51@blinklist.com,Female,95184,0.3,10,8,1
183,Christine,Rodriguez,crodriguez52@networkadvertising.org,Female,477571,0.5,8,7,1
184,Jeremy,Turner,jturner53@reverbnation.com,Male,400147,0.7,19,10,0
185,Linda,Fernandez,lfernandez54@blog.com,Female,193586,0.4,16,12,1
186,Fred,Vasquez,fvasquez55@about.me,Male,284776,0.7,7,4,0
187,Ashley,Day,aday56@google.pl,Female,132281,0.8,7,8,1
188,Sarah,Montgomery,smontgomery57@msu.edu,Female,402963,0.1,17,4,1
189,Russell,Nichols,rnichols58@jalbum.net,Male,195385,0.4,10,9,0
190,Beverly,Ramos,bramos59@alibaba.com,Female,399341,0.8,7,3,1
191,Alan,Snyder,asnyder5a@themeforest.net,Male,220357,0.6,16,12,0
192,Laura,Campbell,lcampbell5b@zdnet.com,Female,218956,0.5,13,4,1
193,Jacqueline,Stanley,jstanley5c@com.com,Female,240178,1,14,9,1
194,Ronald,Gutierrez,rgutierrez5d@mit.edu,Male,173047,0.4,10,3,0
195,Russell,Burns,rburns5e@seattletimes.com,Male,114134,0.8,7,3,0
196,Victor,Gutierrez,vgutierrez5f@technorati.com,Male,335068,0.9,10,11,1
197,Russell,Phillips,rphillips5g@economist.com,Male,223446,0.6,20,10,0
198,Carolyn,Gonzales,cgonzales5h@msu.edu,Female,458523,0.7,6,3,1
199,Pamela,Lewis,plewis5i@wufoo.com,Female,258672,0.6,14,4,1
200,Jack,Moore,jmoore5j@weebly.com,Male,294961,0.1,15,4,1
201,Nancy,Berry,nberry5k@geocities.com,Female,433021,1,12,12,0
202,Fred,Campbell,fcampbell5l@foxnews.com,Male,434216,0.7,12,7,1
203,Craig,Wheeler,cwheeler5m@cdbaby.com,Male,329458,0.7,20,3,1
204,Ruth,Fisher,rfisher5n@cbslocal.com,Female,426046,0.2,18,4,1
205,Bobby,Knight,bknight5o@state.tx.us,Male,62340,0,7,4,1
206,Justin,Robertson,jrobertson5p@squarespace.com,Male,96497,1,7,3,1
207,Stephanie,Moore,smoore5q@mayoclinic.com,Female,448171,0.6,8,9,1
208,Emily,Hawkins,ehawkins5r@bbb.org,Female,319532,0.7,15,9,1
209,Stephanie,Morgan,smorgan5s@comcast.net,Female,139908,0.7,6,7,0
210,Robin,George,rgeorge5t@smugmug.com,Female,476829,0.5,15,12,1
211,Peter,Hawkins,phawkins5u@godaddy.com,Male,147808,0.9,13,6,1
212,Jose,Chavez,jchavez5v@delicious.com,Male,308367,0.9,9,6,1
213,Jessica,Harper,jharper5w@photobucket.com,Female,353936,0.2,18,8,1
214,Kelly,Riley,kriley5x@flickr.com,Female,195943,0.3,12,4,1
215,Gloria,Montgomery,gmontgomery5y@mozilla.com,Female,74726,0.3,11,6,0
216,Anne,Rose,arose5z@xing.com,Female,192953,0.1,13,9,1
217,Alan,Frazier,afrazier60@wisc.edu,Male,99678,0,7,12,0
218,Shirley,Holmes,sholmes61@theguardian.com,Female,207953,0.3,18,6,1
219,Dennis,Myers,dmyers62@nytimes.com,Male,66725,0.9,16,5,0
220,Patricia,Richards,prichards63@alibaba.com,Female,416030,0.1,9,6,1
221,Julia,Kelly,jkelly64@cargocollective.com,Female,197941,0.9,9,7,0
222,Diane,Thomas,dthomas65@admin.ch,Female,326969,0.3,12,6,0
223,Mary,Ferguson,mferguson66@newyorker.com,Female,128306,0.7,7,4,0
224,Anna,Johnson,ajohnson67@about.com,Female,355445,0.4,9,11,0
225,Lillian,Franklin,lfranklin68@gov.uk,Female,106829,0.8,9,9,1
226,Barbara,Palmer,bpalmer69@msn.com,Female,465415,0.5,8,9,1
227,Dorothy,Graham,dgraham6a@skype.com,Female,55658,0.7,15,10,1
228,Ann,Cruz,acruz6b@cmu.edu,Female,380580,0.1,5,8,0
229,Marie,Olson,molson6c@cnet.com,Female,74056,0.6,20,9,0
230,Jennifer,Ross,jross6d@plala.or.jp,Female,60215,0.4,16,4,0
231,Arthur,White,awhite6e@go.com,Male,202671,0.4,6,8,0
232,Kathryn,Hanson,khanson6f@imdb.com,Female,393487,0,18,10,1
233,Anthony,Burton,aburton6g@51.la,Male,198665,0.6,15,9,1
234,Aaron,Ortiz,aortiz6h@typepad.com,Male,370227,0.2,6,4,1
235,Ronald,Diaz,rdiaz6i@yelp.com,Male,460341,0.2,19,10,0
236,Sandra,Burns,sburns6j@discovery.com,Female,189666,0.6,19,4,0
237,Barbara,Williams,bwilliams6k@hao123.com,Female,498805,0.4,20,3,0
238,Teresa,Holmes,tholmes6l@netscape.com,Female,224446,0.7,15,8,0
239,Paul,Frazier,pfrazier6m@myspace.com,Male,429499,0.8,15,3,1
240,Julie,Long,jlong6n@opensource.org,Female,263086,0.8,18,11,0
241,Carolyn,Stanley,cstanley6o@ft.com,Female,252368,0.8,19,12,0
242,Steve,Fernandez,sfernandez6p@amazon.co.jp,Male,84278,0,17,10,0
243,Dorothy,Ross,dross6q@cbsnews.com,Female,382061,0.6,6,12,0
244,Wanda,Ross,wross6r@japanpost.jp,Female,186598,0.4,13,11,1
245,Kathy,Fowler,kfowler6s@salon.com,Female,473766,0.8,14,9,1
246,Diane,Adams,dadams6t@tumblr.com,Female,477922,0.5,16,10,1
247,Christopher,Schmidt,cschmidt6u@oracle.com,Male,66935,0.7,7,9,1
248,Sharon,Hart,shart6v@un.org,Female,142846,0.7,14,4,0
249,Gloria,Cruz,gcruz6w@squarespace.com,Female,407146,0.6,9,6,1
250,Jerry,Carr,jcarr6x@google.pl,Male,148626,0.9,8,7,0
251,Betty,Powell,bpowell6y@zdnet.com,Female,363218,0.6,17,7,1
252,Nancy,Gibson,ngibson6z@ihg.com,Female,333408,0.9,10,5,0
253,Joyce,Hansen,jhansen70@bravesites.com,Female,185180,1,5,9,1
254,Joyce,Gray,jgray71@sphinn.com,Female,482379,0.1,10,6,0
255,Ann,Knight,aknight72@bluehost.com,Female,262111,0.5,16,6,0
256,Dennis,Harper,dharper73@omniture.com,Male,64146,0.1,12,4,0
257,Irene,Ray,iray74@livejournal.com,Female,293063,0.2,5,12,0
258,Amy,Fuller,afuller75@nydailynews.com,Female,375955,0.4,16,4,1
259,Evelyn,Jones,ejones76@marriott.com,Female,462588,0.6,6,7,1
260,Alan,Thomas,athomas77@tinyurl.com,Male,497654,1,10,10,1
261,Christopher,Rodriguez,crodriguez78@constantcontact.com,Male,403420,1,10,11,0
262,Judith,Butler,jbutler79@amazonaws.com,Female,164516,0.8,19,7,0
263,Doris,Perez,dperez7a@weather.com,Female,396407,0.6,14,9,0
264,Paul,Hawkins,phawkins7b@cisco.com,Male,266551,0.9,20,9,0
265,Helen,Stewart,hstewart7c@amazonaws.com,Female,317580,0.3,10,6,0
266,Ruth,Nguyen,rnguyen7d@over-blog.com,Female,237088,0.2,9,9,0
267,Mark,Dunn,mdunn7e@amazon.com,Male,201879,0.3,14,9,0
268,Gerald,Ray,gray7f@gmpg.org,Male,280042,0,8,11,0
269,Michelle,Snyder,msnyder7g@bandcamp.com,Female,156134,0.8,13,4,1
270,Julie,Austin,jaustin7h@istockphoto.com,Female,70450,0.8,13,12,1
271,Marie,Kelley,mkelley7i@harvard.edu,Female,91936,0.8,5,6,0
272,Diane,Larson,dlarson7j@usgs.gov,Female,444686,0.6,13,4,0
273,Lillian,Henry,lhenry7k@instagram.com,Female,321840,1,17,4,1
274,Ruth,Ray,rray7l@ifeng.com,Female,63576,0.8,11,8,0
275,Karen,Johnston,kjohnston7m@ebay.com,Female,432259,0.7,6,4,0
276,Jesse,Rivera,jrivera7n@symantec.com,Male,188393,0.3,10,7,1
277,Jesse,Morgan,jmorgan7o@qq.com,Male,404309,0.4,19,11,1
278,Walter,Bishop,wbishop7p@ameblo.jp,Male,172753,1,19,6,0
279,Dorothy,Bailey,dbailey7q@mtv.com,Female,80388,0.8,14,6,1
280,Matthew,Mendoza,mmendoza7r@joomla.org,Male,199479,0.2,8,4,0
281,Philip,Daniels,pdaniels7s@sohu.com,Male,379851,0.4,15,8,0
282,Steven,Gray,sgray7t@msu.edu,Male,136153,0.5,8,8,1
283,Pamela,Williams,pwilliams7u@businessinsider.com,Female,429656,0.1,10,8,1
284,Benjamin,Watkins,bwatkins7v@craigslist.org,Male,178335,0,9,6,1
285,Linda,Castillo,lcastillo7w@clickbank.net,Female,369857,0.5,8,4,0
286,Diane,Morrison,dmorrison7x@house.gov,Female,388792,0.2,16,8,1
287,Alan,Lynch,alynch7y@cocolog-nifty.com,Male,133355,0.3,20,7,1
288,Arthur,James,ajames7z@trellian.com,Male,457369,0.3,15,9,0
289,Albert,Castillo,acastillo80@imageshack.us,Male,139774,1,5,12,1
290,Benjamin,Andrews,bandrews81@photobucket.com,Male,263341,0.8,19,12,0
291,Helen,Morris,hmorris82@google.fr,Female,301123,0.2,20,6,1
292,Ruby,Bowman,rbowman83@reverbnation.com,Female,153053,0.3,8,7,0
293,Phillip,Nichols,pnichols84@newyorker.com,Male,198034,0.9,14,12,1
294,Julia,Turner,jturner85@naver.com,Female,205646,0.2,19,6,0
295,Jacqueline,Garrett,jgarrett86@weebly.com,Female,131365,0.1,12,11,0
296,Eric,Crawford,ecrawford87@squarespace.com,Male,192331,0.8,17,3,1
297,Larry,Watson,lwatson88@icq.com,Male,385967,0.4,16,10,0
298,Kimberly,Lynch,klynch89@fema.gov,Female,144103,0.2,20,10,0
299,Denise,Mitchell,dmitchell8a@sun.com,Female,286647,0.8,13,5,0
300,Donald,Cruz,dcruz8b@weibo.com,Male,452093,0.6,17,3,1
301,Kathy,Grant,kgrant8c@cargocollective.com,Female,118799,0.6,15,7,1
302,Keith,Nguyen,knguyen8d@ask.com,Male,293964,0.2,5,9,0
303,Kathryn,Castillo,kcastillo8e@1und1.de,Female,147321,0.9,11,4,1
304,Albert,Nguyen,anguyen8f@liveinternet.ru,Male,339900,0.6,14,11,0
305,Nicole,Burton,nburton8g@drupal.org,Female,443079,0.2,11,9,0
306,Fred,Hansen,fhansen8h@mashable.com,Male,384316,0.3,19,12,0
307,Aaron,Dunn,adunn8i@ibm.com,Male,143933,0.9,7,5,0
308,Michelle,Snyder,msnyder8j@ebay.com,Female,260942,0.1,7,6,1
309,Elizabeth,Williamson,ewilliamson8k@epa.gov,Female,85106,0.2,18,6,0
310,Alan,Reyes,areyes8l@discovery.com,Male,191450,0.8,17,8,1
311,Joe,Mills,jmills8m@spotify.com,Male,349069,1,14,3,0
312,Robin,Young,ryoung8n@elpais.com,Female,473233,0.8,14,4,1
313,Kenneth,Hunt,khunt8o@upenn.edu,Male,239362,0.2,19,9,0
314,Bonnie,Nguyen,bnguyen8p@psu.edu,Female,164501,0.8,6,6,0
315,Charles,Carpenter,ccarpenter8q@shinystat.com,Male,214097,0.2,18,7,0
316,David,Rose,drose8r@tinyurl.com,Male,426289,0,10,4,0
317,Jennifer,Rice,jrice8s@oracle.com,Female,452179,0.7,11,3,0
318,Joe,Gilbert,jgilbert8t@sphinn.com,Male,59349,0.2,5,11,0
319,Harold,Butler,hbutler8u@gizmodo.com,Male,305035,1,18,4,1
320,Ashley,Rose,arose8v@instagram.com,Female,257469,0.5,12,12,0
321,Kenneth,Young,kyoung8w@gravatar.com,Male,114619,0.7,14,11,1
322,George,Kelley,gkelley8x@shutterfly.com,Male,440441,0.2,14,8,0
323,Jennifer,Nelson,jnelson8y@storify.com,Female,304067,0.8,16,5,1
324,Gloria,Moreno,gmoreno8z@pbs.org,Female,482463,0.4,12,9,0
325,Julie,Willis,jwillis90@cafepress.com,Female,206750,1,12,12,0
326,Shawn,Johnson,sjohnson91@bravesites.com,Male,437983,0.4,7,7,1
327,Justin,Martin,jmartin92@histats.com,Male,245810,0.8,19,9,0
328,Stephen,Jackson,sjackson93@newyorker.com,Male,407465,0.7,19,4,0
329,Diana,Reid,dreid94@discovery.com,Female,131652,0.7,13,11,1
330,Barbara,Clark,bclark95@independent.co.uk,Female,308479,0.1,15,10,0
331,George,Butler,gbutler96@google.ca,Male,353474,0.7,18,10,0
332,Betty,Henderson,bhenderson97@friendfeed.com,Female,389503,0.6,19,4,0
333,Dorothy,Smith,dsmith98@flavors.me,Female,273584,0.8,12,7,1
334,Stephanie,Jenkins,sjenkins99@fema.gov,Female,373245,0.1,19,10,1
335,Brenda,Harrison,bharrison9a@comsenz.com,Female,307569,0.2,20,4,0
336,Louise,Fernandez,lfernandez9b@unc.edu,Female,371036,0.5,12,3,1
337,Jesse,Olson,jolson9c@aol.com,Male,308148,0,12,12,1
338,Jennifer,Jacobs,jjacobs9d@dyndns.org,Female,65513,0.6,6,7,1
339,Deborah,Woods,dwoods9e@sitemeter.com,Female,324316,1,16,9,0
340,Jonathan,Kim,jkim9f@berkeley.edu,Male,272146,0.2,17,11,0
341,Jerry,Ramirez,jramirez9g@theglobeandmail.com,Male,335266,1,10,4,1
342,Jesse,Wilson,jwilson9h@1und1.de,Male,195892,0.4,10,5,0
343,Jason,Hansen,jhansen9i@technorati.com,Male,130266,0.2,7,11,1
344,Jonathan,Ruiz,jruiz9j@admin.ch,Male,111117,0.1,16,6,0
345,Rachel,Dunn,rdunn9k@phpbb.com,Female,442557,0,8,9,0
346,Deborah,Hunt,dhunt9l@nps.gov,Female,433598,0.5,19,4,0
347,Kevin,Jenkins,kjenkins9m@goo.gl,Male,369218,0.5,14,9,1
348,Steve,Stephens,sstephens9n@samsung.com,Male,186890,0.6,11,12,1
349,Arthur,Cole,acole9o@nymag.com,Male,444084,0.2,17,6,0
350,Eugene,Rice,erice9p@nba.com,Male,135677,0.3,9,10,0
351,Billy,West,bwest9q@fda.gov,Male,464463,0.1,13,12,0
352,Keith,Smith,ksmith9r@edublogs.org,Male,166330,0.9,11,10,0
353,Howard,Garrett,hgarrett9s@netvibes.com,Male,400390,0.8,12,11,1
354,Michael,Lawson,mlawson9t@house.gov,Male,78025,0.8,16,9,0
355,Christopher,Ortiz,cortiz9u@hao123.com,Male,163854,0.7,16,10,1
356,Scott,Knight,sknight9v@techcrunch.com,Male,380057,1,18,10,1
357,Mildred,Williams,mwilliams9w@google.com.hk,Female,148149,0.9,7,10,0
358,Bruce,Hunter,bhunter9x@dailymail.co.uk,Male,208270,0.9,18,9,0
359,Lawrence,Ray,lray9y@google.com.hk,Male,424606,0.6,15,11,0
360,Kimberly,Parker,kparker9z@wordpress.com,Female,420766,0.8,9,4,1
361,Christopher,Baker,cbakera0@hc360.com,Male,281416,0.7,16,12,1
362,Bobby,Harris,bharrisa1@tmall.com,Male,80652,0.9,17,5,1
363,Donna,Lynch,dlyncha2@cargocollective.com,Female,297718,0.2,20,12,0
364,Lisa,Rice,lricea3@issuu.com,Female,76795,0.1,15,10,1
365,Lisa,Riley,lrileya4@walmart.com,Female,230155,0.9,16,7,1
366,Jessica,Miller,jmillera5@oaic.gov.au,Female,109332,0.2,9,5,0
367,Samuel,Nelson,snelsona6@chicagotribune.com,Male,170063,0.7,8,6,0
368,Brian,Hawkins,bhawkinsa7@com.com,Male,199239,0.5,16,7,0
369,Heather,Marshall,hmarshalla8@pinterest.com,Female,374025,0.2,5,9,0
370,Jessica,Harvey,jharveya9@google.co.uk,Female,459387,0.8,6,7,1
371,Mildred,Reyes,mreyesaa@youku.com,Female,359287,0.1,6,4,0
372,Henry,Johnson,hjohnsonab@skyrock.com,Male,327078,0.6,19,9,1
373,Jerry,Watson,jwatsonac@wordpress.com,Male,433273,0.6,6,9,1
374,Justin,Weaver,jweaverad@boston.com,Male,131799,0.9,17,12,1
375,Bruce,Gomez,bgomezae@pinterest.com,Male,53658,0.3,9,5,0
376,Eugene,Bennett,ebennettaf@ustream.tv,Male,422768,0.7,11,8,0
377,Marilyn,George,mgeorgeag@vimeo.com,Female,142093,0.2,19,6,0
378,Lois,White,lwhiteah@hostgator.com,Female,486730,0.2,14,11,1
379,Matthew,Morrison,mmorrisonai@goodreads.com,Male,304896,0.9,8,10,0
380,Evelyn,Simpson,esimpsonaj@hostgator.com,Female,411811,0.6,6,10,1
381,Jack,Peterson,jpetersonak@feedburner.com,Male,365204,0.4,16,12,0
382,Sharon,Perez,sperezal@mysql.com,Female,387511,0.5,13,11,0
383,Patrick,Price,ppriceam@dion.ne.jp,Male,419996,0.6,11,8,1
384,Jonathan,Oliver,joliveran@jalbum.net,Male,406911,0.7,16,10,1
385,Karen,Gordon,kgordonao@dell.com,Female,399779,0.3,12,5,1
386,Timothy,Carter,tcarterap@prweb.com,Male,327570,0,5,3,1
387,Brian,Cunningham,bcunninghamaq@salon.com,Male,451823,0.8,19,8,1
388,Christina,Myers,cmyersar@cnn.com,Female,418065,0.9,9,7,0
389,Susan,Henry,shenryas@privacy.gov.au,Female,248252,0.3,19,8,0
390,Deborah,Peterson,dpetersonat@geocities.com,Female,256561,0.8,8,6,0
391,Marilyn,Fisher,mfisherau@reference.com,Female,82687,1,13,7,1
392,Joseph,Wood,jwoodav@upenn.edu,Male,438355,0.2,20,11,1
393,Eugene,Hart,ehartaw@discuz.net,Male,387178,0.4,13,11,1
394,Bonnie,Gordon,bgordonax@sina.com.cn,Female,476186,0.3,6,9,1
395,Brandon,Fields,bfieldsay@altervista.org,Male,349957,0.2,11,4,1
396,Scott,Spencer,sspenceraz@ning.com,Male,391689,0.7,16,4,1
397,Anthony,Campbell,acampbellb0@e-recht24.de,Male,195389,1,11,6,0
398,Paula,Duncan,pduncanb1@patch.com,Female,300594,0.3,16,10,0
399,Todd,Wheeler,twheelerb2@thetimes.co.uk,Male,286280,0.9,14,12,0
400,Jessica,Nichols,jnicholsb3@imdb.com,Female,473847,0.5,10,12,1
401,Andrea,Harris,aharrisb4@instagram.com,Female,224120,0.5,19,6,1
402,Alice,Perry,aperryb5@domainmarket.com,Female,353578,0.6,16,12,0
403,Paula,Ferguson,pfergusonb6@bbb.org,Female,449658,0.4,18,3,1
404,Theresa,Reynolds,treynoldsb7@geocities.com,Female,206805,0.9,20,11,1
405,Paula,Robertson,probertsonb8@newsvine.com,Female,91353,0.3,13,6,1
406,Joan,Gonzales,jgonzalesb9@miitbeian.gov.cn,Female,59818,0.8,19,9,0
407,Kevin,Henderson,khendersonba@topsy.com,Male,437866,0.3,19,8,1
408,Shirley,Palmer,spalmerbb@homestead.com,Female,230045,0.3,8,12,1
409,Nicholas,Weaver,nweaverbc@bravesites.com,Male,113958,0,15,8,1
410,Beverly,Phillips,bphillipsbd@oaic.gov.au,Female,498223,0.9,11,8,1
411,Jennifer,Murray,jmurraybe@stumbleupon.com,Female,376056,0.2,16,8,1
412,Arthur,Hunt,ahuntbf@lulu.com,Male,498033,0.1,9,6,1
413,Jerry,Frazier,jfrazierbg@ca.gov,Male,204227,0.5,5,3,1
414,Rebecca,Rodriguez,rrodriguezbh@unblog.fr,Female,173669,0.1,13,6,1
415,Shawn,Gilbert,sgilbertbi@pen.io,Male,270740,0.1,19,6,0
416,Michelle,Johnson,mjohnsonbj@weibo.com,Female,131074,0.3,5,8,0
417,Michelle,Mitchell,mmitchellbk@jiathis.com,Female,292623,0.7,13,6,1
418,Diana,Austin,daustinbl@dyndns.org,Female,97405,0.5,7,10,0
419,Larry,Hunt,lhuntbm@bravesites.com,Male,326670,0.9,17,9,0
420,Carl,Harvey,charveybn@macromedia.com,Male,293748,0.1,5,12,0
421,Victor,Vasquez,vvasquezbo@dailymail.co.uk,Male,77225,0.4,18,12,1
422,Jeremy,King,jkingbp@meetup.com,Male,137332,0.3,15,4,0
423,Teresa,Rice,tricebq@networkadvertising.org,Female,479966,0.3,7,7,0
424,Sara,Harper,sharperbr@state.tx.us,Female,379188,0.5,13,9,1
425,Louise,Brown,lbrownbs@instagram.com,Female,283586,0.1,15,4,0
426,Nicholas,Harvey,nharveybt@tripadvisor.com,Male,276938,0.9,20,10,1
427,Todd,Griffin,tgriffinbu@seattletimes.com,Male,162563,0.8,17,7,0
428,Shawn,Perkins,sperkinsbv@wordpress.org,Male,113538,0.5,15,11,1
429,Randy,Turner,rturnerbw@admin.ch,Male,328928,0.2,9,6,1
430,Earl,West,ewestbx@nature.com,Male,298187,0.4,20,8,1
431,John,Collins,jcollinsby@cargocollective.com,Male,145118,0.2,17,3,0
432,Shirley,Tucker,stuckerbz@nationalgeographic.com,Female,499724,0.8,11,8,1
433,Raymond,Andrews,randrewsc0@ft.com,Male,460147,0.4,9,10,1
434,Mary,Sullivan,msullivanc1@utexas.edu,Female,437185,0.6,12,8,1
435,Albert,Anderson,aandersonc2@naver.com,Male,153467,0.2,11,6,1
436,Irene,Dunn,idunnc3@redcross.org,Female,53338,0.5,11,9,0
437,Terry,Bell,tbellc4@bbb.org,Male,61600,0.9,9,8,1
438,Alice,Baker,abakerc5@theguardian.com,Female,93225,0.4,7,8,0
439,Steve,Oliver,soliverc6@examiner.com,Male,95126,0.6,20,7,1
440,Earl,Garza,egarzac7@free.fr,Male,377806,0.4,5,10,0
441,Marilyn,Matthews,mmatthewsc8@theglobeandmail.com,Female,373210,0.4,9,10,1
442,Eugene,Richards,erichardsc9@yahoo.com,Male,359260,0,14,10,1
443,Martha,Ross,mrossca@barnesandnoble.com,Female,476213,0.3,8,8,0
444,Cynthia,Fuller,cfullercb@webs.com,Female,123138,1,7,8,0
445,Anne,Jones,ajonescc@cam.ac.uk,Female,65378,0.7,18,8,0
446,Jeffrey,Simmons,jsimmonscd@phoca.cz,Male,311732,0.1,8,9,0
447,Carol,Walker,cwalkerce@examiner.com,Female,466751,0.6,6,6,0
448,Gloria,Moreno,gmorenocf@twitter.com,Female,85676,0.1,18,8,1
449,Karen,Brown,kbrowncg@boston.com,Female,191906,0.4,15,8,1
450,Kimberly,Mccoy,kmccoych@hao123.com,Female,332193,0.3,9,4,1
451,Diane,Morgan,dmorganci@globo.com,Female,152702,0.4,6,8,0
452,Melissa,Burke,mburkecj@narod.ru,Female,233382,0.7,15,6,1
453,Bobby,Collins,bcollinsck@hatena.ne.jp,Male,173993,0.5,13,11,0
454,Virginia,Taylor,vtaylorcl@lulu.com,Female,459559,0.5,11,4,1
455,Chris,Day,cdaycm@sitemeter.com,Male,132306,0.1,9,3,0
456,Carlos,Sims,csimscn@upenn.edu,Male,475144,0.2,9,3,0
457,Lawrence,Greene,lgreeneco@icio.us,Male,192339,0.2,12,8,1
458,Teresa,Kelley,tkelleycp@ycombinator.com,Female,183280,0.5,16,4,1
459,Ruby,Roberts,rrobertscq@sakura.ne.jp,Female,148557,0.6,17,11,1
460,Joseph,Kennedy,jkennedycr@buzzfeed.com,Male,240441,0.2,16,3,0
461,Alan,Hill,ahillcs@upenn.edu,Male,276333,0.3,6,8,0
462,Barbara,Gomez,bgomezct@bloglines.com,Female,405038,0.6,7,9,1
463,Brandon,Gonzalez,bgonzalezcu@delicious.com,Male,272726,0.5,17,6,0
464,Gregory,Banks,gbankscv@imageshack.us,Male,57717,0.8,12,7,0
465,Debra,Cunningham,dcunninghamcw@creativecommons.org,Female,361111,0.1,13,11,1
466,Jose,Morris,jmorriscx@tripod.com,Male,424207,0.9,18,4,0
467,Todd,Gray,tgraycy@oaic.gov.au,Male,104158,0.1,5,9,1
468,Margaret,Fisher,mfishercz@ca.gov,Female,153777,0.6,19,12,0
469,Earl,Mitchell,emitchelld0@goodreads.com,Male,64029,0.5,18,5,1
470,Sarah,George,sgeorged1@xrea.com,Female,452367,0.9,11,4,0
471,Betty,Henry,bhenryd2@yahoo.com,Female,377079,0.6,7,12,0
472,Gary,Perez,gperezd3@sphinn.com,Male,450728,0.8,10,3,0
473,Eric,Gordon,egordond4@wired.com,Male,92322,0.3,15,3,0
474,Shawn,Porter,sporterd5@exblog.jp,Male,209997,1,6,3,0
475,Roy,Gomez,rgomezd6@mapy.cz,Male,104290,1,15,9,1
476,Harold,Henry,hhenryd7@drupal.org,Male,323346,0.6,12,8,0
477,Kenneth,Hunt,khuntd8@admin.ch,Male,179991,0.8,16,12,1
478,Ann,Campbell,acampbelld9@soup.io,Female,240054,0.5,10,5,1
479,Carol,Wood,cwoodda@umn.edu,Female,213019,0.5,5,5,1
480,Paul,Evans,pevansdb@nih.gov,Male,250019,0.3,14,10,1
481,Paul,Long,plongdc@cnbc.com,Male,353833,0.3,13,12,0
482,Louis,Campbell,lcampbelldd@sun.com,Male,472752,0.3,20,12,0
483,William,Hughes,whughesde@spiegel.de,Male,319916,0.2,16,4,0
484,Howard,Harris,hharrisdf@sciencedirect.com,Male,305615,0,5,5,0
485,Teresa,Lee,tleedg@bravesites.com,Female,284065,0.2,17,7,0
486,Jacqueline,Ross,jrossdh@ucoz.ru,Female,251182,0.7,10,12,1
487,Mark,Henry,mhenrydi@state.gov,Male,205054,0.3,14,5,1
488,Sara,Anderson,sandersondj@purevolume.com,Female,438975,0.7,8,3,0
489,Jimmy,Collins,jcollinsdk@npr.org,Male,409097,0.7,11,5,0
490,Gregory,Marshall,gmarshalldl@macromedia.com,Male,292534,0.4,16,10,0
491,Emily,Martinez,emartinezdm@google.com.au,Female,396588,0.5,9,6,1
492,James,Ellis,jellisdn@toplist.cz,Male,252324,0.8,10,10,0
493,Annie,Richards,arichardsdo@geocities.com,Female,156640,0.9,11,11,0
494,Thomas,West,twestdp@hc360.com,Male,129282,0.6,5,9,1
495,Christopher,Ferguson,cfergusondq@google.ru,Male,123554,1,6,5,0
496,Rose,King,rkingdr@rediff.com,Female,336507,0.3,10,12,1
497,Catherine,Cruz,ccruzds@domainmarket.com,Female,478892,0.1,14,5,0
498,Terry,Patterson,tpattersondt@meetup.com,Male,230193,0.1,15,9,0
499,Doris,Green,dgreendu@github.io,Female,237746,0.7,18,9,1
500,Justin,Nguyen,jnguyendv@cargocollective.com,Male,218098,0.3,11,11,1
501,Clarence,Dean,cdeandw@elegantthemes.com,Male,372996,0.1,19,7,1
502,Jason,Warren,jwarrendx@ed.gov,Male,238318,0.8,13,4,1
503,Ronald,Edwards,redwardsdy@huffingtonpost.com,Male,272368,0.9,16,7,1
504,Ronald,Fields,rfieldsdz@privacy.gov.au,Male,130019,0.2,10,6,0
505,Joan,Griffin,jgriffine0@ameblo.jp,Female,128492,0.1,15,4,0
506,Mary,Mccoy,mmccoye1@ovh.net,Female,402792,0.1,10,4,1
507,Anne,Gonzales,agonzalese2@about.com,Female,183051,0.3,12,11,1
508,Joseph,Richards,jrichardse3@w3.org,Male,249896,0.8,15,3,1
509,Laura,Howard,lhowarde4@seattletimes.com,Female,159314,0.2,13,6,0
510,Russell,Hawkins,rhawkinse5@cyberchimps.com,Male,312202,0.9,12,3,1
511,Joyce,Graham,jgrahame6@etsy.com,Female,212907,0.8,20,11,0
512,David,Diaz,ddiaze7@domainmarket.com,Male,299133,0.4,12,11,0
513,Emily,Simpson,esimpsone8@tinyurl.com,Female,374266,0.8,9,12,0
514,John,James,jjamese9@cbslocal.com,Male,311363,0.5,15,4,0
515,Judith,Nelson,jnelsonea@latimes.com,Female,167630,0.6,5,6,1
516,Mildred,Rivera,mriveraeb@who.int,Female,197695,0.8,9,4,1
517,Todd,Mcdonald,tmcdonaldec@comcast.net,Male,120013,0.5,19,10,1
518,Norma,Jenkins,njenkinsed@statcounter.com,Female,269107,0.8,16,11,1
519,Janice,Day,jdayee@gnu.org,Female,205646,0.8,7,6,1
520,Barbara,Cunningham,bcunninghamef@craigslist.org,Female,363492,0.2,13,3,1
521,Lori,Day,ldayeg@auda.org.au,Female,352517,1,13,11,0
522,Virginia,Peters,vpeterseh@cdbaby.com,Female,404115,0.3,18,9,1
523,Johnny,Mendoza,jmendozaei@auda.org.au,Male,347423,0.8,17,12,1
524,Janet,Garcia,jgarciaej@about.me,Female,412033,0.2,10,6,0
525,Gloria,Moreno,gmorenoek@go.com,Female,183450,0,17,4,1
526,Earl,Schmidt,eschmidtel@google.fr,Male,432525,1,14,11,0
527,Gloria,Harris,gharrisem@blog.com,Female,131392,0.8,5,11,1
528,Tina,Ross,trossen@goo.ne.jp,Female,289071,0.1,16,6,0
529,Ruth,Hill,rhilleo@cam.ac.uk,Female,426364,0.1,9,11,1
530,Arthur,Edwards,aedwardsep@mlb.com,Male,184219,0.1,10,4,0
531,Andrea,Sullivan,asullivaneq@seesaa.net,Female,98154,0.5,11,3,1
532,Katherine,Perkins,kperkinser@taobao.com,Female,427115,0.1,19,4,1
533,Barbara,Owens,bowenses@jiathis.com,Female,233162,0.2,8,11,1
534,Johnny,Smith,jsmithet@ftc.gov,Male,184805,0,10,8,1
535,David,Patterson,dpattersoneu@google.ru,Male,343233,0.5,19,9,1
536,Carl,Cox,ccoxev@ustream.tv,Male,188414,0.4,15,9,0
537,Alice,Wood,awoodew@ihg.com,Female,433311,0.3,17,6,0
538,Adam,Stewart,astewartex@economist.com,Male,161055,0.1,15,7,0
539,Jacqueline,Payne,jpayneey@arizona.edu,Female,81987,0.1,19,10,1
540,Daniel,Mason,dmasonez@etsy.com,Male,488523,0,19,12,0
541,Alice,Stewart,astewartf0@time.com,Female,106730,1,19,10,0
542,Raymond,Bradley,rbradleyf1@hugedomains.com,Male,489783,0.7,10,8,1
543,Ernest,Hughes,ehughesf2@cam.ac.uk,Male,236204,0.2,6,6,1
544,Susan,Ford,sfordf3@cmu.edu,Female,348605,0.5,14,7,0
545,Arthur,Holmes,aholmesf4@princeton.edu,Male,164127,0.4,7,7,1
546,Shirley,Parker,sparkerf5@squarespace.com,Female,61448,1,13,4,0
547,Scott,Johnson,sjohnsonf6@dailymotion.com,Male,454688,0.9,18,10,0
548,Ann,Daniels,adanielsf7@storify.com,Female,409399,0.1,14,9,0
549,Maria,Cunningham,mcunninghamf8@jalbum.net,Female,255729,0.9,14,6,0
550,Bonnie,Richardson,brichardsonf9@seesaa.net,Female,172546,0.3,11,9,1
551,Ashley,Cunningham,acunninghamfa@1und1.de,Female,169337,0.7,6,9,1
552,Raymond,Phillips,rphillipsfb@sina.com.cn,Male,489807,0.4,5,9,0
553,Russell,Washington,rwashingtonfc@alibaba.com,Male,107382,0.7,18,9,1
554,Nicholas,Wilson,nwilsonfd@techcrunch.com,Male,77401,0.4,14,11,0
555,Doris,Peters,dpetersfe@google.ca,Female,445381,0.9,10,4,0
556,Rebecca,Morris,rmorrisff@cdbaby.com,Female,146118,0.7,11,9,0
557,Ruby,Anderson,randersonfg@livejournal.com,Female,245516,0.4,16,7,1
558,Henry,Jacobs,hjacobsfh@cafepress.com,Male,485647,0.9,20,5,0
559,Timothy,Allen,tallenfi@cnn.com,Male,340916,0.4,15,6,1
560,Peter,Hudson,phudsonfj@eepurl.com,Male,439895,0.7,7,9,1
561,Paula,Austin,paustinfk@shutterfly.com,Female,278172,0.1,11,4,0
562,Lois,Thompson,lthompsonfl@hugedomains.com,Female,473641,0.1,6,5,0
563,Ryan,Fernandez,rfernandezfm@yahoo.co.jp,Male,257616,0,7,3,1
564,Stephanie,Hernandez,shernandezfn@facebook.com,Female,297758,0.9,8,7,0
565,Chris,Stanley,cstanleyfo@forbes.com,Male,238926,0.8,17,3,0
566,Kimberly,Ramirez,kramirezfp@reference.com,Female,434048,0.3,20,3,1
567,Joan,Elliott,jelliottfq@jigsy.com,Female,191006,0.3,6,12,1
568,James,Bowman,jbowmanfr@pbs.org,Male,87588,0.5,11,7,0
569,Mary,Cole,mcolefs@macromedia.com,Female,313544,0.9,17,10,0
570,Donald,Garcia,dgarciaft@yellowpages.com,Male,167290,1,20,9,1
571,Rebecca,Garza,rgarzafu@google.pl,Female,279412,0.7,7,7,0
572,Kevin,Turner,kturnerfv@purevolume.com,Male,254191,0.9,12,8,1
573,William,Bailey,wbaileyfw@who.int,Male,134183,0.8,10,9,0
574,Adam,Cox,acoxfx@joomla.org,Male,140596,0.2,15,12,0
575,Maria,Flores,mfloresfy@webs.com,Female,352611,0.8,8,8,1
576,Jeremy,Wheeler,jwheelerfz@cam.ac.uk,Male,107270,0.2,8,12,0
577,Bobby,Bradley,bbradleyg0@mayoclinic.com,Male,372995,0.6,18,3,1
578,Gregory,Garcia,ggarciag1@opera.com,Male,227835,1,6,10,0
579,Shawn,Burke,sburkeg2@scientificamerican.com,Male,159600,0,20,12,0
580,Denise,Sanders,dsandersg3@samsung.com,Female,425869,0,8,10,0
581,Eric,Hart,ehartg4@elpais.com,Male,351338,0.6,16,8,1
582,Philip,Burton,pburtong5@joomla.org,Male,411644,0.3,17,4,1
583,Billy,Cooper,bcooperg6@miibeian.gov.cn,Male,129439,0,14,6,0
584,Gregory,Arnold,garnoldg7@360.cn,Male,79597,0.6,8,9,1
585,Maria,Webb,mwebbg8@boston.com,Female,234616,0.3,16,4,0
586,Lois,Castillo,lcastillog9@digg.com,Female,428503,0.1,20,4,1
587,Julia,Schmidt,jschmidtga@npr.org,Female,444938,0.2,18,10,1
588,Jennifer,Cole,jcolegb@delicious.com,Female,471462,0.3,8,3,1
589,Angela,Ramos,aramosgc@examiner.com,Female,155748,0.9,12,10,1
590,Nancy,Edwards,nedwardsgd@usda.gov,Female,460999,0.1,11,3,0
591,Paul,Phillips,pphillipsge@bizjournals.com,Male,314667,0.5,10,11,0
592,Albert,Mcdonald,amcdonaldgf@meetup.com,Male,211303,0.3,9,4,1
593,Dennis,Richardson,drichardsongg@pen.io,Male,267899,0.5,13,9,0
594,Richard,Gonzales,rgonzalesgh@craigslist.org,Male,81585,0.6,7,8,1
595,Teresa,Jones,tjonesgi@nba.com,Female,380647,0.6,13,3,0
596,Kathy,Dunn,kdunngj@blog.com,Female,425000,0.6,16,11,1
597,Arthur,Moreno,amorenogk@newsvine.com,Male,50686,0.6,10,9,0
598,Evelyn,Lewis,elewisgl@prnewswire.com,Female,341527,0.5,14,3,1
599,Henry,Grant,hgrantgm@uiuc.edu,Male,165856,0.6,5,9,1
600,Evelyn,Franklin,efranklingn@nydailynews.com,Female,321970,0.8,20,6,1
601,Terry,Griffin,tgriffingo@miitbeian.gov.cn,Male,148307,0.7,10,9,1
602,Johnny,Williams,jwilliamsgp@newsvine.com,Male,417550,0.1,18,5,1
603,Elizabeth,Franklin,efranklingq@geocities.jp,Female,495763,0.6,5,7,1
604,Jane,Ray,jraygr@xing.com,Female,238618,0.7,11,4,0
605,Philip,Sullivan,psullivangs@alexa.com,Male,97387,0.7,6,12,0
606,William,Griffin,wgriffingt@tamu.edu,Male,261999,0.1,16,10,1
607,Earl,Simpson,esimpsongu@oaic.gov.au,Male,138726,0.9,15,9,0
608,Deborah,Weaver,dweavergv@earthlink.net,Female,406535,0.4,10,12,1
609,Joe,Dunn,jdunngw@foxnews.com,Male,387713,0.1,12,9,0
610,Gloria,Gardner,ggardnergx@networksolutions.com,Female,251210,0.8,5,7,0
611,Denise,Riley,drileygy@cpanel.net,Female,499869,0.9,6,7,0
612,Stephen,Allen,sallengz@themeforest.net,Male,448533,0.7,14,11,1
613,Jonathan,Harris,jharrish0@t-online.de,Male,375039,0.8,20,11,0
614,Adam,Hill,ahillh1@nymag.com,Male,267519,0.8,17,5,1
615,Peter,Gomez,pgomezh2@paypal.com,Male,115674,0.3,11,8,0
616,Gregory,Crawford,gcrawfordh3@soup.io,Male,295910,0,16,8,1
617,Carlos,Burke,cburkeh4@economist.com,Male,206771,0.6,19,5,1
618,Wayne,Jenkins,wjenkinsh5@businesswire.com,Male,483122,0,14,12,1
619,Ronald,Hawkins,rhawkinsh6@amazon.co.uk,Male,303401,0.2,17,9,0
620,Bruce,Burns,bburnsh7@yellowpages.com,Male,473115,0.9,9,7,0
621,Charles,Greene,cgreeneh8@harvard.edu,Male,120879,0.9,6,12,0
622,Wayne,Fields,wfieldsh9@creativecommons.org,Male,243048,0.9,6,8,0
623,Janet,Perkins,jperkinsha@sciencedirect.com,Female,187183,0.5,17,6,0
624,Harry,Johnson,hjohnsonhb@yahoo.co.jp,Male,280475,0.2,11,7,0
625,Raymond,Ross,rrosshc@shareasale.com,Male,485407,0.9,13,10,1
626,Christine,Kelley,ckelleyhd@vk.com,Female,344419,0.2,16,11,0
627,Larry,Austin,laustinhe@storify.com,Male,409590,0.8,10,4,0
628,Sara,Boyd,sboydhf@edublogs.org,Female,225138,0.4,14,7,0
629,Debra,Lawrence,dlawrencehg@liveinternet.ru,Female,315990,0.6,13,9,1
630,Brandon,Myers,bmyershh@economist.com,Male,395384,0.4,6,5,0
631,Lillian,White,lwhitehi@ocn.ne.jp,Female,287401,0.3,14,9,1
632,Harold,Lane,hlanehj@moonfruit.com,Male,353163,0.4,13,3,0
633,Susan,Garcia,sgarciahk@w3.org,Female,156237,1,15,12,1
634,Denise,Day,ddayhl@spiegel.de,Female,200779,0.9,10,9,0
635,Dennis,Edwards,dedwardshm@ebay.co.uk,Male,359377,0.1,11,12,1
636,Fred,Gonzales,fgonzaleshn@google.fr,Male,165813,0.7,19,8,1
637,Joe,Fuller,jfullerho@uiuc.edu,Male,394328,0.7,6,10,1
638,Judith,Lawson,jlawsonhp@pagesperso-orange.fr,Female,481623,0.3,16,3,1
639,Christopher,Hamilton,chamiltonhq@indiatimes.com,Male,458755,0.9,13,9,0
640,Randy,Martin,rmartinhr@cam.ac.uk,Male,118350,0.1,19,10,0
641,Linda,Chapman,lchapmanhs@dailymotion.com,Female,255210,0.3,16,9,0
642,Jeffrey,Gutierrez,jgutierrezht@columbia.edu,Male,56312,0.4,14,4,1
643,Jason,Welch,jwelchhu@go.com,Male,410680,0.2,14,9,0
644,Amy,Howard,ahowardhv@archive.org,Female,112253,0.5,18,10,1
645,Craig,Reynolds,creynoldshw@berkeley.edu,Male,53072,1,5,5,0
646,Earl,Carter,ecarterhx@ca.gov,Male,472995,0.8,18,5,1
647,Jason,Garrett,jgarretthy@jigsy.com,Male,313379,0.8,11,4,0
648,Annie,George,ageorgehz@friendfeed.com,Female,225693,0.7,16,9,0
649,Phyllis,Fuller,pfulleri0@163.com,Female,103245,0.2,13,4,0
650,Betty,Ramirez,bramirezi1@yahoo.co.jp,Female,169440,0.3,19,12,0
651,Ryan,Lawson,rlawsoni2@fema.gov,Male,93443,0.2,16,10,1
652,Beverly,Ruiz,bruizi3@trellian.com,Female,282319,0.3,13,5,1
653,Jeffrey,Wells,jwellsi4@lulu.com,Male,139818,0.8,5,11,0
654,Martin,Hicks,mhicksi5@umn.edu,Male,393335,0.5,7,12,1
655,Daniel,Payne,dpaynei6@topsy.com,Male,301344,0.9,17,5,1
656,Jean,Grant,jgranti7@123-reg.co.uk,Female,187062,0.7,9,9,0
657,Timothy,Peters,tpetersi8@bluehost.com,Male,198403,0.9,17,8,0
658,Matthew,Hall,mhalli9@psu.edu,Male,83248,0.2,13,7,1
659,Mark,Young,myoungia@ucsd.edu,Male,175446,0.7,13,8,1
660,Doris,Vasquez,dvasquezib@storify.com,Female,252821,0.8,18,8,0
661,Paula,Harrison,pharrisonic@princeton.edu,Female,88021,0.9,18,12,0
662,Sarah,Weaver,sweaverid@e-recht24.de,Female,199606,0.2,15,9,1
663,Diana,Thomas,dthomasie@nifty.com,Female,492959,0.6,16,11,0
664,Lillian,Adams,ladamsif@unblog.fr,Female,197098,0.4,7,9,0
665,Robin,Hawkins,rhawkinsig@themeforest.net,Female,102886,0.8,5,12,1
666,Nicholas,Lane,nlaneih@intel.com,Male,188703,0.6,8,7,1
667,Janice,Wallace,jwallaceii@photobucket.com,Female,272672,1,5,3,1
668,Laura,Mills,lmillsij@stumbleupon.com,Female,92396,0.6,20,4,0
669,Chris,Wells,cwellsik@mozilla.org,Male,51189,0.6,9,10,0
670,Michelle,Marshall,mmarshallil@prnewswire.com,Female,78433,0.8,10,12,0
671,Dorothy,Gibson,dgibsonim@hatena.ne.jp,Female,244815,0.5,16,7,1
672,Laura,Wagner,lwagnerin@sbwire.com,Female,345520,0.6,8,3,1
673,Kathy,Moore,kmooreio@amazon.co.jp,Female,406028,0.5,6,4,1
674,Rebecca,Crawford,rcrawfordip@diigo.com,Female,57181,0.8,8,3,1
675,Jimmy,Mason,jmasoniq@kickstarter.com,Male,337833,0.5,11,4,0
676,Earl,Oliver,eoliverir@toplist.cz,Male,490857,0.6,6,10,0
677,Chris,Stanley,cstanleyis@mediafire.com,Male,173359,0.6,19,10,0
678,Bonnie,Hall,bhallit@home.pl,Female,265644,0.8,16,12,0
679,Dorothy,Fields,dfieldsiu@digg.com,Female,493924,0.9,13,7,0
680,Cheryl,Gordon,cgordoniv@dedecms.com,Female,299513,0.2,18,6,0
681,Clarence,Garcia,cgarciaiw@jugem.jp,Male,102429,0.8,14,3,1
682,Ann,Rodriguez,arodriguezix@lulu.com,Female,109104,0.1,17,10,0
683,Antonio,Bell,abelliy@washingtonpost.com,Male,495689,0.2,18,10,0
684,Kevin,Richardson,krichardsoniz@homestead.com,Male,341275,0.7,15,11,0
685,Justin,Armstrong,jarmstrongj0@desdev.cn,Male,410409,0.6,20,8,0
686,Ashley,Gonzalez,agonzalezj1@delicious.com,Female,323723,0.8,12,6,0
687,Kimberly,King,kkingj2@youtube.com,Female,299857,0.9,13,5,1
688,Diane,Patterson,dpattersonj3@europa.eu,Female,419915,0.2,7,5,0
689,Ernest,Austin,eaustinj4@house.gov,Male,295402,0.2,19,11,0
690,Bonnie,Hill,bhillj5@qq.com,Female,320887,0.4,11,10,1
691,Shawn,Greene,sgreenej6@kickstarter.com,Male,367272,0.8,14,12,1
692,Willie,Marshall,wmarshallj7@harvard.edu,Male,194849,0.6,9,8,0
693,Martin,Burns,mburnsj8@ucla.edu,Male,288577,0.1,12,3,1
694,Joe,Howell,jhowellj9@sohu.com,Male,191364,0.5,9,7,0
695,Earl,Marshall,emarshallja@nature.com,Male,476223,0.8,16,5,1
696,Stephen,Harvey,sharveyjb@cdbaby.com,Male,100035,1,5,11,0
697,Billy,Morales,bmoralesjc@ow.ly,Male,374989,1,10,5,1
698,Todd,Cruz,tcruzjd@nytimes.com,Male,303863,0.6,18,9,1
699,Janet,Freeman,jfreemanje@mysql.com,Female,376141,0.8,7,4,1
700,Phillip,Perkins,pperkinsjf@howstuffworks.com,Male,197087,0.3,6,4,1
701,Bonnie,Lynch,blynchjg@microsoft.com,Female,495676,0.3,15,10,0
702,Ronald,Daniels,rdanielsjh@phoca.cz,Male,427252,0.3,16,3,0
703,Ruby,Jordan,rjordanji@umich.edu,Female,315592,0.5,10,5,1
704,Barbara,Dean,bdeanjj@slate.com,Female,157444,0.2,14,9,0
705,Howard,Webb,hwebbjk@hud.gov,Male,66184,0.9,15,12,0
706,Samuel,Murray,smurrayjl@pagesperso-orange.fr,Male,414522,0.7,14,6,0
707,Adam,Fernandez,afernandezjm@deliciousdays.com,Male,72102,0.2,15,12,0
708,Kathryn,Burton,kburtonjn@examiner.com,Female,305783,1,10,8,0
709,Thomas,Graham,tgrahamjo@google.ca,Male,350114,0.7,16,5,1
710,Ashley,Simpson,asimpsonjp@abc.net.au,Female,119155,0.2,9,7,0
711,Douglas,Collins,dcollinsjq@bbc.co.uk,Male,76891,0.7,13,12,1
712,Jane,Henderson,jhendersonjr@washington.edu,Female,386023,0.8,8,5,0
713,Kenneth,Rodriguez,krodriguezjs@clickbank.net,Male,176046,0.4,6,9,0
714,Benjamin,Carpenter,bcarpenterjt@si.edu,Male,364235,1,16,8,1
715,Anna,Martin,amartinju@cmu.edu,Female,267297,0.6,18,9,1
716,Paula,Barnes,pbarnesjv@instagram.com,Female,79126,0.4,17,6,0
717,Alice,Hamilton,ahamiltonjw@ning.com,Female,482327,0.5,19,5,0
718,Jonathan,Murphy,jmurphyjx@dailymail.co.uk,Male,331693,0.9,16,9,0
719,Douglas,Gray,dgrayjy@aol.com,Male,263625,0.4,13,7,0
720,George,Butler,gbutlerjz@slashdot.org,Male,294470,0.7,7,11,1
721,Roger,Fuller,rfullerk0@bravesites.com,Male,197802,0.6,9,10,1
722,Doris,Hall,dhallk1@live.com,Female,74949,0.7,9,8,0
723,Jesse,Riley,jrileyk2@ftc.gov,Male,216923,0.2,9,8,1
724,Barbara,Hamilton,bhamiltonk3@abc.net.au,Female,477263,0.7,18,8,0
725,Timothy,Roberts,trobertsk4@seesaa.net,Male,97010,0,10,7,0
726,Julia,Rivera,jriverak5@pbs.org,Female,188534,0,15,7,1
727,John,Hicks,jhicksk6@e-recht24.de,Male,217284,0.3,15,11,0
728,Lisa,Hernandez,lhernandezk7@nasa.gov,Female,474644,0.3,8,11,0
729,Joan,Wells,jwellsk8@bing.com,Female,201454,0.7,11,11,0
730,Marilyn,Porter,mporterk9@bigcartel.com,Female,494544,0.5,19,7,1
731,Todd,Henry,thenryka@npr.org,Male,380713,0.1,16,5,0
732,Joshua,Cox,jcoxkb@domainmarket.com,Male,235791,1,19,11,0
733,Heather,Clark,hclarkkc@linkedin.com,Female,113074,0.4,7,9,1
734,Melissa,Ellis,melliskd@gov.uk,Female,456784,0.6,9,4,1
735,Adam,Nelson,anelsonke@imdb.com,Male,370786,0.5,14,9,0
736,Kathryn,Rodriguez,krodriguezkf@reddit.com,Female,399384,1,16,4,1
737,Marilyn,Powell,mpowellkg@nytimes.com,Female,380106,0.2,7,8,0
738,Melissa,Stone,mstonekh@java.com,Female,403681,0.4,5,6,0
739,Adam,Martin,amartinki@vinaora.com,Male,400129,0.1,19,8,0
740,Irene,Knight,iknightkj@bizjournals.com,Female,240790,0.4,20,11,0
741,Cynthia,Collins,ccollinskk@pbs.org,Female,333499,0.2,7,4,1
742,Jeremy,Foster,jfosterkl@mozilla.org,Male,468109,0.1,18,10,1
743,Anne,Jordan,ajordankm@clickbank.net,Female,85430,0.2,7,8,0
744,Sean,Dean,sdeankn@1und1.de,Male,63703,0.2,12,6,1
745,Bonnie,Fuller,bfullerko@gov.uk,Female,370838,0.8,9,10,1
746,Paul,Martin,pmartinkp@cornell.edu,Male,99517,0.6,12,9,1
747,Andrew,Peters,apeterskq@w3.org,Male,229210,0.7,8,5,1
748,Randy,Mcdonald,rmcdonaldkr@businessinsider.com,Male,278408,1,6,6,1
749,Victor,Ray,vrayks@microsoft.com,Male,336796,0.2,6,3,0
750,Virginia,Mccoy,vmccoykt@nbcnews.com,Female,364251,0.5,9,11,1
751,Jacqueline,Perez,jperezku@fastcompany.com,Female,238812,0.8,8,12,1
752,Laura,Riley,lrileykv@msu.edu,Female,312839,0.1,13,11,0
753,Lillian,Perkins,lperkinskw@about.me,Female,428549,0,5,7,1
754,Brenda,Evans,bevanskx@cbsnews.com,Female,377704,0.1,10,9,0
755,Melissa,Allen,mallenky@quantcast.com,Female,229154,0.2,17,4,1
756,Paul,Hernandez,phernandezkz@patch.com,Male,296145,0.8,17,7,0
757,Larry,Bryant,lbryantl0@google.pl,Male,362311,0.2,13,7,1
758,Jennifer,Morrison,jmorrisonl1@gravatar.com,Female,310467,0.7,17,5,1
759,Billy,Crawford,bcrawfordl2@toplist.cz,Male,469352,0,5,8,1
760,Jacqueline,Rodriguez,jrodriguezl3@intel.com,Female,58174,0.5,6,5,1
761,Ernest,Jackson,ejacksonl4@unicef.org,Male,271122,0.9,5,8,0
762,Amy,Carpenter,acarpenterl5@mashable.com,Female,365238,0.7,8,12,1
763,Catherine,Schmidt,cschmidtl6@instagram.com,Female,461418,0.2,9,8,0
764,Anthony,Walker,awalkerl7@freewebs.com,Male,479307,0.5,9,8,0
765,Lawrence,Lopez,llopezl8@wordpress.org,Male,460833,0.4,6,10,1
766,Wanda,Warren,wwarrenl9@shop-pro.jp,Female,313466,0,8,8,0
767,Bruce,Alvarez,balvarezla@microsoft.com,Male,76488,0.8,18,6,0
768,Kenneth,Hughes,khugheslb@unblog.fr,Male,136316,0.6,17,7,0
769,David,Howell,dhowelllc@unc.edu,Male,69864,0.8,12,9,1
770,Edward,Simpson,esimpsonld@pinterest.com,Male,407431,0.1,15,12,1
771,Christine,Duncan,cduncanle@techcrunch.com,Female,480270,0.7,18,3,1
772,Rebecca,Bennett,rbennettlf@amazonaws.com,Female,99338,0.7,19,9,0
773,Eric,Freeman,efreemanlg@tinypic.com,Male,396771,0.5,5,8,1
774,Anna,Daniels,adanielslh@last.fm,Female,331797,0.9,14,3,1
775,Rose,Holmes,rholmesli@utexas.edu,Female,253539,0.9,20,5,1
776,Michael,Mccoy,mmccoylj@ca.gov,Male,475789,0,10,5,0
777,Sara,Lane,slanelk@delicious.com,Female,144050,0.8,12,12,0
778,Doris,Sanders,dsandersll@senate.gov,Female,157953,1,6,12,0
779,Joshua,Stephens,jstephenslm@hostgator.com,Male,294441,0.8,12,4,0
780,Russell,White,rwhiteln@ning.com,Male,337097,0.4,16,4,0
781,Elizabeth,Bishop,ebishoplo@hud.gov,Female,138794,0.9,17,11,0
782,Kathy,Fields,kfieldslp@reuters.com,Female,449976,0.1,11,8,0
783,Daniel,Porter,dporterlq@wired.com,Male,84956,0.7,15,8,1
784,Virginia,Ruiz,vruizlr@com.com,Female,50243,0.2,12,10,0
785,Diana,Holmes,dholmesls@tripod.com,Female,253788,0.7,6,11,0
786,Phillip,Rose,proselt@wufoo.com,Male,254057,0.6,19,7,0
787,Jeremy,Gilbert,jgilbertlu@buzzfeed.com,Male,223199,0.3,14,11,1
788,Lisa,Long,llonglv@blog.com,Female,101192,0.3,13,4,0
789,Gary,Rice,gricelw@tripadvisor.com,Male,401662,0,15,10,1
790,Randy,Frazier,rfrazierlx@newyorker.com,Male,237580,0.8,7,11,0
791,Robert,Spencer,rspencerly@europa.eu,Male,244781,0.1,13,3,1
792,Jeffrey,Perkins,jperkinslz@nps.gov,Male,276707,0.1,12,11,0
793,Nicholas,Fox,nfoxm0@wisc.edu,Male,378693,0.3,5,8,1
794,Samuel,Bowman,sbowmanm1@seattletimes.com,Male,343071,0.4,13,10,1
795,Nicholas,Ferguson,nfergusonm2@bandcamp.com,Male,344059,0.3,6,5,1
796,Christopher,Owens,cowensm3@hostgator.com,Male,289115,0.8,15,7,0
797,Christine,Kelly,ckellym4@eepurl.com,Female,262130,0.2,18,8,0
798,Johnny,Murphy,jmurphym5@themeforest.net,Male,249061,0.6,20,6,1
799,Gloria,Harris,gharrism6@ning.com,Female,139936,0.3,10,10,1
800,Carl,Bryant,cbryantm7@squidoo.com,Male,281709,0.1,6,6,1
801,Ruth,Henry,rhenrym8@nature.com,Female,121337,0.4,5,7,1
802,Helen,Harvey,hharveym9@sitemeter.com,Female,188710,0.8,13,5,0
803,Kenneth,Murphy,kmurphyma@mapy.cz,Male,275233,0.4,10,11,1
804,Alan,Snyder,asnydermb@vk.com,Male,162258,0.9,20,7,1
805,Nancy,King,nkingmc@sphinn.com,Female,286830,0.2,5,8,0
806,Maria,Woods,mwoodsmd@weebly.com,Female,335366,0.7,5,12,1
807,Johnny,Howard,jhowardme@studiopress.com,Male,439587,0.9,7,3,0
808,Sara,Stewart,sstewartmf@washington.edu,Female,112032,0.5,10,9,1
809,Paul,Richards,prichardsmg@google.com.hk,Male,370253,0.1,17,4,0
810,Larry,Reid,lreidmh@utexas.edu,Male,261717,0.7,18,9,1
811,Rose,Fuller,rfullermi@t.co,Female,479405,0,19,3,1
812,Charles,Perry,cperrymj@cnn.com,Male,189106,0.5,13,4,1
813,Ann,Duncan,aduncanmk@ucoz.ru,Female,459715,0.6,13,11,1
814,Joan,Hamilton,jhamiltonml@mapquest.com,Female,278622,0.8,9,12,1
815,Irene,Alexander,ialexandermm@goo.ne.jp,Female,191812,0.9,15,3,1
816,Steve,Wheeler,swheelermn@examiner.com,Male,437989,0.7,8,4,0
817,Steve,Brown,sbrownmo@tinyurl.com,Male,208619,0.1,19,8,1
818,Albert,Carroll,acarrollmp@whitehouse.gov,Male,339514,0.1,7,8,0
819,Rose,Morris,rmorrismq@nifty.com,Female,56387,0.9,6,5,0
820,Henry,Snyder,hsnydermr@goo.ne.jp,Male,327272,0.1,12,5,1
821,Todd,Campbell,tcampbellms@slideshare.net,Male,353555,0.8,13,3,1
822,Samuel,Anderson,sandersonmt@booking.com,Male,146494,0.1,18,6,1
823,Roy,Stephens,rstephensmu@unicef.org,Male,119849,0.7,8,7,0
824,Julia,Morrison,jmorrisonmv@hatena.ne.jp,Female,56513,0.8,7,7,1
825,Ralph,Stevens,rstevensmw@tmall.com,Male,348110,0.6,7,8,1
826,Richard,Holmes,rholmesmx@bravesites.com,Male,305685,0.5,13,5,0
827,Jose,Holmes,jholmesmy@mac.com,Male,473300,0.1,18,9,1
828,Emily,Cruz,ecruzmz@artisteer.com,Female,499660,0.9,9,11,0
829,Barbara,Perez,bperezn0@rakuten.co.jp,Female,84607,0.5,16,3,1
830,Michael,Anderson,mandersonn1@dion.ne.jp,Male,312064,0.1,12,6,0
831,Eric,Webb,ewebbn2@biglobe.ne.jp,Male,182886,1,13,11,0
832,Janice,Gardner,jgardnern3@edublogs.org,Female,464785,0.8,18,8,1
833,Jimmy,Davis,jdavisn4@cornell.edu,Male,128071,1,9,5,0
834,Russell,Carr,rcarrn5@wordpress.com,Male,72881,0.4,19,6,0
835,Heather,Robertson,hrobertsonn6@naver.com,Female,218495,0.4,14,12,1
836,Nicholas,Carter,ncartern7@ca.gov,Male,236616,0.4,17,12,0
837,Alice,Mason,amasonn8@t-online.de,Female,245166,0.1,14,7,0
838,Charles,Nguyen,cnguyenn9@accuweather.com,Male,413567,0.2,8,12,0
839,Ralph,Butler,rbutlerna@walmart.com,Male,288017,0.2,18,6,0
840,Rachel,Hunt,rhuntnb@merriam-webster.com,Female,282072,0.4,15,5,0
841,Adam,Carpenter,acarpenternc@infoseek.co.jp,Male,365355,0.6,18,4,0
842,Doris,Young,dyoungnd@nih.gov,Female,136461,0.4,7,11,0
843,Jane,Ramos,jramosne@engadget.com,Female,330445,0.3,15,9,1
844,Carl,White,cwhitenf@nymag.com,Male,113391,0.5,12,9,1
845,Helen,Hicks,hhicksng@boston.com,Female,67497,0.9,11,3,1
846,Jerry,Romero,jromeronh@yandex.ru,Male,62008,0.6,5,8,0
847,Philip,Bradley,pbradleyni@odnoklassniki.ru,Male,446877,0.8,9,12,0
848,Randy,Lynch,rlynchnj@yahoo.com,Male,328935,0.9,6,8,1
849,Kathleen,Carter,kcarternk@state.tx.us,Female,223468,0.9,15,12,1
850,Annie,King,akingnl@google.es,Female,104834,0.7,9,8,0
851,Jason,Carroll,jcarrollnm@example.com,Male,132085,0.8,12,10,0
852,Joan,Perry,jperrynn@hostgator.com,Female,104407,0.2,17,4,1
853,Dennis,Hansen,dhansenno@tinypic.com,Male,406289,0.3,9,11,0
854,Ralph,Peterson,rpetersonnp@google.com.au,Male,476415,0.4,17,8,1
855,Justin,Barnes,jbarnesnq@g.co,Male,422081,0.2,8,3,1
856,Bobby,Castillo,bcastillonr@flavors.me,Male,490985,0.6,17,8,1
857,Anne,Lewis,alewisns@census.gov,Female,320142,1,7,6,0
858,Maria,Bradley,mbradleynt@bandcamp.com,Female,202807,0.5,5,12,0
859,Brenda,Cole,bcolenu@cpanel.net,Female,303626,0.8,7,11,1
860,Betty,Nguyen,bnguyennv@opensource.org,Female,89553,0.7,18,10,0
861,Laura,Garza,lgarzanw@webnode.com,Female,288252,0.3,7,12,1
862,Jean,Alexander,jalexandernx@theguardian.com,Female,59294,0,8,11,1
863,Judith,Mason,jmasonny@bloglines.com,Female,339541,0.2,5,9,1
864,Russell,Garcia,rgarcianz@npr.org,Male,51741,0.4,9,7,1
865,Richard,Lawson,rlawsono0@loc.gov,Male,180069,0.3,17,12,0
866,Joseph,Dixon,jdixono1@geocities.com,Male,469001,0.9,6,7,1
867,Ruby,Murphy,rmurphyo2@drupal.org,Female,213151,0.9,12,6,0
868,Ruby,Cunningham,rcunninghamo3@livejournal.com,Female,276574,0.3,16,4,1
869,Billy,Alexander,balexandero4@illinois.edu,Male,425121,0.7,18,4,1
870,Gloria,Rose,groseo5@sun.com,Female,81170,0.9,16,8,0
871,Richard,Sullivan,rsullivano6@moonfruit.com,Male,441564,0.9,10,12,0
872,Paula,Allen,palleno7@unicef.org,Female,497114,0.6,19,11,0
873,Paul,Andrews,pandrewso8@europa.eu,Male,444732,0.2,11,9,0
874,Joyce,Bryant,jbryanto9@live.com,Female,373509,0.2,16,6,0
875,Sharon,Hawkins,shawkinsoa@netvibes.com,Female,290901,0.8,9,12,1
876,Michael,Powell,mpowellob@cyberchimps.com,Male,262102,0.3,15,3,1
877,Christopher,King,ckingoc@joomla.org,Male,348065,0.4,14,5,1
878,Adam,Cruz,acruzod@who.int,Male,61575,0,13,12,0
879,Adam,Reyes,areyesoe@seattletimes.com,Male,430318,0.6,14,11,1
880,Thomas,Hawkins,thawkinsof@blinklist.com,Male,413701,0.8,17,6,0
881,Jose,Lawson,jlawsonog@oracle.com,Male,311276,0.6,5,8,0
882,Christine,Nichols,cnicholsoh@digg.com,Female,230549,0.9,18,6,0
883,Shirley,Perry,sperryoi@cocolog-nifty.com,Female,200507,0.4,8,8,1
884,Sharon,Bennett,sbennettoj@tmall.com,Female,161544,0.2,10,12,1
885,Bobby,Henry,bhenryok@blogspot.com,Male,317632,0.9,5,10,1
886,Stephanie,Robertson,srobertsonol@infoseek.co.jp,Female,201397,0.1,20,8,1
887,Annie,Rivera,ariveraom@blogger.com,Female,311970,0.4,20,10,0
888,William,Tucker,wtuckeron@mapy.cz,Male,90491,0.2,5,5,1
889,Christine,Lee,cleeoo@flavors.me,Female,122892,0.5,20,7,1
890,Martin,Clark,mclarkop@go.com,Male,478967,0.7,5,4,0
891,Christopher,Greene,cgreeneoq@yahoo.co.jp,Male,376994,1,5,5,0
892,Anne,Romero,aromeroor@biglobe.ne.jp,Female,68067,0.3,12,4,1
893,Samuel,Jones,sjonesos@tiny.cc,Male,439383,0.6,14,11,0
894,Wanda,Richards,wrichardsot@about.me,Female,432967,0.4,13,6,1
895,Douglas,Gibson,dgibsonou@e-recht24.de,Male,413825,0.1,5,9,0
896,Sharon,Bryant,sbryantov@bloglovin.com,Female,194201,0.7,8,4,1
897,Matthew,Schmidt,mschmidtow@cyberchimps.com,Male,99903,0.9,11,3,1
898,James,Ortiz,jortizox@instagram.com,Male,91492,0.6,19,6,1
899,Edward,Fields,efieldsoy@123-reg.co.uk,Male,284204,0.5,11,8,1
900,Paula,Freeman,pfreemanoz@opensource.org,Female,183857,0.3,13,3,1
901,Christopher,Stewart,cstewartp0@about.com,Male,458012,0.6,18,3,1
902,Wayne,Cooper,wcooperp1@xing.com,Male,166722,0.7,15,12,1
903,Kathy,Lane,klanep2@lycos.com,Female,52820,0,6,11,0
904,Alice,Hudson,ahudsonp3@mozilla.org,Female,184385,0.1,5,10,1
905,Stephen,Willis,swillisp4@gizmodo.com,Male,304910,0.2,7,8,1
906,Thomas,Phillips,tphillipsp5@wp.com,Male,121453,0.1,9,9,1
907,Gary,Reynolds,greynoldsp6@amazon.co.uk,Male,158818,0.5,13,7,1
908,Kathleen,Green,kgreenp7@globo.com,Female,361117,0.7,11,7,0
909,Janice,Russell,jrussellp8@tripadvisor.com,Female,152741,0.8,16,6,0
910,Brandon,Sims,bsimsp9@furl.net,Male,97788,0.9,13,9,1
911,Christina,Clark,cclarkpa@amazon.com,Female,54928,0,16,12,1
912,Cheryl,Fuller,cfullerpb@dmoz.org,Female,497125,0.1,11,3,1
913,Amy,Carroll,acarrollpc@walmart.com,Female,470839,0.4,16,9,0
914,Deborah,Green,dgreenpd@ovh.net,Female,441408,0.4,13,3,1
915,Jerry,Riley,jrileype@scribd.com,Male,313279,0.1,8,8,1
916,Jean,Johnston,jjohnstonpf@sogou.com,Female,383179,0,16,9,0
917,Marie,Sims,msimspg@tinypic.com,Female,50083,0.3,8,11,1
918,Rachel,Kelley,rkelleyph@ucoz.ru,Female,173531,0.2,5,8,1
919,Ernest,Alexander,ealexanderpi@prweb.com,Male,327329,1,17,6,1
920,Howard,Ray,hraypj@bigcartel.com,Male,167990,0.1,7,6,1
921,Jack,Knight,jknightpk@utexas.edu,Male,95308,0.2,18,12,1
922,Phillip,Owens,powenspl@prlog.org,Male,176920,0.4,11,4,1
923,Alan,Romero,aromeropm@icq.com,Male,392236,0.7,12,6,1
924,Mark,Lynch,mlynchpn@tamu.edu,Male,284749,0.9,7,6,1
925,Willie,Jenkins,wjenkinspo@altervista.org,Male,411481,0.1,6,3,1
926,Peter,Wallace,pwallacepp@amazon.de,Male,134125,0.4,12,4,1
927,Dorothy,Stanley,dstanleypq@ibm.com,Female,363664,0.9,10,8,0
928,Ralph,Rodriguez,rrodriguezpr@pcworld.com,Male,336553,0,13,9,0
929,Mildred,Ortiz,mortizps@mozilla.org,Female,203671,0.2,18,3,1
930,Bobby,Mccoy,bmccoypt@nps.gov,Male,382270,0.3,14,12,0
931,Brandon,Bennett,bbennettpu@ox.ac.uk,Male,85959,0.2,19,3,1
932,Carlos,Young,cyoungpv@cdbaby.com,Male,128710,0.6,18,4,0
933,Victor,West,vwestpw@senate.gov,Male,473914,0.5,20,6,1
934,Martin,Griffin,mgriffinpx@bigcartel.com,Male,66871,0,10,7,1
935,Sara,Marshall,smarshallpy@blogger.com,Female,486939,0.4,9,4,1
936,Roger,Ortiz,rortizpz@stumbleupon.com,Male,150021,1,10,5,0
937,Virginia,Lane,vlaneq0@nasa.gov,Female,78451,0.6,10,8,0
938,Wanda,Johnson,wjohnsonq1@wsj.com,Female,309382,0.4,8,3,0
939,Shirley,Stewart,sstewartq2@histats.com,Female,260992,0.9,17,4,0
940,Jack,Mitchell,jmitchellq3@stumbleupon.com,Male,398607,0.3,16,8,1
941,Shawn,Morrison,smorrisonq4@japanpost.jp,Male,480098,0.3,12,12,0
942,Fred,Bell,fbellq5@about.me,Male,214063,0.2,13,11,1
943,Gerald,Fowler,gfowlerq6@seesaa.net,Male,383367,0.9,13,5,0
944,Mary,Mcdonald,mmcdonaldq7@digg.com,Female,333838,0,8,6,1
945,Rebecca,Ruiz,rruizq8@1688.com,Female,169965,1,6,4,1
946,Gerald,Ferguson,gfergusonq9@amazon.co.jp,Male,114081,0.4,12,8,1
947,Alice,Little,alittleqa@bbc.co.uk,Female,201731,0.8,14,5,1
948,Paul,Mills,pmillsqb@foxnews.com,Male,345905,1,5,3,0
949,Benjamin,Porter,bporterqc@photobucket.com,Male,196898,0.5,14,11,1
950,Patricia,Bishop,pbishopqd@cbsnews.com,Female,117879,0.2,8,11,1
951,Lawrence,Anderson,landersonqe@ftc.gov,Male,327228,0.7,13,3,1
952,Norma,Ramos,nramosqf@qq.com,Female,59364,0.8,19,12,1
953,Sarah,Banks,sbanksqg@vistaprint.com,Female,470513,0.4,15,8,1
954,Catherine,Watson,cwatsonqh@fotki.com,Female,475169,0.5,10,4,1
955,Janet,Fisher,jfisherqi@home.pl,Female,193845,0.7,19,7,1
956,Judith,Arnold,jarnoldqj@rakuten.co.jp,Female,87596,0.1,11,3,1
957,Barbara,Owens,bowensqk@chronoengine.com,Female,420763,0.6,15,11,1
958,Andrew,James,ajamesql@pcworld.com,Male,324377,0.2,19,8,0
959,Shawn,Fox,sfoxqm@china.com.cn,Male,253000,0.6,11,11,0
960,Gregory,Barnes,gbarnesqn@uol.com.br,Male,412236,0.8,13,3,0
961,Victor,Robertson,vrobertsonqo@webs.com,Male,322486,0.7,17,6,1
962,Ann,Morris,amorrisqp@ovh.net,Female,128725,0.2,15,3,1
963,Matthew,George,mgeorgeqq@columbia.edu,Male,258980,0.4,15,4,0
964,Carlos,Adams,cadamsqr@adobe.com,Male,497387,0.2,5,11,0
965,Annie,Rice,ariceqs@bloglines.com,Female,467915,0.4,7,4,0
966,Howard,Garza,hgarzaqt@illinois.edu,Male,208524,0.8,15,8,1
967,Jacqueline,Diaz,jdiazqu@prweb.com,Female,402682,0.3,7,3,0
968,Deborah,Jenkins,djenkinsqv@va.gov,Female,182936,0.5,16,9,1
969,Steven,Richards,srichardsqw@g.co,Male,178589,0.4,16,7,0
970,Doris,Peterson,dpetersonqx@php.net,Female,347194,0.2,14,3,1
971,Joyce,Parker,jparkerqy@europa.eu,Female,456255,0.5,17,7,1
972,Joe,Smith,jsmithqz@abc.net.au,Male,223735,0.4,18,9,0
973,Marilyn,Brooks,mbrooksr0@ebay.co.uk,Female,326605,0.7,7,4,0
974,Maria,Walker,mwalkerr1@gov.uk,Female,245749,0.9,20,5,0
975,Jane,Mason,jmasonr2@mayoclinic.com,Female,130258,0.1,7,8,1
976,Maria,Harrison,mharrisonr3@answers.com,Female,212104,0.3,8,12,0
977,Steven,Elliott,selliottr4@examiner.com,Male,483111,0.3,9,7,1
978,Kathy,Holmes,kholmesr5@wordpress.org,Female,445728,0.8,19,10,1
979,Shirley,Phillips,sphillipsr6@si.edu,Female,285150,0.5,6,11,1
980,Lillian,Hunt,lhuntr7@aol.com,Female,56110,0.7,18,12,1
981,Nicole,Hicks,nhicksr8@google.nl,Female,461012,0.7,10,5,1
982,Billy,George,bgeorger9@house.gov,Male,343634,0.4,6,10,1
983,Kathy,Fowler,kfowlerra@bloglines.com,Female,166861,0.9,8,12,0
984,Louis,Barnes,lbarnesrb@sphinn.com,Male,217639,0.3,6,8,0
985,Donna,Coleman,dcolemanrc@weibo.com,Female,170865,1,12,9,1
986,Kathleen,Gardner,kgardnerrd@census.gov,Female,194790,0.7,6,10,1
987,Amy,Myers,amyersre@wufoo.com,Female,287085,0.8,18,3,0
988,Rose,Dixon,rdixonrf@addtoany.com,Female,101983,0.7,11,9,0
989,Alice,Howell,ahowellrg@jigsy.com,Female,461975,0.4,14,8,0
990,Dennis,Duncan,dduncanrh@go.com,Male,90609,0.6,6,9,0
991,Philip,Garza,pgarzari@patch.com,Male,461898,0.3,5,5,0
992,Ernest,Henderson,ehendersonrj@gov.uk,Male,249840,0.6,17,12,0
993,Gregory,Mccoy,gmccoyrk@patch.com,Male,261053,0.9,17,9,0
994,Donna,Campbell,dcampbellrl@ted.com,Female,428713,0.7,18,12,1
995,Roy,Hernandez,rhernandezrm@i2i.jp,Male,317803,0.7,18,6,0
996,Antonio,Wright,awrightrn@weibo.com,Male,95827,0.1,11,4,0
997,Arthur,Burke,aburkero@statcounter.com,Male,199740,0.6,18,10,0
998,Jack,Morris,jmorrisrp@flickr.com,Male,94667,0.1,16,9,1
999,Denise,Oliver,doliverrq@epa.gov,Female,78050,0.7,14,9,1
1000,Peter,Richardson,prichardsonrr@google.ca,Male,292053,0.6,9,8,1