"","id","first_name","last_name","email","gender","transaction_per_year","discount_ratio","no_of_transactions","time_in_system","churned","predict"
"1",1,"Todd","Coleman","tcoleman0@merriam-webster.com","Male",466005,0.9,9,5,1,0.495067146410353
"2",2,"Katherine","Fisher","kfisher1@google.ru","Female",276197,0.8,16,5,0,0.513164786742318
"3",3,"Henry","Green","hgreen2@stanford.edu","Male",215508,0.4,15,9,1,0.492724000293893
"4",4,"Timothy","Woods","twoods3@google.nl","Male",67719,0.1,15,11,1,0.488051964984015
"5",5,"Russell","Hanson","rhanson4@wikia.com","Male",240323,0.5,13,3,0,0.536606021820401
"6",6,"Joe","Lynch","jlynch5@google.es","Male",366944,0.2,16,5,0,0.535735610144573
"7",7,"Paul","Jacobs","pjacobs6@istockphoto.com","Male",180658,0.4,12,4,1,0.5303895207329
"8",8,"Keith","Stone","kstone7@dion.ne.jp","Male",208745,0.3,9,5,1,0.519888254140125
"9",9,"Gregory","Peterson","gpeterson8@yolasite.com","Male",277769,0.3,6,6,1,0.505262678539815
"10",10,"Fred","Taylor","ftaylor9@vimeo.com","Male",432171,0,11,8,1,0.507929972398595
"11",11,"Sharon","Myers","smyersa@abc.net.au","Female",459088,0.9,17,9,1,0.47556829539727
"12",12,"Matthew","Davis","mdavisb@t.co","Male",271325,0.6,12,12,0,0.453258144659566
"13",13,"Deborah","Fields","dfieldsc@fc2.com","Female",121620,0.9,14,11,1,0.454967942486948
"14",14,"Andrew","Hicks","ahicksd@xing.com","Male",225270,0.8,15,9,1,0.477222469184796
"15",15,"Emily","Weaver","eweavere@about.me","Female",73031,0.6,17,3,0,0.541262850356092
"16",16,"Betty","Romero","bromerof@cdc.gov","Female",319397,0.9,12,8,1,0.475781445635535
"17",17,"Betty","Bell","bbellg@skyrock.com","Female",495324,0.6,15,10,0,0.474592211295069
"18",18,"Martin","Mendoza","mmendozah@theatlantic.com","Male",466814,0.9,7,4,0,0.499947809688046
"19",19,"Debra","Burns","dburnsi@seesaa.net","Female",320983,0.2,6,9,1,0.483033137225362
"20",20,"Jeffrey","Warren","jwarrenj@tripadvisor.com","Male",234483,0.9,5,6,0,0.480526291042841
"21",21,"Gregory","Meyer","gmeyerk@apache.org","Male",454283,0.5,5,3,1,0.520353140153489
"22",22,"Amy","Kelly","akellyl@csmonitor.com","Female",322626,1,20,5,0,0.512580049642746
"23",23,"Joshua","Lee","jleem@addthis.com","Male",492479,0.4,15,6,0,0.516742762020187
"24",24,"Stephanie","Clark","sclarkn@newsvine.com","Female",291561,0.9,7,10,0,0.449461605830457
"25",25,"Scott","Rodriguez","srodriguezo@google.com.br","Male",136391,0.3,15,5,1,0.531508139340392
"26",26,"Melissa","Baker","mbakerp@narod.ru","Female",240519,0.6,17,3,0,0.540179838745846
"27",27,"Clarence","Moore","cmooreq@tinypic.com","Male",441460,0.8,14,4,0,0.516982056873328
"28",28,"Philip","Berry","pberryr@zimbio.com","Male",318948,0.6,12,4,1,0.52177610534128
"29",29,"Howard","Moore","hmoores@irs.gov","Male",374995,0.8,12,10,1,0.462075064438765
"30",30,"Russell","Ortiz","rortizt@slideshare.net","Male",81091,0.3,15,6,0,0.523262482842463
"31",31,"Brandon","Parker","bparkeru@upenn.edu","Male",83875,0.1,12,5,0,0.533990907801816
"32",32,"Stephen","Meyer","smeyerv@google.co.uk","Male",102060,0.7,15,12,0,0.456069059439313
"33",33,"Nicholas","Willis","nwillisw@reuters.com","Male",317757,0.1,12,3,1,0.549685054210609
"34",34,"Terry","Hill","thillx@discovery.com","Male",436334,0.5,15,3,1,0.539055917821242
"35",35,"Sarah","Cook","scooky@illinois.edu","Female",319707,0.9,11,12,1,0.439507819173051
"36",36,"Robin","Evans","revansz@meetup.com","Female",286633,0.5,5,11,1,0.452611298564146
"37",37,"Doris","Willis","dwillis10@over-blog.com","Female",435864,0.8,8,11,0,0.445643549156921
"38",38,"Wanda","Hudson","whudson11@hatena.ne.jp","Female",387120,0,18,3,0,0.564248170355159
"39",39,"Ernest","Vasquez","evasquez12@odnoklassniki.ru","Male",331862,0.9,10,8,0,0.471983501246405
"40",40,"Carlos","Turner","cturner13@storify.com","Male",176893,0.8,12,12,0,0.446149557243441
"41",41,"Carl","Warren","cwarren14@webmd.com","Male",195408,0.8,6,6,0,0.486497231554986
"42",42,"Joseph","Hansen","jhansen15@mysql.com","Male",285196,0.9,17,4,0,0.519708904532179
"43",43,"Kevin","Jackson","kjackson16@biglobe.ne.jp","Male",383490,0.2,12,9,0,0.49378098366005
"44",44,"Lawrence","Lynch","llynch17@businesswire.com","Male",408813,0.7,19,12,1,0.461520218207534
"45",45,"Carol","Lewis","clewis18@ucla.edu","Female",249995,0.5,19,9,0,0.49607608461087
"46",46,"Paula","Sims","psims19@disqus.com","Female",255118,0.6,5,9,1,0.466161954164995
"47",47,"Samuel","Hudson","shudson1a@deliciousdays.com","Male",243942,0.5,11,3,0,0.532865277473688
"48",48,"Louise","Reed","lreed1b@vkontakte.ru","Female",447165,1,11,9,0,0.460633760483062
"49",49,"Anna","Chavez","achavez1c@spotify.com","Female",424958,0.2,11,12,0,0.465844458755392
"50",50,"Bruce","Bowman","bbowman1d@alibaba.com","Male",281791,0.3,13,10,1,0.483834422142066
"51",51,"Shawn","Alvarez","salvarez1e@youku.com","Male",104145,0.5,18,9,1,0.495160508917638
"52",52,"Scott","Thomas","sthomas1f@buzzfeed.com","Male",240246,0.1,9,4,1,0.536007003843793
"53",53,"Sharon","Sanders","ssanders1g@furl.net","Female",184952,0.1,12,5,1,0.533337323279171
"54",54,"Nicholas","Rice","nrice1h@tinypic.com","Male",137360,1,14,5,1,0.502625987970324
"55",55,"Janice","Lawson","jlawson1i@ca.gov","Female",234400,0,14,11,1,0.488975102029627
"56",56,"Maria","Williams","mwilliams1j@statcounter.com","Female",450583,0.2,10,4,0,0.532645991420412
"57",57,"Steven","Frazier","sfrazier1k@chron.com","Male",118882,0.4,20,4,0,0.545658349578752
"58",58,"Heather","Mason","hmason1l@i2i.jp","Female",125585,0.8,15,9,1,0.477867052751185
"59",59,"Ashley","Wheeler","awheeler1m@comcast.net","Female",148464,0.6,14,7,1,0.500786120081267
"60",60,"Stephanie","Montgomery","smontgomery1n@japanpost.jp","Female",396969,0.1,19,10,0,0.501960891146772
"61",61,"Joseph","Gonzalez","jgonzalez1o@nih.gov","Male",380344,0.9,15,4,1,0.515376314980589
"62",62,"Ronald","Sanders","rsanders1p@prweb.com","Male",85609,0.6,10,5,0,0.510964342220499
"63",63,"Sharon","Payne","spayne1q@examiner.com","Female",489491,0.1,6,5,0,0.520216082455067
"64",64,"Laura","Baker","lbaker1r@mit.edu","Female",441845,0.6,15,12,1,0.457731542248695
"65",65,"Charles","Payne","cpayne1s@wiley.com","Male",77051,0.2,16,3,0,0.554816592661963
"66",66,"William","Stanley","wstanley1t@surveymonkey.com","Male",190571,0.8,19,12,0,0.459071813540203
"67",67,"Frances","Stone","fstone1u@epa.gov","Female",123745,0.5,17,6,1,0.518984812510086
"68",68,"Helen","Bennett","hbennett1v@t.co","Female",201720,1,14,3,1,0.51941629824872
"69",69,"Beverly","Lynch","blynch1w@vimeo.com","Female",69557,0.1,14,9,0,0.503387883705007
"70",70,"Eugene","Edwards","eedwards1x@sourceforge.net","Male",309038,0.4,12,9,1,0.486543201483867
"71",71,"Betty","Fields","bfields1y@furl.net","Female",88630,0.1,10,3,1,0.547449293028291
"72",72,"Marilyn","Thomas","mthomas1z@plala.or.jp","Female",497028,0,15,9,0,0.506342042509125
"73",73,"Johnny","Johnston","jjohnston20@ameblo.jp","Male",468861,0.1,13,4,1,0.541963418876352
"74",74,"Eugene","Banks","ebanks21@liveinternet.ru","Male",341189,0.3,19,4,1,0.546221797549137
"75",75,"Victor","Sanders","vsanders22@examiner.com","Male",357666,0.9,17,11,0,0.4590176355792
"76",76,"Robin","Stanley","rstanley23@privacy.gov.au","Female",363996,0.4,11,8,1,0.49293239784679
"77",77,"Catherine","Anderson","canderson24@behance.net","Female",107441,0.8,17,4,1,0.524717906666927
"78",78,"Shawn","Ramirez","sramirez25@abc.net.au","Male",310656,0.8,8,11,0,0.446453169653289
"79",79,"Joyce","Simpson","jsimpson26@sfgate.com","Female",227881,0.3,15,6,0,0.522313308726897
"80",80,"Richard","Fox","rfox27@cbsnews.com","Male",492771,0.4,11,8,0,0.492099712400015
"81",81,"Douglas","Walker","dwalker28@netscape.com","Male",270531,0.5,15,12,0,0.462698895562145
"82",82,"John","Little","jlittle29@sohu.com","Male",306816,0.5,8,6,0,0.501072993848084
"83",83,"Phillip","Henry","phenry2a@feedburner.com","Male",336991,0.8,14,11,0,0.457434911626557
"84",84,"Barbara","Butler","bbutler2b@hugedomains.com","Female",227022,0.8,16,3,1,0.530689237515372
"85",85,"Lisa","Nguyen","lnguyen2c@goodreads.com","Female",486600,0.3,8,10,1,0.473216727440385
"86",86,"Roy","Lopez","rlopez2d@histats.com","Male",84835,0.3,5,7,0,0.496048320014888
"87",87,"Joe","Lopez","jlopez2e@stumbleupon.com","Male",100814,0.6,14,8,0,0.492490997121154
"88",88,"Deborah","Stewart","dstewart2f@ucsd.edu","Female",470228,0.1,8,10,0,0.481041796147478
"89",89,"Albert","Williams","awilliams2g@businessweek.com","Male",138748,0.3,19,10,1,0.495911396851532
"90",90,"Amy","Garza","agarza2h@hatena.ne.jp","Female",447359,0.1,13,12,1,0.473276554474543
"91",91,"Brandon","Moore","bmoore2i@europa.eu","Male",459897,0.4,8,10,1,0.469529792485421
"92",92,"Joseph","Graham","jgraham2j@house.gov","Male",93937,0.6,14,3,1,0.535551653160406
"93",93,"Marie","Frazier","mfrazier2k@earthlink.net","Female",371288,0.5,9,12,0,0.450895350763782
"94",94,"Adam","Nelson","anelson2l@wikispaces.com","Male",135096,0.9,14,9,0,0.47208727910022
"95",95,"Marie","Tucker","mtucker2m@vk.com","Female",138661,0.8,13,9,0,0.474065157511284
"96",96,"Betty","Walker","bwalker2n@google.de","Female",153649,1,17,11,1,0.456477249157022
"97",97,"James","Stephens","jstephens2o@archive.org","Male",328578,0.7,16,12,1,0.456463019371563
"98",98,"Jonathan","Montgomery","jmontgomery2p@census.gov","Male",349671,0.5,16,6,0,0.515665257281539
"99",99,"Wayne","Ferguson","wferguson2q@plala.or.jp","Male",368552,0.2,10,7,1,0.507366707845976
"100",100,"Mildred","Robinson","mrobinson2r@amazon.co.jp","Female",464550,0.5,10,5,0,0.512373634337946
"101",101,"Nicole","Fuller","nfuller2s@webs.com","Female",219106,0.1,17,5,0,0.5424098344249
"102",102,"Craig","Henderson","chenderson2t@histats.com","Male",123042,0.5,18,10,1,0.486435079466152
"103",103,"Adam","Bryant","abryant2u@pinterest.com","Male",459848,0.4,6,5,1,0.508828954128659
"104",104,"Rose","Phillips","rphillips2v@abc.net.au","Female",389704,0.2,9,6,0,0.513974500708327
"105",105,"Eugene","Gutierrez","egutierrez2w@artisteer.com","Male",273537,0.6,9,5,0,0.507890489819415
"106",106,"Ashley","Perkins","aperkins2x@census.gov","Female",390456,0.2,7,4,1,0.527458770150243
"107",107,"Jose","Thomas","jthomas2y@msu.edu","Male",231460,0.4,6,9,0,0.475892807212785
"108",108,"Juan","Alexander","jalexander2z@umich.edu","Male",236008,0.2,20,9,1,0.50960400500368
"109",109,"Norma","West","nwest30@twitpic.com","Female",299244,0.8,14,12,0,0.449075753846181
"110",110,"Timothy","Mason","tmason31@goo.gl","Male",98476,0.1,15,8,1,0.513662796712968
"111",111,"Sandra","Jacobs","sjacobs32@elegantthemes.com","Female",97915,0.5,10,4,0,0.523347608708017
"112",112,"Earl","King","eking33@examiner.com","Male",462234,0.5,10,7,0,0.495182134885722
"113",113,"Henry","Hanson","hhanson34@illinois.edu","Male",256028,0.8,19,9,1,0.484458267983168
"114",114,"Kenneth","Sims","ksims35@macromedia.com","Male",88613,0.3,20,12,1,0.480887776395134
"115",115,"Cheryl","Stephens","cstephens36@paypal.com","Female",486495,0.8,19,9,1,0.48296802129816
"116",116,"Amy","Jacobs","ajacobs37@imgur.com","Female",197896,0.7,9,5,1,0.504519997965941
"117",117,"Lisa","Moreno","lmoreno38@rediff.com","Female",430828,0.2,19,3,0,0.558105013066703
"118",118,"Phillip","Elliott","pelliott39@mozilla.com","Male",167483,0.7,19,10,1,0.480287182450013
"119",119,"Randy","Kelley","rkelley3a@biglobe.ne.jp","Male",113266,0.4,6,7,0,0.493863548934012
"120",120,"Daniel","Washington","dwashington3b@deliciousdays.com","Male",252847,0.6,6,3,0,0.519654736035097
"121",121,"Harry","Wheeler","hwheeler3c@sitemeter.com","Male",234477,0.7,16,11,0,0.465674733244243
"122",122,"Martha","Gomez","mgomez3d@prlog.org","Female",407297,0.1,15,9,0,0.503062659472929
"123",123,"Amy","Morris","amorris3e@columbia.edu","Female",325966,0.3,15,9,0,0.495869358315487
"124",124,"Sarah","Wells","swells3f@comcast.net","Female",179366,0.3,9,6,0,0.511474987162942
"125",125,"Marilyn","Fox","mfox3g@spiegel.de","Female",74818,0.1,14,3,1,0.554973290548176
"126",126,"Ryan","Jackson","rjackson3h@chronoengine.com","Male",467484,0.1,7,10,0,0.479200867834978
"127",127,"Doris","Chapman","dchapman3i@bandcamp.com","Female",322930,0.8,18,6,1,0.507976707184209
"128",128,"Alice","Gray","agray3j@squarespace.com","Female",362178,0.1,7,7,1,0.505691510706967
"129",129,"Fred","Howell","fhowell3k@weibo.com","Male",484810,0.2,10,7,0,0.506614959877262
"130",130,"Carl","White","cwhite3l@europa.eu","Male",201546,0.5,11,7,1,0.498726468304918
"131",131,"Matthew","Palmer","mpalmer3m@trellian.com","Male",297772,0.8,11,6,1,0.495128682911745
"132",132,"Mildred","Edwards","medwards3n@wordpress.org","Female",453923,0.6,7,9,0,0.468593783591281
"133",133,"Juan","Payne","jpayne3o@hibu.com","Male",425264,0.9,7,5,0,0.491613242882269
"134",134,"Donald","Campbell","dcampbell3p@jalbum.net","Male",282033,0.3,8,5,0,0.517555687389347
"135",135,"Jose","Carroll","jcarroll3q@goo.gl","Male",72468,0.6,12,5,0,0.514766657763673
"136",136,"Larry","Mitchell","lmitchell3r@com.com","Male",459701,0.3,11,5,0,0.521982864550804
"137",137,"Carl","Thomas","cthomas3s@indiatimes.com","Male",172815,0.1,5,6,1,0.511801864971141
"138",138,"Phyllis","Bell","pbell3t@theguardian.com","Female",479264,0.4,8,12,0,0.452198086327374
"139",139,"Douglas","Pierce","dpierce3u@house.gov","Male",210506,0.5,12,11,1,0.466114252329731
"140",140,"Evelyn","Smith","esmith3v@canalblog.com","Female",309667,0.1,18,11,0,0.492063494539037
"141",141,"Ronald","Butler","rbutler3w@techcrunch.com","Male",485441,0.4,20,4,0,0.543288104230785
"142",142,"Brandon","Allen","ballen3x@uiuc.edu","Male",206567,0.5,8,11,1,0.458705036400727
"143",143,"Mary","Harris","mharris3y@oracle.com","Female",304878,0.4,11,7,0,0.501917904497692
"144",144,"Kathy","Wallace","kwallace3z@cdbaby.com","Female",287309,0.5,18,6,1,0.519785845861993
"145",145,"Lawrence","Watkins","lwatkins40@ed.gov","Male",147505,0.9,18,6,1,0.505251439051341
"146",146,"Lois","Simmons","lsimmons41@newsvine.com","Female",215154,0.5,11,7,0,0.498638476198068
"147",147,"Earl","Lopez","elopez42@blogspot.com","Male",406887,0.1,12,9,1,0.497489295886122
"148",148,"Henry","Castillo","hcastillo43@omniture.com","Male",325585,0.9,7,10,0,0.449241599698513
"149",149,"Matthew","Morales","mmorales44@macromedia.com","Male",411848,0.5,8,10,0,0.465980885125464
"150",150,"Wayne","Wagner","wwagner45@is.gd","Male",125727,0.4,20,5,0,0.53701085082037
"151",151,"Cynthia","Weaver","cweaver46@clickbank.net","Female",372635,0.4,14,7,1,0.507055788629761
"152",152,"Irene","Diaz","idiaz47@amazon.co.jp","Female",86356,0.1,13,4,1,0.544436774316606
"153",153,"Mildred","Wagner","mwagner48@ibm.com","Female",439315,0.9,13,3,0,0.519880890889186
"154",154,"Alice","Wagner","awagner49@cafepress.com","Female",224637,0.6,6,7,1,0.485424197293444
"155",155,"Martha","Brown","mbrown4a@exblog.jp","Female",340460,0.7,8,11,0,0.450120052909006
"156",156,"Shawn","Montgomery","smontgomery4b@yandex.ru","Male",181754,0,17,10,0,0.503494774137432
"157",157,"Justin","Henderson","jhenderson4c@ucsd.edu","Male",89257,1,6,11,0,0.436448233633045
"158",158,"Pamela","Day","pday4d@blogs.com","Female",166490,0.4,19,8,1,0.509078884589679
"159",159,"Beverly","Gutierrez","bgutierrez4e@indiatimes.com","Female",385606,0.1,16,9,0,0.50506158948523
"160",160,"Russell","Ryan","rryan4f@cam.ac.uk","Male",176501,1,19,9,0,0.477253301793336
"161",161,"Howard","Edwards","hedwards4g@mlb.com","Male",314786,0.4,17,5,0,0.530212341988639
"162",162,"Terry","Frazier","tfrazier4h@techcrunch.com","Male",81635,0.1,14,3,0,0.554929210434096
"163",163,"Louis","Carr","lcarr4i@photobucket.com","Male",271098,0.3,20,10,1,0.49691426630156
"164",164,"Benjamin","Sims","bsims4j@wordpress.org","Male",344584,0.8,19,10,1,0.475282409212816
"165",165,"Amy","Gardner","agardner4k@fotki.com","Female",475977,0.3,13,9,1,0.491182013402481
"166",166,"Ann","Garcia","agarcia4l@google.de","Female",192754,0.9,12,10,0,0.459393869953773
"167",167,"Anna","Pierce","apierce4m@google.com.au","Female",194385,0.8,20,7,0,0.503922010967121
"168",168,"Laura","Adams","ladams4n@jigsy.com","Female",62989,0.2,13,8,0,0.506315317742072
"169",169,"Mary","Romero","mromero4o@uiuc.edu","Female",295615,0,13,8,0,0.512530314533994
"170",170,"Laura","Peterson","lpeterson4p@plala.or.jp","Female",187841,0.6,9,12,0,0.448221954521063
"171",171,"Wanda","Cole","wcole4q@oaic.gov.au","Female",277210,0.2,16,4,1,0.544919086103481
"172",172,"Paul","Hughes","phughes4r@canalblog.com","Male",167528,0.8,16,11,0,0.462248037143801
"173",173,"Anne","Gutierrez","agutierrez4s@dailymotion.com","Female",165359,0.7,17,3,0,0.536806236648148
"174",174,"Paula","Jones","pjones4t@freewebs.com","Female",388898,0,14,4,1,0.548198749546119
"175",175,"Ruth","Sanchez","rsanchez4u@shop-pro.jp","Female",206116,0.1,17,5,1,0.54249383041755
"176",176,"Karen","Austin","kaustin4v@mozilla.org","Female",389308,0.1,11,7,0,0.512950768894203
"177",177,"Arthur","Holmes","aholmes4w@4shared.com","Male",176813,0.9,15,7,0,0.490882675217322
"178",178,"Ronald","Washington","rwashington4x@ted.com","Male",294268,0.9,20,6,0,0.508019782676976
"179",179,"Heather","Austin","haustin4y@seattletimes.com","Female",221992,0.3,9,3,0,0.53700907151416
"180",180,"Nicholas","Lopez","nlopez4z@patch.com","Male",378402,0.6,16,10,1,0.477206924400221
"181",181,"Kelly","Watkins","kwatkins50@myspace.com","Female",477858,0.6,9,12,0,0.446346645375519
"182",182,"Mildred","Smith","msmith51@blinklist.com","Female",95184,0.3,10,8,1,0.496671521561185
"183",183,"Christine","Rodriguez","crodriguez52@networkadvertising.org","Female",477571,0.5,8,7,1,0.491365619558109
"184",184,"Jeremy","Turner","jturner53@reverbnation.com","Male",400147,0.7,19,10,0,0.478782729514361
"185",185,"Linda","Fernandez","lfernandez54@blog.com","Female",193586,0.4,16,12,1,0.468914711227614
"186",186,"Fred","Vasquez","fvasquez55@about.me","Male",284776,0.7,7,4,0,0.50884410858132
"187",187,"Ashley","Day","aday56@google.pl","Female",132281,0.8,7,8,1,0.471557620023646
"188",188,"Sarah","Montgomery","smontgomery57@msu.edu","Female",402963,0.1,17,4,1,0.54982421510857
"189",189,"Russell","Nichols","rnichols58@jalbum.net","Male",195385,0.4,10,9,0,0.483560761836934
"190",190,"Beverly","Ramos","bramos59@alibaba.com","Female",399341,0.8,7,3,1,0.512846943481005
"191",191,"Alan","Snyder","asnyder5a@themeforest.net","Male",220357,0.6,16,12,0,0.461022400462971
"192",192,"Laura","Campbell","lcampbell5b@zdnet.com","Female",218956,0.5,13,4,1,0.528140947615112
"193",193,"Jacqueline","Stanley","jstanley5c@com.com","Female",240178,1,14,9,1,0.467548195423818
"194",194,"Ronald","Gutierrez","rgutierrez5d@mit.edu","Male",173047,0.4,10,3,0,0.535324629450016
"195",195,"Russell","Burns","rburns5e@seattletimes.com","Male",114134,0.8,7,3,0,0.514691150184313
"196",196,"Victor","Gutierrez","vgutierrez5f@technorati.com","Male",335068,0.9,10,11,1,0.446153057823965
"197",197,"Russell","Phillips","rphillips5g@economist.com","Male",223446,0.6,20,10,0,0.485643587846719
"198",198,"Carolyn","Gonzales","cgonzales5h@msu.edu","Female",458523,0.7,6,3,1,0.514465191012681
"199",199,"Pamela","Lewis","plewis5i@wufoo.com","Female",258672,0.6,14,4,1,0.525883205419758
"200",200,"Jack","Moore","jmoore5j@weebly.com","Male",294961,0.1,15,4,1,0.546805234941663
"201",201,"Nancy","Berry","nberry5k@geocities.com","Female",433021,1,12,12,0,0.43677417728046
"202",202,"Fred","Campbell","fcampbell5l@foxnews.com","Male",434216,0.7,12,7,1,0.491361444137072
"203",203,"Craig","Wheeler","cwheeler5m@cdbaby.com","Male",329458,0.7,20,3,1,0.541321153734491
"204",204,"Ruth","Fisher","rfisher5n@cbslocal.com","Female",426046,0.2,18,4,1,0.547674025287794
"205",205,"Bobby","Knight","bknight5o@state.tx.us","Male",62340,0,7,4,1,0.537299639221688
"206",206,"Justin","Robertson","jrobertson5p@squarespace.com","Male",96497,1,7,3,1,0.5070859906161
"207",207,"Stephanie","Moore","smoore5q@mayoclinic.com","Female",448171,0.6,8,9,1,0.470489648774725
"208",208,"Emily","Hawkins","ehawkins5r@bbb.org","Female",319532,0.7,15,9,1,0.480472553849728
"209",209,"Stephanie","Morgan","smorgan5s@comcast.net","Female",139908,0.7,6,7,0,0.482112470303805
"210",210,"Robin","George","rgeorge5t@smugmug.com","Female",476829,0.5,15,12,1,0.461364930566619
"211",211,"Peter","Hawkins","phawkins5u@godaddy.com","Male",147808,0.9,13,6,1,0.495956121907247
"212",212,"Jose","Chavez","jchavez5v@delicious.com","Male",308367,0.9,9,6,1,0.487483228318576
"213",213,"Jessica","Harper","jharper5w@photobucket.com","Female",353936,0.2,18,8,1,0.513727352910836
"214",214,"Kelly","Riley","kriley5x@flickr.com","Female",195943,0.3,12,4,1,0.5341502868075
"215",215,"Gloria","Montgomery","gmontgomery5y@mozilla.com","Female",74726,0.3,11,6,0,0.515868953924866
"216",216,"Anne","Rose","arose5z@xing.com","Female",192953,0.1,13,9,1,0.500731308393818
"217",217,"Alan","Frazier","afrazier60@wisc.edu","Male",99678,0,7,12,0,0.468232303364331
"218",218,"Shirley","Holmes","sholmes61@theguardian.com","Female",207953,0.3,18,6,1,0.528018181974868
"219",219,"Dennis","Myers","dmyers62@nytimes.com","Male",66725,0.9,16,5,0,0.51065967346409
"220",220,"Patricia","Richards","prichards63@alibaba.com","Female",416030,0.1,9,6,1,0.517663873422276
"221",221,"Julia","Kelly","jkelly64@cargocollective.com","Female",197941,0.9,9,7,0,0.47959402779377
"222",222,"Diane","Thomas","dthomas65@admin.ch","Female",326969,0.3,12,6,0,0.516096570753887
"223",223,"Mary","Ferguson","mferguson66@newyorker.com","Female",128306,0.7,7,4,0,0.509855875553612
"224",224,"Anna","Johnson","ajohnson67@about.com","Female",355445,0.4,9,11,0,0.463460634433526
"225",225,"Lillian","Franklin","lfranklin68@gov.uk","Female",106829,0.8,9,9,1,0.46683630341623
"226",226,"Barbara","Palmer","bpalmer69@msn.com","Female",465415,0.5,8,9,1,0.474237747555283
"227",227,"Dorothy","Graham","dgraham6a@skype.com","Female",55658,0.7,15,10,1,0.473575579428101
"228",228,"Ann","Cruz","acruz6b@cmu.edu","Female",380580,0.1,5,8,0,0.493251938872876
"229",229,"Marie","Olson","molson6c@cnet.com","Female",74056,0.6,20,9,0,0.495212811683808
"230",230,"Jennifer","Ross","jross6d@plala.or.jp","Female",60215,0.4,16,4,0,0.538603016073597
"231",231,"Arthur","White","awhite6e@go.com","Male",202671,0.4,6,8,0,0.484682200356288
"232",232,"Kathryn","Hanson","khanson6f@imdb.com","Female",393487,0,18,10,1,0.503984336898885
"233",233,"Anthony","Burton","aburton6g@51.la","Male",198665,0.6,15,9,1,0.48511370655954
"234",234,"Aaron","Ortiz","aortiz6h@typepad.com","Male",370227,0.2,6,4,1,0.525730903418305
"235",235,"Ronald","Diaz","rdiaz6i@yelp.com","Male",460341,0.2,19,10,0,0.49769151284785
"236",236,"Sandra","Burns","sburns6j@discovery.com","Female",189666,0.6,19,4,0,0.535622770191496
"237",237,"Barbara","Williams","bwilliams6k@hao123.com","Female",498805,0.4,20,3,0,0.551804927468344
"238",238,"Teresa","Holmes","tholmes6l@netscape.com","Female",224446,0.7,15,8,0,0.489690636933553
"239",239,"Paul","Frazier","pfrazier6m@myspace.com","Male",429499,0.8,15,3,1,0.527521308309278
"240",240,"Julie","Long","jlong6n@opensource.org","Female",263086,0.8,18,11,0,0.465347482755862
"241",241,"Carolyn","Stanley","cstanley6o@ft.com","Female",252368,0.8,19,12,0,0.458672221518814
"242",242,"Steve","Fernandez","sfernandez6p@amazon.co.jp","Male",84278,0,17,10,0,0.504125073858728
"243",243,"Dorothy","Ross","dross6q@cbsnews.com","Female",382061,0.6,6,12,0,0.441390073609419
"244",244,"Wanda","Ross","wross6r@japanpost.jp","Female",186598,0.4,13,11,1,0.471987119922666
"245",245,"Kathy","Fowler","kfowler6s@salon.com","Female",473766,0.8,14,9,1,0.473756971727293
"246",246,"Diane","Adams","dadams6t@tumblr.com","Female",477922,0.5,16,10,1,0.480423009763432
"247",247,"Christopher","Schmidt","cschmidt6u@oracle.com","Male",66935,0.7,7,9,1,0.467236525019089
"248",248,"Sharon","Hart","shart6v@un.org","Female",142846,0.7,14,4,0,0.522772557982348
"249",249,"Gloria","Cruz","gcruz6w@squarespace.com","Female",407146,0.6,9,6,1,0.498423309150918
"250",250,"Jerry","Carr","jcarr6x@google.pl","Male",148626,0.9,8,7,0,0.478054237077401
"251",251,"Betty","Powell","bpowell6y@zdnet.com","Female",363218,0.6,17,7,1,0.504973491593498
"252",252,"Nancy","Gibson","ngibson6z@ihg.com","Female",333408,0.9,10,5,0,0.497783217266452
"253",253,"Joyce","Hansen","jhansen70@bravesites.com","Female",185180,1,5,9,1,0.451175779531207
"254",254,"Joyce","Gray","jgray71@sphinn.com","Female",482379,0.1,10,6,0,0.51909351881618
"255",255,"Ann","Knight","aknight72@bluehost.com","Female",262111,0.5,16,6,0,0.516231438121916
"256",256,"Dennis","Harper","dharper73@omniture.com","Male",64146,0.1,12,4,0,0.542721717135203
"257",257,"Irene","Ray","iray74@livejournal.com","Female",293063,0.2,5,12,0,0.45554528929823
"258",258,"Amy","Fuller","afuller75@nydailynews.com","Female",375955,0.4,16,4,1,0.536561376757232
"259",259,"Evelyn","Jones","ejones76@marriott.com","Female",462588,0.6,6,7,1,0.48388555753615
"260",260,"Alan","Thomas","athomas77@tinyurl.com","Male",497654,1,10,10,1,0.449845379131419
"261",261,"Christopher","Rodriguez","crodriguez78@constantcontact.com","Male",403420,1,10,11,0,0.441851477828091
"262",262,"Judith","Butler","jbutler79@amazonaws.com","Female",164516,0.8,19,7,0,0.50225647844374
"263",263,"Doris","Perez","dperez7a@weather.com","Female",396407,0.6,14,9,0,0.481976394830367
"264",264,"Paul","Hawkins","phawkins7b@cisco.com","Male",266551,0.9,20,9,0,0.482389293687233
"265",265,"Helen","Stewart","hstewart7c@amazonaws.com","Female",317580,0.3,10,6,0,0.5124399387915
"266",266,"Ruth","Nguyen","rnguyen7d@over-blog.com","Female",237088,0.2,9,9,0,0.489151634157853
"267",267,"Mark","Dunn","mdunn7e@amazon.com","Male",201879,0.3,14,9,0,0.494813058620095
"268",268,"Gerald","Ray","gray7f@gmpg.org","Male",280042,0,8,11,0,0.477527942076141
"269",269,"Michelle","Snyder","msnyder7g@bandcamp.com","Female",156134,0.8,13,4,1,0.516968361478092
"270",270,"Julie","Austin","jaustin7h@istockphoto.com","Female",70450,0.8,13,12,1,0.448696510994706
"271",271,"Marie","Kelley","mkelley7i@harvard.edu","Female",91936,0.8,5,6,0,0.485307631059863
"272",272,"Diane","Larson","dlarson7j@usgs.gov","Female",444686,0.6,13,4,0,0.522821729333526
"273",273,"Lillian","Henry","lhenry7k@instagram.com","Female",321840,1,17,4,1,0.515612354939305
"274",274,"Ruth","Ray","rray7l@ifeng.com","Female",63576,0.8,11,8,0,0.479436566891074
"275",275,"Karen","Johnston","kjohnston7m@ebay.com","Female",432259,0.7,6,4,0,0.506031781809393
"276",276,"Jesse","Rivera","jrivera7n@symantec.com","Male",188393,0.3,10,7,1,0.504672050723825
"277",277,"Jesse","Morgan","jmorgan7o@qq.com","Male",404309,0.4,19,11,1,0.481731385599588
"278",278,"Walter","Bishop","wbishop7p@ameblo.jp","Male",172753,1,19,6,0,0.503087249898456
"279",279,"Dorothy","Bailey","dbailey7q@mtv.com","Female",80388,0.8,14,6,1,0.502110346977643
"280",280,"Matthew","Mendoza","mmendoza7r@joomla.org","Male",199479,0.2,8,4,0,0.530552338007955
"281",281,"Philip","Daniels","pdaniels7s@sohu.com","Male",379851,0.4,15,8,0,0.500264562486462
"282",282,"Steven","Gray","sgray7t@msu.edu","Male",136153,0.5,8,8,1,0.484970060475521
"283",283,"Pamela","Williams","pwilliams7u@businessinsider.com","Female",429656,0.1,10,8,1,0.502227961319426
"284",284,"Benjamin","Watkins","bwatkins7v@craigslist.org","Male",178335,0,9,6,1,0.523060459837201
"285",285,"Linda","Castillo","lcastillo7w@clickbank.net","Female",369857,0.5,8,4,0,0.517871833049829
"286",286,"Diane","Morrison","dmorrison7x@house.gov","Female",388792,0.2,16,8,1,0.509784623743303
"287",287,"Alan","Lynch","alynch7y@cocolog-nifty.com","Male",133355,0.3,20,7,1,0.523614653439417
"288",288,"Arthur","James","ajames7z@trellian.com","Male",457369,0.3,15,9,0,0.495019679684055
"289",289,"Albert","Castillo","acastillo80@imageshack.us","Male",139774,1,5,12,1,0.425659671227685
"290",290,"Benjamin","Andrews","bandrews81@photobucket.com","Male",263341,0.8,19,12,0,0.458601267860049
"291",291,"Helen","Morris","hmorris82@google.fr","Female",301123,0.2,20,6,1,0.534992670888483
"292",292,"Ruby","Bowman","rbowman83@reverbnation.com","Female",153053,0.3,8,7,0,0.501183223226817
"293",293,"Phillip","Nichols","pnichols84@newyorker.com","Male",198034,0.9,14,12,1,0.445870596368079
"294",294,"Julia","Turner","jturner85@naver.com","Female",205646,0.2,19,6,0,0.533751373090725
"295",295,"Jacqueline","Garrett","jgarrett86@weebly.com","Female",131365,0.1,12,11,0,0.482064402220516
"296",296,"Eric","Crawford","ecrawford87@squarespace.com","Male",192331,0.8,17,3,1,0.532772228182366
"297",297,"Larry","Watson","lwatson88@icq.com","Male",385967,0.4,16,10,0,0.484877211577207
"298",298,"Kimberly","Lynch","klynch89@fema.gov","Female",144103,0.2,20,10,0,0.501595043910754
"299",299,"Denise","Mitchell","dmitchell8a@sun.com","Female",286647,0.8,13,5,0,0.507521200177821
"300",300,"Donald","Cruz","dcruz8b@weibo.com","Male",452093,0.6,17,3,1,0.538811758056923
"301",301,"Kathy","Grant","kgrant8c@cargocollective.com","Female",118799,0.6,15,7,1,0.502836611605916
"302",302,"Keith","Nguyen","knguyen8d@ask.com","Male",293964,0.2,5,9,0,0.481349176019991
"303",303,"Kathryn","Castillo","kcastillo8e@1und1.de","Female",147321,0.9,11,4,1,0.509448402976175
"304",304,"Albert","Nguyen","anguyen8f@liveinternet.ru","Male",339900,0.6,14,11,0,0.465135305450332
"305",305,"Nicole","Burton","nburton8g@drupal.org","Female",443079,0.2,11,9,0,0.491536997440707
"306",306,"Fred","Hansen","fhansen8h@mashable.com","Male",384316,0.3,19,12,0,0.477117028835624
"307",307,"Aaron","Dunn","adunn8i@ibm.com","Male",143933,0.9,7,5,0,0.493432386578069
"308",308,"Michelle","Snyder","msnyder8j@ebay.com","Female",260942,0.1,7,6,1,0.514949360946666
"309",309,"Elizabeth","Williamson","ewilliamson8k@epa.gov","Female",85106,0.2,18,6,0,0.53267213776901
"310",310,"Alan","Reyes","areyes8l@discovery.com","Male",191450,0.8,17,8,1,0.489761736955353
"311",311,"Joe","Mills","jmills8m@spotify.com","Male",349069,1,14,3,0,0.518463509525001
"312",312,"Robin","Young","ryoung8n@elpais.com","Female",473233,0.8,14,4,1,0.516776606167055
"313",313,"Kenneth","Hunt","khunt8o@upenn.edu","Male",239362,0.2,19,9,0,0.507723645777925
"314",314,"Bonnie","Nguyen","bnguyen8p@psu.edu","Female",164501,0.8,6,6,0,0.486697082528416
"315",315,"Charles","Carpenter","ccarpenter8q@shinystat.com","Male",214097,0.2,18,7,0,0.523234818031543
"316",316,"David","Rose","drose8r@tinyurl.com","Male",426289,0,10,4,0,0.540522285397234
"317",317,"Jennifer","Rice","jrice8s@oracle.com","Female",452179,0.7,11,3,0,0.523799570496391
"318",318,"Joe","Gilbert","jgilbert8t@sphinn.com","Male",59349,0.2,5,11,0,0.465659769338883
"319",319,"Harold","Butler","hbutler8u@gizmodo.com","Male",305035,1,18,4,1,0.51757969107785
"320",320,"Ashley","Rose","arose8v@instagram.com","Female",257469,0.5,12,12,0,0.457207342390967
"321",321,"Kenneth","Young","kyoung8w@gravatar.com","Male",114619,0.7,14,11,1,0.462732416394415
"322",322,"George","Kelley","gkelley8x@shutterfly.com","Male",440441,0.2,14,8,0,0.505733307608521
"323",323,"Jennifer","Nelson","jnelson8y@storify.com","Female",304067,0.8,16,5,1,0.512984573631065
"324",324,"Gloria","Moreno","gmoreno8z@pbs.org","Female",482463,0.4,12,9,0,0.485421800019242
"325",325,"Julie","Willis","jwillis90@cafepress.com","Female",206750,1,12,12,0,0.438237291772615
"326",326,"Shawn","Johnson","sjohnson91@bravesites.com","Male",437983,0.4,7,7,1,0.493622534079324
"327",327,"Justin","Martin","jmartin92@histats.com","Male",245810,0.8,19,9,0,0.484524339657757
"328",328,"Stephen","Jackson","sjackson93@newyorker.com","Male",407465,0.7,19,4,0,0.530354835375477
"329",329,"Diana","Reid","dreid94@discovery.com","Female",131652,0.7,13,11,1,0.460763605961311
"330",330,"Barbara","Clark","bclark95@independent.co.uk","Female",308479,0.1,15,10,0,0.495098399249687
"331",331,"George","Butler","gbutler96@google.ca","Male",353474,0.7,18,10,0,0.477225855086477
"332",332,"Betty","Henderson","bhenderson97@friendfeed.com","Female",389503,0.6,19,4,0,0.534330583341352
"333",333,"Dorothy","Smith","dsmith98@flavors.me","Female",273584,0.8,12,7,1,0.488540521445367
"334",334,"Stephanie","Jenkins","sjenkins99@fema.gov","Female",373245,0.1,19,10,1,0.502114295375383
"335",335,"Brenda","Harrison","bharrison9a@comsenz.com","Female",307569,0.2,20,4,0,0.552157464917332
"336",336,"Louise","Fernandez","lfernandez9b@unc.edu","Female",371036,0.5,12,3,1,0.533902133293029
"337",337,"Jesse","Olson","jolson9c@aol.com","Male",308148,0,12,12,1,0.476177651657487
"338",338,"Jennifer","Jacobs","jjacobs9d@dyndns.org","Female",65513,0.6,6,7,1,0.486453125571702
"339",339,"Deborah","Woods","dwoods9e@sitemeter.com","Female",324316,1,16,9,0,0.470721485087925
"340",340,"Jonathan","Kim","jkim9f@berkeley.edu","Male",272146,0.2,17,11,0,0.486587839404342
"341",341,"Jerry","Ramirez","jramirez9g@theglobeandmail.com","Male",335266,1,10,4,1,0.502514838643712
"342",342,"Jesse","Wilson","jwilson9h@1und1.de","Male",195892,0.4,10,5,0,0.517970433833736
"343",343,"Jason","Hansen","jhansen9i@technorati.com","Male",130266,0.2,7,11,1,0.468918548688813
"344",344,"Jonathan","Ruiz","jruiz9j@admin.ch","Male",111117,0.1,16,6,0,0.532646204183597
"345",345,"Rachel","Dunn","rdunn9k@phpbb.com","Female",442557,0,8,9,0,0.493683562080584
"346",346,"Deborah","Hunt","dhunt9l@nps.gov","Female",433598,0.5,19,4,0,0.537905058072745
"347",347,"Kevin","Jenkins","kjenkins9m@goo.gl","Male",369218,0.5,14,9,1,0.486011806462462
"348",348,"Steve","Stephens","sstephens9n@samsung.com","Male",186890,0.6,11,12,1,0.451945447034952
"349",349,"Arthur","Cole","acole9o@nymag.com","Male",444084,0.2,17,6,0,0.528492241138294
"350",350,"Eugene","Rice","erice9p@nba.com","Male",135677,0.3,9,10,0,0.477344538796213
"351",351,"Billy","West","bwest9q@fda.gov","Male",464463,0.1,13,12,0,0.473165956517784
"352",352,"Keith","Smith","ksmith9r@edublogs.org","Male",166330,0.9,11,10,0,0.457706061356898
"353",353,"Howard","Garrett","hgarrett9s@netvibes.com","Male",400390,0.8,12,11,1,0.453307617592341
"354",354,"Michael","Lawson","mlawson9t@house.gov","Male",78025,0.8,16,9,0,0.480033257000121
"355",355,"Christopher","Ortiz","cortiz9u@hao123.com","Male",163854,0.7,16,10,1,0.474734633574548
"356",356,"Scott","Knight","sknight9v@techcrunch.com","Male",380057,1,18,10,1,0.465475157962318
"357",357,"Mildred","Williams","mwilliams9w@google.com.hk","Female",148149,0.9,7,10,0,0.450388937108213
"358",358,"Bruce","Hunter","bhunter9x@dailymail.co.uk","Male",208270,0.9,18,9,0,0.479048807380942
"359",359,"Lawrence","Ray","lray9y@google.com.hk","Male",424606,0.6,15,11,0,0.466446250733606
"360",360,"Kimberly","Parker","kparker9z@wordpress.com","Female",420766,0.8,9,4,1,0.507822510618971
"361",361,"Christopher","Baker","cbakera0@hc360.com","Male",281416,0.7,16,12,1,0.45676797849438
"362",362,"Bobby","Harris","bharrisa1@tmall.com","Male",80652,0.9,17,5,1,0.512428290214941
"363",363,"Donna","Lynch","dlyncha2@cargocollective.com","Female",297718,0.2,20,12,0,0.483395262770305
"364",364,"Lisa","Rice","lricea3@issuu.com","Female",76795,0.1,15,10,1,0.496596515305215
"365",365,"Lisa","Riley","lrileya4@walmart.com","Female",230155,0.9,16,7,1,0.492396426529349
"366",366,"Jessica","Miller","jmillera5@oaic.gov.au","Female",109332,0.2,9,5,0,0.524390680904877
"367",367,"Samuel","Nelson","snelsona6@chicagotribune.com","Male",170063,0.7,8,6,0,0.49423806266021
"368",368,"Brian","Hawkins","bhawkinsa7@com.com","Male",199239,0.5,16,7,0,0.508034743722244
"369",369,"Heather","Marshall","hmarshalla8@pinterest.com","Female",374025,0.2,5,9,0,0.480831485244963
"370",370,"Jessica","Harvey","jharveya9@google.co.uk","Female",459387,0.8,6,7,1,0.476187051844003
"371",371,"Mildred","Reyes","mreyesaa@youku.com","Female",359287,0.1,6,4,0,0.529661245698238
"372",372,"Henry","Johnson","hjohnsonab@skyrock.com","Male",327078,0.6,19,9,1,0.491718048186064
"373",373,"Jerry","Watson","jwatsonac@wordpress.com","Male",433273,0.6,6,9,1,0.466868639131315
"374",374,"Justin","Weaver","jweaverad@boston.com","Male",131799,0.9,17,12,1,0.451874900134271
"375",375,"Bruce","Gomez","bgomezae@pinterest.com","Male",53658,0.3,9,5,0,0.520891078351998
"376",376,"Eugene","Bennett","ebennettaf@ustream.tv","Male",422768,0.7,11,8,0,0.480973560075408
"377",377,"Marilyn","George","mgeorgeag@vimeo.com","Female",142093,0.2,19,6,0,0.534162319766702
"378",378,"Lois","White","lwhiteah@hostgator.com","Female",486730,0.2,14,11,1,0.479624280710224
"379",379,"Matthew","Morrison","mmorrisonai@goodreads.com","Male",304896,0.9,8,10,0,0.451234050574199
"380",380,"Evelyn","Simpson","esimpsonaj@hostgator.com","Female",411811,0.6,6,10,1,0.458404179215424
"381",381,"Jack","Peterson","jpetersonak@feedburner.com","Male",365204,0.4,16,12,0,0.467804994193992
"382",382,"Sharon","Perez","sperezal@mysql.com","Female",387511,0.5,13,11,0,0.466828373430889
"383",383,"Patrick","Price","ppriceam@dion.ne.jp","Male",419996,0.6,11,8,1,0.484851086399377
"384",384,"Jonathan","Oliver","joliveran@jalbum.net","Male",406911,0.7,16,10,1,0.473162977378572
"385",385,"Karen","Gordon","kgordonao@dell.com","Female",399779,0.3,12,5,1,0.524229004016149
"386",386,"Timothy","Carter","tcarterap@prweb.com","Male",327570,0,5,3,1,0.540470502316723
"387",387,"Brian","Cunningham","bcunninghamaq@salon.com","Male",451823,0.8,19,8,1,0.491795455121014
"388",388,"Christina","Myers","cmyersar@cnn.com","Female",418065,0.9,9,7,0,0.478170661058876
"389",389,"Susan","Henry","shenryas@privacy.gov.au","Female",248252,0.3,19,8,0,0.512409796807201
"390",390,"Deborah","Peterson","dpetersonat@geocities.com","Female",256561,0.8,8,6,0,0.489819146922794
"391",391,"Marilyn","Fisher","mfisherau@reference.com","Female",82687,1,13,7,1,0.483914367994929
"392",392,"Joseph","Wood","jwoodav@upenn.edu","Male",438355,0.2,20,11,1,0.491089112799809
"393",393,"Eugene","Hart","ehartaw@discuz.net","Male",387178,0.4,13,11,1,0.470690128682797
"394",394,"Bonnie","Gordon","bgordonax@sina.com.cn","Female",476186,0.3,6,9,1,0.478169960927894
"395",395,"Brandon","Fields","bfieldsay@altervista.org","Male",349957,0.2,11,4,1,0.535155331261804
"396",396,"Scott","Spencer","sspenceraz@ning.com","Male",391689,0.7,16,4,1,0.524880831482517
"397",397,"Anthony","Campbell","acampbellb0@e-recht24.de","Male",195389,1,11,6,0,0.488071508285272
"398",398,"Paula","Duncan","pduncanb1@patch.com","Female",300594,0.3,16,10,0,0.489288852834891
"399",399,"Todd","Wheeler","twheelerb2@thetimes.co.uk","Male",286280,0.9,14,12,0,0.445299979711615
"400",400,"Jessica","Nichols","jnicholsb3@imdb.com","Female",473847,0.5,10,12,1,0.452090854903345
"401",401,"Andrea","Harris","aharrisb4@instagram.com","Female",224120,0.5,19,6,1,0.522053110416482
"402",402,"Alice","Perry","aperryb5@domainmarket.com","Female",353578,0.6,16,12,0,0.460160966272291
"403",403,"Paula","Ferguson","pfergusonb6@bbb.org","Female",449658,0.4,18,3,1,0.548405378852825
"404",404,"Theresa","Reynolds","treynoldsb7@geocities.com","Female",206805,0.9,20,11,1,0.465569148342626
"405",405,"Paula","Robertson","probertsonb8@newsvine.com","Female",91353,0.3,13,6,1,0.519478783501202
"406",406,"Joan","Gonzales","jgonzalesb9@miitbeian.gov.cn","Female",59818,0.8,19,9,0,0.485727001910652
"407",407,"Kevin","Henderson","khendersonba@topsy.com","Male",437866,0.3,19,8,1,0.511183713962667
"408",408,"Shirley","Palmer","spalmerbb@homestead.com","Female",230045,0.3,8,12,1,0.457669189279581
"409",409,"Nicholas","Weaver","nweaverbc@bravesites.com","Male",113958,0,15,8,1,0.51742228894534
"410",410,"Beverly","Phillips","bphillipsbd@oaic.gov.au","Female",498223,0.9,11,8,1,0.472766448625144
"411",411,"Jennifer","Murray","jmurraybe@stumbleupon.com","Female",376056,0.2,16,8,1,0.509866977320086
"412",412,"Arthur","Hunt","ahuntbf@lulu.com","Male",498033,0.1,9,6,1,0.517133625278678
"413",413,"Jerry","Frazier","jfrazierbg@ca.gov","Male",204227,0.5,5,3,1,0.521970053312711
"414",414,"Rebecca","Rodriguez","rrodriguezbh@unblog.fr","Female",173669,0.1,13,6,1,0.5266657154475
"415",415,"Shawn","Gilbert","sgilbertbi@pen.io","Male",270740,0.1,19,6,0,0.537190063999972
"416",416,"Michelle","Johnson","mjohnsonbj@weibo.com","Female",131074,0.3,5,8,0,0.48714609160797
"417",417,"Michelle","Mitchell","mmitchellbk@jiathis.com","Female",292623,0.7,13,6,1,0.502738922556802
"418",418,"Diana","Austin","daustinbl@dyndns.org","Female",97405,0.5,7,10,0,0.466155466198127
"419",419,"Larry","Hunt","lhuntbm@bravesites.com","Male",326670,0.9,17,9,0,0.476424537225972
"420",420,"Carl","Harvey","charveybn@macromedia.com","Male",293748,0.1,5,12,0,0.459400461954255
"421",421,"Victor","Vasquez","vvasquezbo@dailymail.co.uk","Male",77225,0.4,18,12,1,0.47338446836905
"422",422,"Jeremy","King","jkingbp@meetup.com","Male",137332,0.3,15,4,0,0.540105292232817
"423",423,"Teresa","Rice","tricebq@networkadvertising.org","Female",479966,0.3,7,7,0,0.497210665434003
"424",424,"Sara","Harper","sharperbr@state.tx.us","Female",379188,0.5,13,9,1,0.484088666829673
"425",425,"Louise","Brown","lbrownbs@instagram.com","Female",283586,0.1,15,4,0,0.546878788014519
"426",426,"Nicholas","Harvey","nharveybt@tripadvisor.com","Male",276938,0.9,20,10,1,0.47371889163355
"427",427,"Todd","Griffin","tgriffinbu@seattletimes.com","Male",162563,0.8,17,7,0,0.498551763786869
"428",428,"Shawn","Perkins","sperkinsbv@wordpress.org","Male",113538,0.5,15,11,1,0.472317281949821
"429",429,"Randy","Turner","rturnerbw@admin.ch","Male",328928,0.2,9,6,1,0.51436749073522
"430",430,"Earl","West","ewestbx@nature.com","Male",298187,0.4,20,8,1,0.510085976471054
"431",431,"John","Collins","jcollinsby@cargocollective.com","Male",145118,0.2,17,3,0,0.556235129117039
"432",432,"Shirley","Tucker","stuckerbz@nationalgeographic.com","Female",499724,0.8,11,8,1,0.476616344858536
"433",433,"Raymond","Andrews","randrewsc0@ft.com","Male",460147,0.4,9,10,1,0.471386847511213
"434",434,"Mary","Sullivan","msullivanc1@utexas.edu","Female",437185,0.6,12,8,1,0.486598610392104
"435",435,"Albert","Anderson","aandersonc2@naver.com","Male",153467,0.2,11,6,1,0.519219400545298
"436",436,"Irene","Dunn","idunnc3@redcross.org","Female",53338,0.5,11,9,0,0.482478336316883
"437",437,"Terry","Bell","tbellc4@bbb.org","Male",61600,0.9,9,8,1,0.471872398950993
"438",438,"Alice","Baker","abakerc5@theguardian.com","Female",93225,0.4,7,8,0,0.487248572118788
"439",439,"Steve","Oliver","soliverc6@examiner.com","Male",95126,0.6,20,7,1,0.512283043942331
"440",440,"Earl","Garza","egarzac7@free.fr","Male",377806,0.4,5,10,0,0.464484594924458
"441",441,"Marilyn","Matthews","mmatthewsc8@theglobeandmail.com","Female",373210,0.4,9,10,1,0.47194899990637
"442",442,"Eugene","Richards","erichardsc9@yahoo.com","Male",359260,0,14,10,1,0.496770969362907
"443",443,"Martha","Ross","mrossca@barnesandnoble.com","Female",476213,0.3,8,8,0,0.490490367084652
"444",444,"Cynthia","Fuller","cfullercb@webs.com","Female",123138,1,7,8,0,0.463897536516898
"445",445,"Anne","Jones","ajonescc@cam.ac.uk","Female",65378,0.7,18,8,0,0.496295217834907
"446",446,"Jeffrey","Simmons","jsimmonscd@phoca.cz","Male",311732,0.1,8,9,0,0.490669901240077
"447",447,"Carol","Walker","cwalkerce@examiner.com","Female",466751,0.6,6,6,0,0.49246187631862
"448",448,"Gloria","Moreno","gmorenocf@twitter.com","Female",85676,0.1,18,8,1,0.519321578857351
"449",449,"Karen","Brown","kbrowncg@boston.com","Female",191906,0.4,15,8,1,0.501479853236174
"450",450,"Kimberly","Mccoy","kmccoych@hao123.com","Female",332193,0.3,9,4,1,0.527693251753745
"451",451,"Diane","Morgan","dmorganci@globo.com","Female",152702,0.4,6,8,0,0.485005310114315
"452",452,"Melissa","Burke","mburkecj@narod.ru","Female",233382,0.7,15,6,1,0.506839330113926
"453",453,"Bobby","Collins","bcollinsck@hatena.ne.jp","Male",173993,0.5,13,11,0,0.46820902442079
"454",454,"Virginia","Taylor","vtaylorcl@lulu.com","Female",459559,0.5,11,4,1,0.522867816330572
"455",455,"Chris","Day","cdaycm@sitemeter.com","Male",132306,0.1,9,3,0,0.545308203516496
"456",456,"Carlos","Sims","csimscn@upenn.edu","Male",475144,0.2,9,3,0,0.53923174099262
"457",457,"Lawrence","Greene","lgreeneco@icio.us","Male",192339,0.2,12,8,1,0.503620242651034
"458",458,"Teresa","Kelley","tkelleycp@ycombinator.com","Female",183280,0.5,16,4,1,0.533947650646938
"459",459,"Ruby","Roberts","rrobertscq@sakura.ne.jp","Female",148557,0.6,17,11,1,0.471948583092472
"460",460,"Joseph","Kennedy","jkennedycr@buzzfeed.com","Male",240441,0.2,16,3,0,0.553760079556557
"461",461,"Alan","Hill","ahillcs@upenn.edu","Male",276333,0.3,6,8,0,0.488065488827888
"462",462,"Barbara","Gomez","bgomezct@bloglines.com","Female",405038,0.6,7,9,1,0.468909883983947
"463",463,"Brandon","Gonzalez","bgonzalezcu@delicious.com","Male",272726,0.5,17,6,0,0.518021470941101
"464",464,"Gregory","Banks","gbankscv@imageshack.us","Male",57717,0.8,12,7,0,0.489936361548951
"465",465,"Debra","Cunningham","dcunninghamcw@creativecommons.org","Female",361111,0.1,13,11,1,0.482437489245585
"466",466,"Jose","Morris","jmorriscx@tripod.com","Male",424207,0.9,18,4,0,0.520668702595983
"467",467,"Todd","Gray","tgraycy@oaic.gov.au","Male",104158,0.1,5,9,1,0.48643610238164
"468",468,"Margaret","Fisher","mfishercz@ca.gov","Female",153777,0.6,19,12,0,0.467028935069615
"469",469,"Earl","Mitchell","emitchelld0@goodreads.com","Male",64029,0.5,18,5,1,0.529832857527948
"470",470,"Sarah","George","sgeorged1@xrea.com","Female",452367,0.9,11,4,0,0.507475913247602
"471",471,"Betty","Henry","bhenryd2@yahoo.com","Female",377079,0.6,7,12,0,0.443280959815623
"472",472,"Gary","Perez","gperezd3@sphinn.com","Male",450728,0.8,10,3,0,0.518090679375945
"473",473,"Eric","Gordon","egordond4@wired.com","Male",92322,0.3,15,3,0,0.548999573674765
"474",474,"Shawn","Porter","sporterd5@exblog.jp","Male",209997,1,6,3,0,0.504493404861746
"475",475,"Roy","Gomez","rgomezd6@mapy.cz","Male",104290,1,15,9,1,0.470285546557962
"476",476,"Harold","Henry","hhenryd7@drupal.org","Male",323346,0.6,12,8,0,0.487334716612841
"477",477,"Kenneth","Hunt","khuntd8@admin.ch","Male",179991,0.8,16,12,1,0.453564211250183
"478",478,"Ann","Campbell","acampbelld9@soup.io","Female",240054,0.5,10,5,1,0.513825271317634
"479",479,"Carol","Wood","cwoodda@umn.edu","Female",213019,0.5,5,5,1,0.504706727264154
"480",480,"Paul","Evans","pevansdb@nih.gov","Male",250019,0.3,14,10,1,0.485898537958979
"481",481,"Paul","Long","plongdc@cnbc.com","Male",353833,0.3,13,12,0,0.466162108677407
"482",482,"Louis","Campbell","lcampbelldd@sun.com","Male",472752,0.3,20,12,0,0.478403855177205
"483",483,"William","Hughes","whughesde@spiegel.de","Male",319916,0.2,16,4,0,0.54464294038661
"484",484,"Howard","Harris","hharrisdf@sciencedirect.com","Male",305615,0,5,5,0,0.523405992648923
"485",485,"Teresa","Lee","tleedg@bravesites.com","Female",284065,0.2,17,7,0,0.520923719078733
"486",486,"Jacqueline","Ross","jrossdh@ucoz.ru","Female",251182,0.7,10,12,1,0.445811448251315
"487",487,"Mark","Henry","mhenrydi@state.gov","Male",205054,0.3,14,5,1,0.529205478784073
"488",488,"Sara","Anderson","sandersondj@purevolume.com","Female",438975,0.7,8,3,0,0.51830893552621
"489",489,"Jimmy","Collins","jcollinsdk@npr.org","Male",409097,0.7,11,5,0,0.506871672324875
"490",490,"Gregory","Marshall","gmarshalldl@macromedia.com","Male",292534,0.4,16,10,0,0.485481368434893
"491",491,"Emily","Martinez","emartinezdm@google.com.au","Female",396588,0.5,9,6,1,0.502351181340844
"492",492,"James","Ellis","jellisdn@toplist.cz","Male",252324,0.8,10,10,0,0.459150937021372
"493",493,"Annie","Richards","arichardsdo@geocities.com","Female",156640,0.9,11,11,0,0.449165481285082
"494",494,"Thomas","West","twestdp@hc360.com","Male",129282,0.6,5,9,1,0.466975635437605
"495",495,"Christopher","Ferguson","cfergusondq@google.ru","Male",123554,1,6,5,0,0.487845887770856
"496",496,"Rose","King","rkingdr@rediff.com","Female",336507,0.3,10,12,1,0.460698127400968
"497",497,"Catherine","Cruz","ccruzds@domainmarket.com","Female",478892,0.1,14,5,0,0.53515399036821
"498",498,"Terry","Patterson","tpattersondt@meetup.com","Male",230193,0.1,15,9,0,0.504207850102831
"499",499,"Doris","Green","dgreendu@github.io","Female",237746,0.7,18,9,1,0.486577413557546
"500",500,"Justin","Nguyen","jnguyendv@cargocollective.com","Male",218098,0.3,11,11,1,0.47192569334236
"501",501,"Clarence","Dean","cdeandw@elegantthemes.com","Male",372996,0.1,19,7,1,0.527925618231982
"502",502,"Jason","Warren","jwarrendx@ed.gov","Male",238318,0.8,13,4,1,0.516436942951532
"503",503,"Ronald","Edwards","redwardsdy@huffingtonpost.com","Male",272368,0.9,16,7,1,0.492123468651152
"504",504,"Ronald","Fields","rfieldsdz@privacy.gov.au","Male",130019,0.2,10,6,0,0.517512348524703
"505",505,"Joan","Griffin","jgriffine0@ameblo.jp","Female",128492,0.1,15,4,0,0.547881657489822
"506",506,"Mary","Mccoy","mmccoye1@ovh.net","Female",402792,0.1,10,4,1,0.536814619791582
"507",507,"Anne","Gonzales","agonzalese2@about.com","Female",183051,0.3,12,11,1,0.474010985978051
"508",508,"Joseph","Richards","jrichardse3@w3.org","Male",249896,0.8,15,3,1,0.528682657983494
"509",509,"Laura","Howard","lhowarde4@seattletimes.com","Female",159314,0.2,13,6,0,0.522898935802987
"510",510,"Russell","Hawkins","rhawkinse5@cyberchimps.com","Male",312202,0.9,12,3,1,0.518844157927725
"511",511,"Joyce","Graham","jgrahame6@etsy.com","Female",212907,0.8,20,11,0,0.46938929357046
"512",512,"David","Diaz","ddiaze7@domainmarket.com","Male",299133,0.4,12,11,0,0.469400774055371
"513",513,"Emily","Simpson","esimpsone8@tinyurl.com","Female",374266,0.8,9,12,0,0.439297288389932
"514",514,"John","James","jjamese9@cbslocal.com","Male",311363,0.5,15,4,0,0.53126076823663
"515",515,"Judith","Nelson","jnelsonea@latimes.com","Female",167630,0.6,5,6,1,0.492537382210421
"516",516,"Mildred","Rivera","mriveraeb@who.int","Female",197695,0.8,9,4,1,0.509264933257664
"517",517,"Todd","Mcdonald","tmcdonaldec@comcast.net","Male",120013,0.5,19,10,1,0.488313337175539
"518",518,"Norma","Jenkins","njenkinsed@statcounter.com","Female",269107,0.8,16,11,1,0.461591206586643
"519",519,"Janice","Day","jdayee@gnu.org","Female",205646,0.8,7,6,1,0.488289702133157
"520",520,"Barbara","Cunningham","bcunninghamef@craigslist.org","Female",363492,0.2,13,3,1,0.547388391932132
"521",521,"Lori","Day","ldayeg@auda.org.au","Female",352517,1,13,11,0,0.447756641751379
"522",522,"Virginia","Peters","vpeterseh@cdbaby.com","Female",404115,0.3,18,9,1,0.500940045653434
"523",523,"Johnny","Mendoza","jmendozaei@auda.org.au","Male",347423,0.8,17,12,1,0.454340233324216
"524",524,"Janet","Garcia","jgarciaej@about.me","Female",412033,0.2,10,6,0,0.515688788411429
"525",525,"Gloria","Moreno","gmorenoek@go.com","Female",183450,0,17,4,1,0.5551032329986
"526",526,"Earl","Schmidt","eschmidtel@google.fr","Male",432525,1,14,11,0,0.449097965262018
"527",527,"Gloria","Harris","gharrisem@blog.com","Female",131392,0.8,5,11,1,0.442036312553747
"528",528,"Tina","Ross","trossen@goo.ne.jp","Female",289071,0.1,16,6,0,0.531495517280119
"529",529,"Ruth","Hill","rhilleo@cam.ac.uk","Female",426364,0.1,9,11,1,0.47458086371508
"530",530,"Arthur","Edwards","aedwardsep@mlb.com","Male",184219,0.1,10,4,0,0.538227957443751
"531",531,"Andrea","Sullivan","asullivaneq@seesaa.net","Female",98154,0.5,11,3,1,0.533807972452639
"532",532,"Katherine","Perkins","kperkinser@taobao.com","Female",427115,0.1,19,4,1,0.553385386498247
"533",533,"Barbara","Owens","bowenses@jiathis.com","Female",233162,0.2,8,11,1,0.470111873717558
"534",534,"Johnny","Smith","jsmithet@ftc.gov","Male",184805,0,10,8,1,0.507670819891656
"535",535,"David","Patterson","dpattersoneu@google.ru","Male",343233,0.5,19,9,1,0.495473188663004
"536",536,"Carl","Cox","ccoxev@ustream.tv","Male",188414,0.4,15,9,0,0.492899195630681
"537",537,"Alice","Wood","awoodew@ihg.com","Female",433311,0.3,17,6,0,0.52470229955031
"538",538,"Adam","Stewart","astewartex@economist.com","Male",161055,0.1,15,7,0,0.521861385710473
"539",539,"Jacqueline","Payne","jpayneey@arizona.edu","Female",81987,0.1,19,10,1,0.503997629080348
"540",540,"Daniel","Mason","dmasonez@etsy.com","Male",488523,0,19,12,0,0.48802201111153
"541",541,"Alice","Stewart","astewartf0@time.com","Female",106730,1,19,10,0,0.469101217736489
"542",542,"Raymond","Bradley","rbradleyf1@hugedomains.com","Male",489783,0.7,10,8,1,0.478681555823622
"543",543,"Ernest","Hughes","ehughesf2@cam.ac.uk","Male",236204,0.2,6,6,1,0.509391048323592
"544",544,"Susan","Ford","sfordf3@cmu.edu","Female",348605,0.5,14,7,0,0.503351569510952
"545",545,"Arthur","Holmes","aholmesf4@princeton.edu","Male",164127,0.4,7,7,1,0.495393342898676
"546",546,"Shirley","Parker","sparkerf5@squarespace.com","Female",61448,1,13,4,0,0.509861416477837
"547",547,"Scott","Johnson","sjohnsonf6@dailymotion.com","Male",454688,0.9,18,10,0,0.468852180682042
"548",548,"Ann","Daniels","adanielsf7@storify.com","Female",409399,0.1,14,9,0,0.501190395934842
"549",549,"Maria","Cunningham","mcunninghamf8@jalbum.net","Female",255729,0.9,14,6,0,0.497116954259851
"550",550,"Bonnie","Richardson","brichardsonf9@seesaa.net","Female",172546,0.3,11,9,1,0.489426717057571
"551",551,"Ashley","Cunningham","acunninghamfa@1und1.de","Female",169337,0.7,6,9,1,0.464715701199025
"552",552,"Raymond","Phillips","rphillipsfb@sina.com.cn","Male",489807,0.4,5,9,0,0.472363611177638
"553",553,"Russell","Washington","rwashingtonfc@alibaba.com","Male",107382,0.7,18,9,1,0.487420373802806
"554",554,"Nicholas","Wilson","nwilsonfd@techcrunch.com","Male",77401,0.4,14,11,0,0.474551881600317
"555",555,"Doris","Peters","dpetersfe@google.ca","Female",445381,0.9,10,4,0,0.505662414573349
"556",556,"Rebecca","Morris","rmorrisff@cdbaby.com","Female",146118,0.7,11,9,0,0.474159197878731
"557",557,"Ruby","Anderson","randersonfg@livejournal.com","Female",245516,0.4,16,7,1,0.511595109196057
"558",558,"Henry","Jacobs","hjacobsfh@cafepress.com","Male",485647,0.9,20,5,0,0.5153855245726
"559",559,"Timothy","Allen","tallenfi@cnn.com","Male",340916,0.4,15,6,1,0.517722799328435
"560",560,"Peter","Hudson","phudsonfj@eepurl.com","Male",439895,0.7,7,9,1,0.464824889497992
"561",561,"Paula","Austin","paustinfk@shutterfly.com","Female",278172,0.1,11,4,0,0.539479109736721
"562",562,"Lois","Thompson","lthompsonfl@hugedomains.com","Female",473641,0.1,6,5,0,0.52031857179175
"563",563,"Ryan","Fernandez","rfernandezfm@yahoo.co.jp","Male",257616,0,7,3,1,0.544640182319517
"564",564,"Stephanie","Hernandez","shernandezfn@facebook.com","Female",297758,0.9,8,7,0,0.477089919111581
"565",565,"Chris","Stanley","cstanleyfo@forbes.com","Male",238926,0.8,17,3,0,0.532470935397334
"566",566,"Kimberly","Ramirez","kramirezfp@reference.com","Female",434048,0.3,20,3,1,0.556083261460093
"567",567,"Joan","Elliott","jelliottfq@jigsy.com","Female",191006,0.3,6,12,1,0.454204280271936
"568",568,"James","Bowman","jbowmanfr@pbs.org","Male",87588,0.5,11,7,0,0.499463344003956
"569",569,"Mary","Cole","mcolefs@macromedia.com","Female",313544,0.9,17,10,0,0.467906175031811
"570",570,"Donald","Garcia","dgarciaft@yellowpages.com","Male",167290,1,20,9,1,0.479171533577132
"571",571,"Rebecca","Garza","rgarzafu@google.pl","Female",279412,0.7,7,7,0,0.483069080528935
"572",572,"Kevin","Turner","kturnerfv@purevolume.com","Male",254191,0.9,12,8,1,0.476203080947066
"573",573,"William","Bailey","wbaileyfw@who.int","Male",134183,0.8,10,9,0,0.468518098443192
"574",574,"Adam","Cox","acoxfx@joomla.org","Male",140596,0.2,15,12,0,0.475117887823521
"575",575,"Maria","Flores","mfloresfy@webs.com","Female",352611,0.8,8,8,1,0.47199159282753
"576",576,"Jeremy","Wheeler","jwheelerfz@cam.ac.uk","Male",107270,0.2,8,12,0,0.46232267950702
"577",577,"Bobby","Bradley","bbradleyg0@mayoclinic.com","Male",372995,0.6,18,3,1,0.541181893454144
"578",578,"Gregory","Garcia","ggarciag1@opera.com","Male",227835,1,6,10,0,0.444155397577011
"579",579,"Shawn","Burke","sburkeg2@scientificamerican.com","Male",159600,0,20,12,0,0.492007565974801
"580",580,"Denise","Sanders","dsandersg3@samsung.com","Female",425869,0,8,10,0,0.485188232505809
"581",581,"Eric","Hart","ehartg4@elpais.com","Male",351338,0.6,16,8,1,0.494588400932051
"582",582,"Philip","Burton","pburtong5@joomla.org","Male",411644,0.3,17,4,1,0.542048877978034
"583",583,"Billy","Cooper","bcooperg6@miibeian.gov.cn","Male",129439,0,14,6,0,0.532669989242333
"584",584,"Gregory","Arnold","garnoldg7@360.cn","Male",79597,0.6,8,9,1,0.472872923524169
"585",585,"Maria","Webb","mwebbg8@boston.com","Female",234616,0.3,16,4,0,0.541334905599573
"586",586,"Lois","Castillo","lcastillog9@digg.com","Female",428503,0.1,20,4,1,0.555235082983652
"587",587,"Julia","Schmidt","jschmidtga@npr.org","Female",444938,0.2,18,10,1,0.495932440214409
"588",588,"Jennifer","Cole","jcolegb@delicious.com","Female",471462,0.3,8,3,1,0.53353727597376
"589",589,"Angela","Ramos","aramosgc@examiner.com","Female",155748,0.9,12,10,1,0.459633158306662
"590",590,"Nancy","Edwards","nedwardsgd@usda.gov","Female",460999,0.1,11,3,0,0.546900150610725
"591",591,"Paul","Phillips","pphillipsge@bizjournals.com","Male",314667,0.5,10,11,0,0.461723382879622
"592",592,"Albert","Mcdonald","amcdonaldgf@meetup.com","Male",211303,0.3,9,4,1,0.528474951180347
"593",593,"Dennis","Richardson","drichardsongg@pen.io","Male",267899,0.5,13,9,0,0.484808284229682
"594",594,"Richard","Gonzales","rgonzalesgh@craigslist.org","Male",81585,0.6,7,8,1,0.479604634723945
"595",595,"Teresa","Jones","tjonesgi@nba.com","Female",380647,0.6,13,3,0,0.531839056175331
"596",596,"Kathy","Dunn","kdunngj@blog.com","Female",425000,0.6,16,11,1,0.468302374625992
"597",597,"Arthur","Moreno","amorenogk@newsvine.com","Male",50686,0.6,10,9,0,0.47677721110769
"598",598,"Evelyn","Lewis","elewisgl@prnewswire.com","Female",341527,0.5,14,3,1,0.537810287666665
"599",599,"Henry","Grant","hgrantgm@uiuc.edu","Male",165856,0.6,5,9,1,0.466739140484933
"600",600,"Evelyn","Franklin","efranklingn@nydailynews.com","Female",321970,0.8,20,6,1,0.511700257893936
"601",601,"Terry","Griffin","tgriffingo@miitbeian.gov.cn","Male",148307,0.7,10,9,1,0.472286371780877
"602",602,"Johnny","Williams","jwilliamsgp@newsvine.com","Male",417550,0.1,18,5,1,0.542985326574061
"603",603,"Elizabeth","Franklin","efranklingq@geocities.jp","Female",495763,0.6,5,7,1,0.481812369634734
"604",604,"Jane","Ray","jraygr@xing.com","Female",238618,0.7,11,4,0,0.516577261942489
"605",605,"Philip","Sullivan","psullivangs@alexa.com","Male",97387,0.7,6,12,0,0.439371231819977
"606",606,"William","Griffin","wgriffingt@tamu.edu","Male",261999,0.1,16,10,1,0.497257619998079
"607",607,"Earl","Simpson","esimpsongu@oaic.gov.au","Male",138726,0.9,15,9,0,0.473922478355792
"608",608,"Deborah","Weaver","dweavergv@earthlink.net","Female",406535,0.4,10,12,1,0.456385710046843
"609",609,"Joe","Dunn","jdunngw@foxnews.com","Male",387713,0.1,12,9,0,0.49761327888559
"610",610,"Gloria","Gardner","ggardnergx@networksolutions.com","Female",251210,0.8,5,7,0,0.47567449526039
"611",611,"Denise","Riley","drileygy@cpanel.net","Female",499869,0.9,6,7,0,0.472065684959383
"612",612,"Stephen","Allen","sallengz@themeforest.net","Male",448533,0.7,14,11,1,0.460573260282791
"613",613,"Jonathan","Harris","jharrish0@t-online.de","Male",375039,0.8,20,11,0,0.468340914949947
"614",614,"Adam","Hill","ahillh1@nymag.com","Male",267519,0.8,17,5,1,0.515079572039271
"615",615,"Peter","Gomez","pgomezh2@paypal.com","Male",115674,0.3,11,8,0,0.498397700613824
"616",616,"Gregory","Crawford","gcrawfordh3@soup.io","Male",295910,0,16,8,1,0.518104421734285
"617",617,"Carlos","Burke","cburkeh4@economist.com","Male",206771,0.6,19,5,1,0.526908928177949
"618",618,"Wayne","Jenkins","wjenkinsh5@businesswire.com","Male",483122,0,14,12,1,0.478763577196233
"619",619,"Ronald","Hawkins","rhawkinsh6@amazon.co.uk","Male",303401,0.2,17,9,0,0.503592213373016
"620",620,"Bruce","Burns","bburnsh7@yellowpages.com","Male",473115,0.9,9,7,0,0.477814696517273
"621",621,"Charles","Greene","cgreeneh8@harvard.edu","Male",120879,0.9,6,12,0,0.43150012373893
"622",622,"Wayne","Fields","wfieldsh9@creativecommons.org","Male",243048,0.9,6,8,0,0.465123104399482
"623",623,"Janet","Perkins","jperkinsha@sciencedirect.com","Female",187183,0.5,17,6,0,0.518574609447593
"624",624,"Harry","Johnson","hjohnsonhb@yahoo.co.jp","Male",280475,0.2,11,7,0,0.509794903290773
"625",625,"Raymond","Ross","rrosshc@shareasale.com","Male",485407,0.9,13,10,1,0.459360187470783
"626",626,"Christine","Kelley","ckelleyhd@vk.com","Female",344419,0.2,16,11,0,0.484261835850835
"627",627,"Larry","Austin","laustinhe@storify.com","Male",409590,0.8,10,4,0,0.509753448494034
"628",628,"Sara","Boyd","sboydhf@edublogs.org","Female",225138,0.4,14,7,0,0.508009534351702
"629",629,"Debra","Lawrence","dlawrencehg@liveinternet.ru","Female",315990,0.6,13,9,1,0.480637715997249
"630",630,"Brandon","Myers","bmyershh@economist.com","Male",395384,0.4,6,5,0,0.509245791516668
"631",631,"Lillian","White","lwhitehi@ocn.ne.jp","Female",287401,0.3,14,9,1,0.494260055903891
"632",632,"Harold","Lane","hlanehj@moonfruit.com","Male",353163,0.4,13,3,0,0.539735977343574
"633",633,"Susan","Garcia","sgarciahk@w3.org","Female",156237,1,15,12,1,0.444139933876262
"634",634,"Denise","Day","ddayhl@spiegel.de","Female",200779,0.9,10,9,0,0.464227873101906
"635",635,"Dennis","Edwards","dedwardshm@ebay.co.uk","Male",359377,0.1,11,12,1,0.470128120899408
"636",636,"Fred","Gonzales","fgonzaleshn@google.fr","Male",165813,0.7,19,8,1,0.497504456192206
"637",637,"Joe","Fuller","jfullerho@uiuc.edu","Male",394328,0.7,6,10,1,0.454657625857671
"638",638,"Judith","Lawson","jlawsonhp@pagesperso-orange.fr","Female",481623,0.3,16,3,1,0.548340945487563
"639",639,"Christopher","Hamilton","chamiltonhq@indiatimes.com","Male",458755,0.9,13,9,0,0.468135762335895
"640",640,"Randy","Martin","rmartinhr@cam.ac.uk","Male",118350,0.1,19,10,0,0.503762498496763
"641",641,"Linda","Chapman","lchapmanhs@dailymotion.com","Female",255210,0.3,16,9,0,0.498185552637212
"642",642,"Jeffrey","Gutierrez","jgutierrezht@columbia.edu","Male",56312,0.4,14,4,1,0.534910910514929
"643",643,"Jason","Welch","jwelchhu@go.com","Male",410680,0.2,14,9,0,0.497322510721346
"644",644,"Amy","Howard","ahowardhv@archive.org","Female",112253,0.5,18,10,1,0.486504843343343
"645",645,"Craig","Reynolds","creynoldshw@berkeley.edu","Male",53072,1,5,5,0,0.48644296719894
"646",646,"Earl","Carter","ecarterhx@ca.gov","Male",472995,0.8,18,5,1,0.515609593840448
"647",647,"Jason","Garrett","jgarretthy@jigsy.com","Male",313379,0.8,11,4,0,0.512234240043852
"648",648,"Annie","George","ageorgehz@friendfeed.com","Female",225693,0.7,16,9,0,0.482938007563167
"649",649,"Phyllis","Fuller","pfulleri0@163.com","Female",103245,0.2,13,4,0,0.540467964587845
"650",650,"Betty","Ramirez","bramirezi1@yahoo.co.jp","Female",169440,0.3,19,12,0,0.478506460930839
"651",651,"Ryan","Lawson","rlawsoni2@fema.gov","Male",93443,0.2,16,10,1,0.494487935508512
"652",652,"Beverly","Ruiz","bruizi3@trellian.com","Female",282319,0.3,13,5,1,0.526847195939164
"653",653,"Jeffrey","Wells","jwellsi4@lulu.com","Male",139818,0.8,5,11,0,0.441981828317097
"654",654,"Martin","Hicks","mhicksi5@umn.edu","Male",393335,0.5,7,12,1,0.447035447205939
"655",655,"Daniel","Payne","dpaynei6@topsy.com","Male",301344,0.9,17,5,1,0.511001250676058
"656",656,"Jean","Grant","jgranti7@123-reg.co.uk","Female",187062,0.7,9,9,0,0.470177102459985
"657",657,"Timothy","Peters","tpetersi8@bluehost.com","Male",198403,0.9,17,8,0,0.485857175431594
"658",658,"Matthew","Hall","mhalli9@psu.edu","Male",83248,0.2,13,7,1,0.514787556501624
"659",659,"Mark","Young","myoungia@ucsd.edu","Male",175446,0.7,13,8,1,0.486290137786015
"660",660,"Doris","Vasquez","dvasquezib@storify.com","Female",252821,0.8,18,8,0,0.4912235711138
"661",661,"Paula","Harrison","pharrisonic@princeton.edu","Female",88021,0.9,18,12,0,0.454016649198895
"662",662,"Sarah","Weaver","sweaverid@e-recht24.de","Female",199606,0.2,15,9,1,0.500546029885009
"663",663,"Diana","Thomas","dthomasie@nifty.com","Female",492959,0.6,16,11,0,0.467862937854279
"664",664,"Lillian","Adams","ladamsif@unblog.fr","Female",197098,0.4,7,9,0,0.477973670498595
"665",665,"Robin","Hawkins","rhawkinsig@themeforest.net","Female",102886,0.8,5,12,1,0.433617400580292
"666",666,"Nicholas","Lane","nlaneih@intel.com","Male",188703,0.6,8,7,1,0.489373897029112
"667",667,"Janice","Wallace","jwallaceii@photobucket.com","Female",272672,1,5,3,1,0.502229463936219
"668",668,"Laura","Mills","lmillsij@stumbleupon.com","Female",92396,0.6,20,4,0,0.538110409451569
"669",669,"Chris","Wells","cwellsik@mozilla.org","Male",51189,0.6,9,10,0,0.466312049439546
"670",670,"Michelle","Marshall","mmarshallil@prnewswire.com","Female",78433,0.8,10,12,0,0.443068876555989
"671",671,"Dorothy","Gibson","dgibsonim@hatena.ne.jp","Female",244815,0.5,16,7,1,0.507740039999299
"672",672,"Laura","Wagner","lwagnerin@sbwire.com","Female",345520,0.6,8,3,1,0.522772836646296
"673",673,"Kathy","Moore","kmooreio@amazon.co.jp","Female",406028,0.5,6,4,1,0.513920600823765
"674",674,"Rebecca","Crawford","rcrawfordip@diigo.com","Female",57181,0.8,8,3,1,0.516918091489366
"675",675,"Jimmy","Mason","jmasoniq@kickstarter.com","Male",337833,0.5,11,4,0,0.523654921503891
"676",676,"Earl","Oliver","eoliverir@toplist.cz","Male",490857,0.6,6,10,0,0.457893051637666
"677",677,"Chris","Stanley","cstanleyis@mediafire.com","Male",173359,0.6,19,10,0,0.484108789039998
"678",678,"Bonnie","Hall","bhallit@home.pl","Female",265644,0.8,16,12,0,0.453010361461228
"679",679,"Dorothy","Fields","dfieldsiu@digg.com","Female",493924,0.9,13,7,0,0.485114827581302
"680",680,"Cheryl","Gordon","cgordoniv@dedecms.com","Female",299513,0.2,18,6,0,0.531285738323569
"681",681,"Clarence","Garcia","cgarciaiw@jugem.jp","Male",102429,0.8,14,3,1,0.527777538142465
"682",682,"Ann","Rodriguez","arodriguezix@lulu.com","Female",109104,0.1,17,10,0,0.500104941867174
"683",683,"Antonio","Bell","abelliy@washingtonpost.com","Male",495689,0.2,18,10,0,0.495604273884692
"684",684,"Kevin","Richardson","krichardsoniz@homestead.com","Male",341275,0.7,15,11,0,0.463125483990485
"685",685,"Justin","Armstrong","jarmstrongj0@desdev.cn","Male",410409,0.6,20,8,0,0.501641122090706
"686",686,"Ashley","Gonzalez","agonzalezj1@delicious.com","Female",323723,0.8,12,6,0,0.496819550023209
"687",687,"Kimberly","King","kkingj2@youtube.com","Female",299857,0.9,13,5,1,0.503576179614338
"688",688,"Diane","Patterson","dpattersonj3@europa.eu","Female",419915,0.2,7,5,0,0.518665044649921
"689",689,"Ernest","Austin","eaustinj4@house.gov","Male",295402,0.2,19,11,0,0.490154804512989
"690",690,"Bonnie","Hill","bhillj5@qq.com","Female",320887,0.4,11,10,1,0.476004674262788
"691",691,"Shawn","Greene","sgreenej6@kickstarter.com","Male",367272,0.8,14,12,1,0.448635870906377
"692",692,"Willie","Marshall","wmarshallj7@harvard.edu","Male",194849,0.6,9,8,0,0.482589589724315
"693",693,"Martin","Burns","mburnsj8@ucla.edu","Male",288577,0.1,12,3,1,0.549873738049373
"694",694,"Joe","Howell","jhowellj9@sohu.com","Male",191364,0.5,9,7,0,0.495074964042468
"695",695,"Earl","Marshall","emarshallja@nature.com","Male",476223,0.8,16,5,1,0.511871377779579
"696",696,"Stephen","Harvey","sharveyjb@cdbaby.com","Male",100035,1,5,11,0,0.434519869307256
"697",697,"Billy","Morales","bmoralesjc@ow.ly","Male",374989,1,10,5,1,0.493654744023408
"698",698,"Todd","Cruz","tcruzjd@nytimes.com","Male",303863,0.6,18,9,1,0.490009489539889
"699",699,"Janet","Freeman","jfreemanje@mysql.com","Female",376141,0.8,7,4,1,0.504393721828027
"700",700,"Phillip","Perkins","pperkinsjf@howstuffworks.com","Male",197087,0.3,6,4,1,0.522990860008824
"701",701,"Bonnie","Lynch","blynchjg@microsoft.com","Female",495676,0.3,15,10,0,0.486168741208908
"702",702,"Ronald","Daniels","rdanielsjh@phoca.cz","Male",427252,0.3,16,3,0,0.548692519476509
"703",703,"Ruby","Jordan","rjordanji@umich.edu","Female",315592,0.5,10,5,1,0.513336827184234
"704",704,"Barbara","Dean","bdeanjj@slate.com","Female",157444,0.2,14,9,0,0.498959986409946
"705",705,"Howard","Webb","hwebbjk@hud.gov","Male",66184,0.9,15,12,0,0.448581836969635
"706",706,"Samuel","Murray","smurrayjl@pagesperso-orange.fr","Male",414522,0.7,14,6,0,0.503809370306999
"707",707,"Adam","Fernandez","afernandezjm@deliciousdays.com","Male",72102,0.2,15,12,0,0.475560784014485
"708",708,"Kathryn","Burton","kburtonjn@examiner.com","Female",305783,1,10,8,0,0.468292531380016
"709",709,"Thomas","Graham","tgrahamjo@google.ca","Male",350114,0.7,16,5,1,0.516546426331845
"710",710,"Ashley","Simpson","asimpsonjp@abc.net.au","Female",119155,0.2,9,7,0,0.507120688199782
"711",711,"Douglas","Collins","dcollinsjq@bbc.co.uk","Male",76891,0.7,13,12,1,0.452514464179315
"712",712,"Jane","Henderson","jhendersonjr@washington.edu","Female",386023,0.8,8,5,0,0.497585256784312
"713",713,"Kenneth","Rodriguez","krodriguezjs@clickbank.net","Male",176046,0.4,6,9,0,0.47625112545272
"714",714,"Benjamin","Carpenter","bcarpenterjt@si.edu","Male",364235,1,16,8,1,0.479066598272764
"715",715,"Anna","Martin","amartinju@cmu.edu","Female",267297,0.6,18,9,1,0.490245932762927
"716",716,"Paula","Barnes","pbarnesjv@instagram.com","Female",79126,0.4,17,6,0,0.523132930081512
"717",717,"Alice","Hamilton","ahamiltonjw@ning.com","Female",482327,0.5,19,5,0,0.528986728817351
"718",718,"Jonathan","Murphy","jmurphyjx@dailymail.co.uk","Male",331693,0.9,16,9,0,0.474533385905396
"719",719,"Douglas","Gray","dgrayjy@aol.com","Male",263625,0.4,13,7,0,0.505901997973538
"720",720,"George","Butler","gbutlerjz@slashdot.org","Male",294470,0.7,7,11,1,0.448558762063648
"721",721,"Roger","Fuller","rfullerk0@bravesites.com","Male",197802,0.6,9,10,1,0.465364019842123
"722",722,"Doris","Hall","dhallk1@live.com","Female",74949,0.7,9,8,0,0.479505285602845
"723",723,"Jesse","Riley","jrileyk2@ftc.gov","Male",216923,0.2,9,8,1,0.497885262756274
"724",724,"Barbara","Hamilton","bhamiltonk3@abc.net.au","Female",477263,0.7,18,8,0,0.493631885315047
"725",725,"Timothy","Roberts","trobertsk4@seesaa.net","Male",97010,0,10,7,0,0.516841757880607
"726",726,"Julia","Rivera","jriverak5@pbs.org","Female",188534,0,15,7,1,0.525543302890972
"727",727,"John","Hicks","jhicksk6@e-recht24.de","Male",217284,0.3,15,11,0,0.47936564313996
"728",728,"Lisa","Hernandez","lhernandezk7@nasa.gov","Female",474644,0.3,8,11,0,0.464690799787301
"729",729,"Joan","Wells","jwellsk8@bing.com","Female",201454,0.7,11,11,0,0.456594908821556
"730",730,"Marilyn","Porter","mporterk9@bigcartel.com","Female",494544,0.5,19,7,1,0.511701256019385
"731",731,"Todd","Henry","thenryka@npr.org","Male",380713,0.1,16,5,0,0.539506178984751
"732",732,"Joshua","Cox","jcoxkb@domainmarket.com","Male",235791,1,19,11,0,0.459663445364726
"733",733,"Heather","Clark","hclarkkc@linkedin.com","Female",113074,0.4,7,9,1,0.478516986840896
"734",734,"Melissa","Ellis","melliskd@gov.uk","Female",456784,0.6,9,4,1,0.515308814887652
"735",735,"Adam","Nelson","anelsonke@imdb.com","Male",370786,0.5,14,9,0,0.486001667454265
"736",736,"Kathryn","Rodriguez","krodriguezkf@reddit.com","Female",399384,1,16,4,1,0.513252268023422
"737",737,"Marilyn","Powell","mpowellkg@nytimes.com","Female",380106,0.2,7,8,0,0.493112745001451
"738",738,"Melissa","Stone","mstonekh@java.com","Female",403681,0.4,5,6,0,0.498730232252934
"739",739,"Adam","Martin","amartinki@vinaora.com","Male",400129,0.1,19,8,0,0.519146933122646
"740",740,"Irene","Knight","iknightkj@bizjournals.com","Female",240790,0.4,20,11,0,0.48464740442218
"741",741,"Cynthia","Collins","ccollinskk@pbs.org","Female",333499,0.2,7,4,1,0.527827065743269
"742",742,"Jeremy","Foster","jfosterkl@mozilla.org","Male",468109,0.1,18,10,1,0.499642213802632
"743",743,"Anne","Jordan","ajordankm@clickbank.net","Female",85430,0.2,7,8,0,0.495018180192396
"744",744,"Sean","Dean","sdeankn@1und1.de","Male",63703,0.2,12,6,1,0.521658504476592
"745",745,"Bonnie","Fuller","bfullerko@gov.uk","Female",370838,0.8,9,10,1,0.456525929719122
"746",746,"Paul","Martin","pmartinkp@cornell.edu","Male",99517,0.6,12,9,1,0.480178803043739
"747",747,"Andrew","Peters","apeterskq@w3.org","Male",229210,0.7,8,5,1,0.502458843670554
"748",748,"Randy","Mcdonald","rmcdonaldkr@businessinsider.com","Male",278408,1,6,6,1,0.478241332593979
"749",749,"Victor","Ray","vrayks@microsoft.com","Male",336796,0.2,6,3,0,0.534550312681738
"750",750,"Virginia","Mccoy","vmccoykt@nbcnews.com","Female",364251,0.5,9,11,1,0.459544091033371
"751",751,"Jacqueline","Perez","jperezku@fastcompany.com","Female",238812,0.8,8,12,1,0.438314490037763
"752",752,"Laura","Riley","lrileykv@msu.edu","Female",312839,0.1,13,11,0,0.482749625855072
"753",753,"Lillian","Perkins","lperkinskw@about.me","Female",428549,0,5,7,1,0.505404601119754
"754",754,"Brenda","Evans","bevanskx@cbsnews.com","Female",377704,0.1,10,9,0,0.493960655969811
"755",755,"Melissa","Allen","mallenky@quantcast.com","Female",229154,0.2,17,4,1,0.547088497589703
"756",756,"Paul","Hernandez","phernandezkz@patch.com","Male",296145,0.8,17,7,0,0.49768799529647
"757",757,"Larry","Bryant","lbryantl0@google.pl","Male",362311,0.2,13,7,1,0.512983078156965
"758",758,"Jennifer","Morrison","jmorrisonl1@gravatar.com","Female",310467,0.7,17,5,1,0.51866146350689
"759",759,"Billy","Crawford","bcrawfordl2@toplist.cz","Male",469352,0,5,8,1,0.496537522998906
"760",760,"Jacqueline","Rodriguez","jrodriguezl3@intel.com","Female",58174,0.5,6,5,1,0.507566658231453
"761",761,"Ernest","Jackson","ejacksonl4@unicef.org","Male",271122,0.9,5,8,0,0.463082900605727
"762",762,"Amy","Carpenter","acarpenterl5@mashable.com","Female",365238,0.7,8,12,1,0.441356595710577
"763",763,"Catherine","Schmidt","cschmidtl6@instagram.com","Female",461418,0.2,9,8,0,0.496304308158648
"764",764,"Anthony","Walker","awalkerl7@freewebs.com","Male",479307,0.5,9,8,0,0.484609828213866
"765",765,"Lawrence","Lopez","llopezl8@wordpress.org","Male",460833,0.4,6,10,1,0.465806396964595
"766",766,"Wanda","Warren","wwarrenl9@shop-pro.jp","Female",313466,0,8,8,0,0.503121528438473
"767",767,"Bruce","Alvarez","balvarezla@microsoft.com","Male",76488,0.8,18,6,0,0.509570251481427
"768",768,"Kenneth","Hughes","khugheslb@unblog.fr","Male",136316,0.6,17,7,0,0.506440686260507
"769",769,"David","Howell","dhowelllc@unc.edu","Male",69864,0.8,12,9,1,0.472651341385279
"770",770,"Edward","Simpson","esimpsonld@pinterest.com","Male",407431,0.1,15,12,1,0.477252080229814
"771",771,"Christine","Duncan","cduncanle@techcrunch.com","Female",480270,0.7,18,3,1,0.536628629391915
"772",772,"Rebecca","Bennett","rbennettlf@amazonaws.com","Female",99338,0.7,19,9,0,0.489331059526292
"773",773,"Eric","Freeman","efreemanlg@tinypic.com","Male",396771,0.5,5,8,1,0.477708836536931
"774",774,"Anna","Daniels","adanielslh@last.fm","Female",331797,0.9,14,3,1,0.522434795809974
"775",775,"Rose","Holmes","rholmesli@utexas.edu","Female",253539,0.9,20,5,1,0.516886382298712
"776",776,"Michael","Mccoy","mmccoylj@ca.gov","Male",475789,0,10,5,0,0.531598970698396
"777",777,"Sara","Lane","slanelk@delicious.com","Female",144050,0.8,12,12,0,0.446361926788216
"778",778,"Doris","Sanders","dsandersll@senate.gov","Female",157953,1,6,12,0,0.427400793678247
"779",779,"Joshua","Stephens","jstephenslm@hostgator.com","Male",294441,0.8,12,4,0,0.514215368595971
"780",780,"Russell","White","rwhiteln@ning.com","Male",337097,0.4,16,4,0,0.536812640520314
"781",781,"Elizabeth","Bishop","ebishoplo@hud.gov","Female",138794,0.9,17,11,0,0.460432906626426
"782",782,"Kathy","Fields","kfieldslp@reuters.com","Female",449976,0.1,11,8,0,0.50395523962678
"783",783,"Daniel","Porter","dporterlq@wired.com","Male",84956,0.7,15,8,1,0.490592607758408
"784",784,"Virginia","Ruiz","vruizlr@com.com","Female",50243,0.2,12,10,0,0.487332589222885
"785",785,"Diana","Holmes","dholmesls@tripod.com","Female",253788,0.7,6,11,0,0.446963148606359
"786",786,"Phillip","Rose","proselt@wufoo.com","Male",254057,0.6,19,7,0,0.509396692064642
"787",787,"Jeremy","Gilbert","jgilbertlu@buzzfeed.com","Male",223199,0.3,14,11,1,0.477468723965231
"788",788,"Lisa","Long","llonglv@blog.com","Female",101192,0.3,13,4,0,0.536621637699175
"789",789,"Gary","Rice","gricelw@tripadvisor.com","Male",401662,0,15,10,1,0.498355460948959
"790",790,"Randy","Frazier","rfrazierlx@newyorker.com","Male",237580,0.8,7,11,0,0.445067022415086
"791",791,"Robert","Spencer","rspencerly@europa.eu","Male",244781,0.1,13,3,1,0.552015603505673
"792",792,"Jeffrey","Perkins","jperkinslz@nps.gov","Male",276707,0.1,12,11,0,0.481124591168641
"793",793,"Nicholas","Fox","nfoxm0@wisc.edu","Male",378693,0.3,5,8,1,0.485544936588401
"794",794,"Samuel","Bowman","sbowmanm1@seattletimes.com","Male",343071,0.4,13,10,1,0.479578571142345
"795",795,"Nicholas","Ferguson","nfergusonm2@bandcamp.com","Male",344059,0.3,6,5,1,0.513437271453507
"796",796,"Christopher","Owens","cowensm3@hostgator.com","Male",289115,0.8,15,7,0,0.494016109558358
"797",797,"Christine","Kelly","ckellym4@eepurl.com","Female",262130,0.2,18,8,0,0.514320989254277
"798",798,"Johnny","Murphy","jmurphym5@themeforest.net","Male",249061,0.6,20,6,1,0.519890906388288
"799",799,"Gloria","Harris","gharrism6@ning.com","Female",139936,0.3,10,10,1,0.479175670809339
"800",800,"Carl","Bryant","cbryantm7@squidoo.com","Male",281709,0.1,6,6,1,0.512956405707052
"801",801,"Ruth","Henry","rhenrym8@nature.com","Female",121337,0.4,5,7,1,0.491952688623012
"802",802,"Helen","Harvey","hharveym9@sitemeter.com","Female",188710,0.8,13,5,0,0.508154480819257
"803",803,"Kenneth","Murphy","kmurphyma@mapy.cz","Male",275233,0.4,10,11,1,0.465837973182234
"804",804,"Alan","Snyder","asnydermb@vk.com","Male",162258,0.9,20,7,1,0.500270148703777
"805",805,"Nancy","King","nkingmc@sphinn.com","Female",286830,0.2,5,8,0,0.489998543511389
"806",806,"Maria","Woods","mwoodsmd@weebly.com","Female",335366,0.7,5,12,1,0.435973739432121
"807",807,"Johnny","Howard","jhowardme@studiopress.com","Male",439587,0.9,7,3,0,0.508727102620578
"808",808,"Sara","Stewart","sstewartmf@washington.edu","Female",112032,0.5,10,9,1,0.480240137350305
"809",809,"Paul","Richards","prichardsmg@google.com.hk","Male",370253,0.1,17,4,0,0.550035724648186
"810",810,"Larry","Reid","lreidmh@utexas.edu","Male",261717,0.7,18,9,1,0.486422412176496
"811",811,"Rose","Fuller","rfullermi@t.co","Female",479405,0,19,3,1,0.565510108276746
"812",812,"Charles","Perry","cperrymj@cnn.com","Male",189106,0.5,13,4,1,0.528333963810695
"813",813,"Ann","Duncan","aduncanmk@ucoz.ru","Female",459715,0.6,13,11,1,0.462501885616409
"814",814,"Joan","Hamilton","jhamiltonml@mapquest.com","Female",278622,0.8,9,12,1,0.439915742025121
"815",815,"Irene","Alexander","ialexandermm@goo.ne.jp","Female",191812,0.9,15,3,1,0.525198638982755
"816",816,"Steve","Wheeler","swheelermn@examiner.com","Male",437989,0.7,8,4,0,0.509712073612974
"817",817,"Steve","Brown","sbrownmo@tinyurl.com","Male",208619,0.1,19,8,1,0.520385275890356
"818",818,"Albert","Carroll","acarrollmp@whitehouse.gov","Male",339514,0.1,7,8,0,0.497234823168534
"819",819,"Rose","Morris","rmorrismq@nifty.com","Female",56387,0.9,6,5,0,0.492139805314744
"820",820,"Henry","Snyder","hsnydermr@goo.ne.jp","Male",327272,0.1,12,5,1,0.53241705309641
"821",821,"Todd","Campbell","tcampbellms@slideshare.net","Male",353555,0.8,13,3,1,0.524295034567897
"822",822,"Samuel","Anderson","sandersonmt@booking.com","Male",146494,0.1,18,6,1,0.536134792431049
"823",823,"Roy","Stephens","rstephensmu@unicef.org","Male",119849,0.7,8,7,0,0.485959519047684
"824",824,"Julia","Morrison","jmorrisonmv@hatena.ne.jp","Female",56513,0.8,7,7,1,0.480650788974597
"825",825,"Ralph","Stevens","rstevensmw@tmall.com","Male",348110,0.6,7,8,1,0.477881229647636
"826",826,"Richard","Holmes","rholmesmx@bravesites.com","Male",305685,0.5,13,5,0,0.518976902599846
"827",827,"Jose","Holmes","jholmesmy@mac.com","Male",473300,0.1,18,9,1,0.508211885327177
"828",828,"Emily","Cruz","ecruzmz@artisteer.com","Female",499660,0.9,9,11,0,0.443230100764259
"829",829,"Barbara","Perez","bperezn0@rakuten.co.jp","Female",84607,0.5,16,3,1,0.543188928005253
"830",830,"Michael","Anderson","mandersonn1@dion.ne.jp","Male",312064,0.1,12,6,0,0.523912153539408
"831",831,"Eric","Webb","ewebbn2@biglobe.ne.jp","Male",182886,1,13,11,0,0.448853510437242
"832",832,"Janice","Gardner","jgardnern3@edublogs.org","Female",464785,0.8,18,8,1,0.489852968605237
"833",833,"Jimmy","Davis","jdavisn4@cornell.edu","Male",128071,1,9,5,0,0.493392694656984
"834",834,"Russell","Carr","rcarrn5@wordpress.com","Male",72881,0.4,19,6,0,0.526890654680473
"835",835,"Heather","Robertson","hrobertsonn6@naver.com","Female",218495,0.4,14,12,1,0.46503630139333
"836",836,"Nicholas","Carter","ncartern7@ca.gov","Male",236616,0.4,17,12,0,0.470495142037425
"837",837,"Alice","Mason","amasonn8@t-online.de","Female",245166,0.1,14,7,0,0.519458835231562
"838",838,"Charles","Nguyen","cnguyenn9@accuweather.com","Male",413567,0.2,8,12,0,0.460342100556984
"839",839,"Ralph","Butler","rbutlerna@walmart.com","Male",288017,0.2,18,6,0,0.531360073807134
"840",840,"Rachel","Hunt","rhuntnb@merriam-webster.com","Female",282072,0.4,15,5,0,0.526706534239384
"841",841,"Adam","Carpenter","acarpenternc@infoseek.co.jp","Male",365355,0.6,18,4,0,0.532628057663702
"842",842,"Doris","Young","dyoungnd@nih.gov","Female",136461,0.4,7,11,0,0.461159286541936
"843",843,"Jane","Ramos","jramosne@engadget.com","Female",330445,0.3,15,9,1,0.495840396186843
"844",844,"Carl","White","cwhitenf@nymag.com","Male",113391,0.5,12,9,1,0.483948692932475
"845",845,"Helen","Hicks","hhicksng@boston.com","Female",67497,0.9,11,3,1,0.51856779885139
"846",846,"Jerry","Romero","jromeronh@yandex.ru","Male",62008,0.6,5,8,0,0.476013880450021
"847",847,"Philip","Bradley","pbradleyni@odnoklassniki.ru","Male",446877,0.8,9,12,0,0.438827770836247
"848",848,"Randy","Lynch","rlynchnj@yahoo.com","Male",328935,0.9,6,8,1,0.464567741518743
"849",849,"Kathleen","Carter","kcarternk@state.tx.us","Female",223468,0.9,15,12,1,0.447564806507118
"850",850,"Annie","King","akingnl@google.es","Female",104834,0.7,9,8,0,0.479312043090114
"851",851,"Jason","Carroll","jcarrollnm@example.com","Male",132085,0.8,12,10,0,0.463645770102723
"852",852,"Joan","Perry","jperrynn@hostgator.com","Female",104407,0.2,17,4,1,0.547895137165932
"853",853,"Dennis","Hansen","dhansenno@tinypic.com","Male",406289,0.3,9,11,0,0.466991468752725
"854",854,"Ralph","Peterson","rpetersonnp@google.com.au","Male",476415,0.4,17,8,1,0.503357503097091
"855",855,"Justin","Barnes","jbarnesnq@g.co","Male",422081,0.2,8,3,1,0.53771618560962
"856",856,"Bobby","Castillo","bcastillonr@flavors.me","Male",490985,0.6,17,8,1,0.495544086489979
"857",857,"Anne","Lewis","alewisns@census.gov","Female",320142,1,7,6,0,0.479830143604442
"858",858,"Maria","Bradley","mbradleynt@bandcamp.com","Female",202807,0.5,5,12,0,0.44455009700743
"859",859,"Brenda","Cole","bcolenu@cpanel.net","Female",303626,0.8,7,11,1,0.444639955492021
"860",860,"Betty","Nguyen","bnguyennv@opensource.org","Female",89553,0.7,18,10,0,0.478932422167031
"861",861,"Laura","Garza","lgarzanw@webnode.com","Female",288252,0.3,7,12,1,0.455434139354452
"862",862,"Jean","Alexander","jalexandernx@theguardian.com","Female",59294,0,8,11,1,0.47895534372246
"863",863,"Judith","Mason","jmasonny@bloglines.com","Female",339541,0.2,5,9,1,0.481054465830842
"864",864,"Russell","Garcia","rgarcianz@npr.org","Male",51741,0.4,9,7,1,0.499837396878389
"865",865,"Richard","Lawson","rlawsono0@loc.gov","Male",180069,0.3,17,12,0,0.474720388492633
"866",866,"Joseph","Dixon","jdixono1@geocities.com","Male",469001,0.9,6,7,1,0.472265283750849
"867",867,"Ruby","Murphy","rmurphyo2@drupal.org","Female",213151,0.9,12,6,0,0.493674929148895
"868",868,"Ruby","Cunningham","rcunninghamo3@livejournal.com","Female",276574,0.3,16,4,1,0.54106359660345
"869",869,"Billy","Alexander","balexandero4@illinois.edu","Male",425121,0.7,18,4,1,0.528381996497151
"870",870,"Gloria","Rose","groseo5@sun.com","Female",81170,0.9,16,8,0,0.484756556372566
"871",871,"Richard","Sullivan","rsullivano6@moonfruit.com","Male",441564,0.9,10,12,0,0.436861195350137
"872",872,"Paula","Allen","palleno7@unicef.org","Female",497114,0.6,19,11,0,0.47341208550633
"873",873,"Paul","Andrews","pandrewso8@europa.eu","Male",444732,0.2,11,9,0,0.491526308805152
"874",874,"Joyce","Bryant","jbryanto9@live.com","Female",373509,0.2,16,6,0,0.527089921923369
"875",875,"Sharon","Hawkins","shawkinsoa@netvibes.com","Female",290901,0.8,9,12,1,0.439836343503661
"876",876,"Michael","Powell","mpowellob@cyberchimps.com","Male",262102,0.3,15,3,1,0.547901741524475
"877",877,"Christopher","King","ckingoc@joomla.org","Male",348065,0.4,14,5,1,0.524421138448298
"878",878,"Adam","Cruz","acruzod@who.int","Male",61575,0,13,12,0,0.479630714604299
"879",879,"Adam","Reyes","areyesoe@seattletimes.com","Male",430318,0.6,14,11,1,0.464550644198331
"880",880,"Thomas","Hawkins","thawkinsof@blinklist.com","Male",413701,0.8,17,6,0,0.505531091785279
"881",881,"Jose","Lawson","jlawsonog@oracle.com","Male",311276,0.6,5,8,0,0.474402062659714
"882",882,"Christine","Nichols","cnicholsoh@digg.com","Female",230549,0.9,18,6,0,0.504714459589163
"883",883,"Shirley","Perry","sperryoi@cocolog-nifty.com","Female",200507,0.4,8,8,1,0.488413536375881
"884",884,"Sharon","Bennett","sbennettoj@tmall.com","Female",161544,0.2,10,12,1,0.46568907589357
"885",885,"Bobby","Henry","bhenryok@blogspot.com","Male",317632,0.9,5,10,1,0.445575682266885
"886",886,"Stephanie","Robertson","srobertsonol@infoseek.co.jp","Female",201397,0.1,20,8,1,0.522290646393984
"887",887,"Annie","Rivera","ariveraom@blogger.com","Female",311970,0.4,20,10,0,0.492790377597299
"888",888,"William","Tucker","wtuckeron@mapy.cz","Male",90491,0.2,5,5,1,0.517077824350967
"889",889,"Christine","Lee","cleeoo@flavors.me","Female",122892,0.5,20,7,1,0.515963105322223
"890",890,"Martin","Clark","mclarkop@go.com","Male",478967,0.7,5,4,0,0.503871086766442
"891",891,"Christopher","Greene","cgreeneoq@yahoo.co.jp","Male",376994,1,5,5,0,0.484348421399753
"892",892,"Anne","Romero","aromeroor@biglobe.ne.jp","Female",68067,0.3,12,4,1,0.534977159136693
"893",893,"Samuel","Jones","sjonesos@tiny.cc","Male",439383,0.6,14,11,0,0.464492028057193
"894",894,"Wanda","Richards","wrichardsot@about.me","Female",432967,0.4,13,6,1,0.513410235611275
"895",895,"Douglas","Gibson","dgibsonou@e-recht24.de","Male",413825,0.1,5,9,0,0.484433732323425
"896",896,"Sharon","Bryant","sbryantov@bloglovin.com","Female",194201,0.7,8,4,1,0.511288456604226
"897",897,"Matthew","Schmidt","mschmidtow@cyberchimps.com","Male",99903,0.9,11,3,1,0.518358255037854
"898",898,"James","Ortiz","jortizox@instagram.com","Male",91492,0.6,19,6,1,0.51905110814216
"899",899,"Edward","Fields","efieldsoy@123-reg.co.uk","Male",284204,0.5,11,8,1,0.48958874720698
"900",900,"Paula","Freeman","pfreemanoz@opensource.org","Female",183857,0.3,13,3,1,0.544690346518976
"901",901,"Christopher","Stewart","cstewartp0@about.com","Male",458012,0.6,18,3,1,0.540632156171065
"902",902,"Wayne","Cooper","wcooperp1@xing.com","Male",166722,0.7,15,12,1,0.455650941742871
"903",903,"Kathy","Lane","klanep2@lycos.com","Female",52820,0,6,11,0,0.475279862774809
"904",904,"Alice","Hudson","ahudsonp3@mozilla.org","Female",184385,0.1,5,10,1,0.477314100626129
"905",905,"Stephen","Willis","swillisp4@gizmodo.com","Male",304910,0.2,7,8,1,0.493598977693012
"906",906,"Thomas","Phillips","tphillipsp5@wp.com","Male",121453,0.1,9,9,1,0.493758955687253
"907",907,"Gary","Reynolds","greynoldsp6@amazon.co.uk","Male",158818,0.5,13,7,1,0.502720099431969
"908",908,"Kathleen","Green","kgreenp7@globo.com","Female",361117,0.7,11,7,0,0.489975445621566
"909",909,"Janice","Russell","jrussellp8@tripadvisor.com","Female",152741,0.8,16,6,0,0.505359840858331
"910",910,"Brandon","Sims","bsimsp9@furl.net","Male",97788,0.9,13,9,1,0.470469848669936
"911",911,"Christina","Clark","cclarkpa@amazon.com","Female",54928,0,16,12,1,0.485249710194196
"912",912,"Cheryl","Fuller","cfullerpb@dmoz.org","Female",497125,0.1,11,3,1,0.546666552517537
"913",913,"Amy","Carroll","acarrollpc@walmart.com","Female",470839,0.4,16,9,0,0.492931649484322
"914",914,"Deborah","Green","dgreenpd@ovh.net","Female",441408,0.4,13,3,1,0.539165367153314
"915",915,"Jerry","Riley","jrileype@scribd.com","Male",313279,0.1,8,8,1,0.499263135612753
"916",916,"Jean","Johnston","jjohnstonpf@sogou.com","Female",383179,0,16,9,0,0.508936884968748
"917",917,"Marie","Sims","msimspg@tinypic.com","Female",50083,0.3,8,11,1,0.467436097911691
"918",918,"Rachel","Kelley","rkelleyph@ucoz.ru","Female",173531,0.2,5,8,1,0.490731157981854
"919",919,"Ernest","Alexander","ealexanderpi@prweb.com","Male",327329,1,17,6,1,0.498370386763244
"920",920,"Howard","Ray","hraypj@bigcartel.com","Male",167990,0.1,7,6,1,0.515550407560129
"921",921,"Jack","Knight","jknightpk@utexas.edu","Male",95308,0.2,18,12,1,0.480986744010186
"922",922,"Phillip","Owens","powenspl@prlog.org","Male",176920,0.4,11,4,1,0.528555019827382
"923",923,"Alan","Romero","aromeropm@icq.com","Male",392236,0.7,12,6,1,0.500236132980272
"924",924,"Mark","Lynch","mlynchpn@tamu.edu","Male",284749,0.9,7,6,1,0.483918603975852
"925",925,"Willie","Jenkins","wjenkinspo@altervista.org","Male",411481,0.1,6,3,1,0.537926986226434
"926",926,"Peter","Wallace","pwallacepp@amazon.de","Male",134125,0.4,12,4,1,0.530690412613271
"927",927,"Dorothy","Stanley","dstanleypq@ibm.com","Female",363664,0.9,10,8,0,0.471777863020209
"928",928,"Ralph","Rodriguez","rrodriguezpr@pcworld.com","Male",336553,0,13,9,0,0.503662363475578
"929",929,"Mildred","Ortiz","mortizps@mozilla.org","Female",203671,0.2,18,3,1,0.557715185038942
"930",930,"Bobby","Mccoy","bmccoypt@nps.gov","Male",382270,0.3,14,12,0,0.467836900805212
"931",931,"Brandon","Bennett","bbennettpu@ox.ac.uk","Male",85959,0.2,19,3,1,0.560335006445417
"932",932,"Carlos","Young","cyoungpv@cdbaby.com","Male",128710,0.6,18,4,0,0.534158252558303
"933",933,"Victor","West","vwestpw@senate.gov","Male",473914,0.5,20,6,1,0.522296562979606
"934",934,"Martin","Griffin","mgriffinpx@bigcartel.com","Male",66871,0,10,7,1,0.517036642809206
"935",935,"Sara","Marshall","smarshallpy@blogger.com","Female",486939,0.4,9,4,1,0.522833030511599
"936",936,"Roger","Ortiz","rortizpz@stumbleupon.com","Male",150021,1,10,5,0,0.495109433051481
"937",937,"Virginia","Lane","vlaneq0@nasa.gov","Female",78451,0.6,10,8,0,0.485200914538462
"938",938,"Wanda","Johnson","wjohnsonq1@wsj.com","Female",309382,0.4,8,3,0,0.530725716345747
"939",939,"Shirley","Stewart","sstewartq2@histats.com","Female",260992,0.9,17,4,0,0.519865412538808
"940",940,"Jack","Mitchell","jmitchellq3@stumbleupon.com","Male",398607,0.3,16,8,1,0.505861555943103
"941",941,"Shawn","Morrison","smorrisonq4@japanpost.jp","Male",480098,0.3,12,12,0,0.463486981826347
"942",942,"Fred","Bell","fbellq5@about.me","Male",214063,0.2,13,11,1,0.47952872963593
"943",943,"Gerald","Fowler","gfowlerq6@seesaa.net","Male",383367,0.9,13,5,0,0.503036186900999
"944",944,"Mary","Mcdonald","mmcdonaldq7@digg.com","Female",333838,0,8,6,1,0.520196274107533
"945",945,"Rebecca","Ruiz","rruizq8@1688.com","Female",169965,1,6,4,1,0.496149022357982
"946",946,"Gerald","Ferguson","gfergusonq9@amazon.co.jp","Male",114081,0.4,12,8,1,0.496407070848063
"947",947,"Alice","Little","alittleqa@bbc.co.uk","Female",201731,0.8,14,5,1,0.509928955951119
"948",948,"Paul","Mills","pmillsqb@foxnews.com","Male",345905,1,5,3,0,0.501755924403517
"949",949,"Benjamin","Porter","bporterqc@photobucket.com","Male",196898,0.5,14,11,1,0.469919587590269
"950",950,"Patricia","Bishop","pbishopqd@cbsnews.com","Female",117879,0.2,8,11,1,0.470857317137171
"951",951,"Lawrence","Anderson","landersonqe@ftc.gov","Male",327228,0.7,13,3,1,0.528324872331966
"952",952,"Norma","Ramos","nramosqf@qq.com","Female",59364,0.8,19,12,1,0.45992022479561
"953",953,"Sarah","Banks","sbanksqg@vistaprint.com","Female",470513,0.4,15,8,1,0.499678323480634
"954",954,"Catherine","Watson","cwatsonqh@fotki.com","Female",475169,0.5,10,4,1,0.520908207306054
"955",955,"Janet","Fisher","jfisherqi@home.pl","Female",193845,0.7,19,7,1,0.505926433146455
"956",956,"Judith","Arnold","jarnoldqj@rakuten.co.jp","Female",87596,0.1,11,3,1,0.549314650660286
"957",957,"Barbara","Owens","bowensqk@chronoengine.com","Female",420763,0.6,15,11,1,0.466471100356374
"958",958,"Andrew","James","ajamesql@pcworld.com","Male",324377,0.2,19,8,0,0.515777159017839
"959",959,"Shawn","Fox","sfoxqm@china.com.cn","Male",253000,0.6,11,11,0,0.460121203865401
"960",960,"Gregory","Barnes","gbarnesqn@uol.com.br","Male",412236,0.8,13,3,0,0.523915591238818
"961",961,"Victor","Robertson","vrobertsonqo@webs.com","Male",322486,0.7,17,6,1,0.50998050860794
"962",962,"Ann","Morris","amorrisqp@ovh.net","Female",128725,0.2,15,3,1,0.552623786448919
"963",963,"Matthew","George","mgeorgeqq@columbia.edu","Male",258980,0.4,15,4,0,0.535459089417519
"964",964,"Carlos","Adams","cadamsqr@adobe.com","Male",497387,0.2,5,11,0,0.462827326180393
"965",965,"Annie","Rice","ariceqs@bloglines.com","Female",467915,0.4,7,4,0,0.519238700426748
"966",966,"Howard","Garza","hgarzaqt@illinois.edu","Male",208524,0.8,15,8,1,0.485933989831032
"967",967,"Jacqueline","Diaz","jdiazqu@prweb.com","Female",402682,0.3,7,3,0,0.532123349922283
"968",968,"Deborah","Jenkins","djenkinsqv@va.gov","Female",182936,0.5,16,9,1,0.490933687068265
"969",969,"Steven","Richards","srichardsqw@g.co","Male",178589,0.4,16,7,0,0.512027872845028
"970",970,"Doris","Peterson","dpetersonqx@php.net","Female",347194,0.2,14,3,1,0.549352449705144
"971",971,"Joyce","Parker","jparkerqy@europa.eu","Female",456255,0.5,17,7,1,0.508231497358584
"972",972,"Joe","Smith","jsmithqz@abc.net.au","Male",223735,0.4,18,9,0,0.498246817562413
"973",973,"Marilyn","Brooks","mbrooksr0@ebay.co.uk","Female",326605,0.7,7,4,0,0.508573633725539
"974",974,"Maria","Walker","mwalkerr1@gov.uk","Female",245749,0.9,20,5,0,0.516936754029486
"975",975,"Jane","Mason","jmasonr2@mayoclinic.com","Female",130258,0.1,7,8,1,0.498587915196105
"976",976,"Maria","Harrison","mharrisonr3@answers.com","Female",212104,0.3,8,12,0,0.457785199449262
"977",977,"Steven","Elliott","selliottr4@examiner.com","Male",483111,0.3,9,7,1,0.500907672375459
"978",978,"Kathy","Holmes","kholmesr5@wordpress.org","Female",445728,0.8,19,10,1,0.474628391454488
"979",979,"Shirley","Phillips","sphillipsr6@si.edu","Female",285150,0.5,6,11,1,0.454479559521829
"980",980,"Lillian","Hunt","lhuntr7@aol.com","Female",56110,0.7,18,12,1,0.461942196253163
"981",981,"Nicole","Hicks","nhicksr8@google.nl","Female",461012,0.7,10,5,1,0.504677307756617
"982",982,"Billy","George","bgeorger9@house.gov","Male",343634,0.4,6,10,1,0.466564229631469
"983",983,"Kathy","Fowler","kfowlerra@bloglines.com","Female",166861,0.9,8,12,0,0.434920137890765
"984",984,"Louis","Barnes","lbarnesrb@sphinn.com","Male",217639,0.3,6,8,0,0.488445016217623
"985",985,"Donna","Coleman","dcolemanrc@weibo.com","Female",170865,1,12,9,1,0.46427904428234
"986",986,"Kathleen","Gardner","kgardnerrd@census.gov","Female",194790,0.7,6,10,1,0.455947879312757
"987",987,"Amy","Myers","amyersre@wufoo.com","Female",287085,0.8,18,3,0,0.534018201045766
"988",988,"Rose","Dixon","rdixonrf@addtoany.com","Female",101983,0.7,11,9,0,0.474444583801413
"989",989,"Alice","Howell","ahowellrg@jigsy.com","Female",461975,0.4,14,8,0,0.49787486035531
"990",990,"Dennis","Duncan","dduncanrh@go.com","Male",90609,0.6,6,9,0,0.469084374529752
"991",991,"Philip","Garza","pgarzari@patch.com","Male",461898,0.3,5,5,0,0.510816628839097
"992",992,"Ernest","Henderson","ehendersonrj@gov.uk","Male",249840,0.6,17,12,0,0.462690428941176
"993",993,"Gregory","Mccoy","gmccoyrk@patch.com","Male",261053,0.9,17,9,0,0.476848830147432
"994",994,"Donna","Campbell","dcampbellrl@ted.com","Female",428713,0.7,18,12,1,0.459532869166968
"995",995,"Roy","Hernandez","rhernandezrm@i2i.jp","Male",317803,0.7,18,6,0,0.511869461419086
"996",996,"Antonio","Wright","awrightrn@weibo.com","Male",95827,0.1,11,4,0,0.540658189742873
"997",997,"Arthur","Burke","aburkero@statcounter.com","Male",199740,0.6,18,10,0,0.482079532529966
"998",998,"Jack","Morris","jmorrisrp@flickr.com","Male",94667,0.1,16,9,1,0.506942860471053
"999",999,"Denise","Oliver","doliverrq@epa.gov","Female",78050,0.7,14,9,1,0.480175354197234
"1000",1000,"Peter","Richardson","prichardsonrr@google.ca","Male",292053,0.6,9,8,1,0.481961048810564
